scorer,DLC_resnet50_KF_FullMay24shuffle1_50000,DLC_resnet50_KF_FullMay24shuffle1_50000,DLC_resnet50_KF_FullMay24shuffle1_50000,DLC_resnet50_KF_FullMay24shuffle1_50000,DLC_resnet50_KF_FullMay24shuffle1_50000,DLC_resnet50_KF_FullMay24shuffle1_50000,DLC_resnet50_KF_FullMay24shuffle1_50000,DLC_resnet50_KF_FullMay24shuffle1_50000,DLC_resnet50_KF_FullMay24shuffle1_50000,DLC_resnet50_KF_FullMay24shuffle1_50000,DLC_resnet50_KF_FullMay24shuffle1_50000,DLC_resnet50_KF_FullMay24shuffle1_50000,DLC_resnet50_KF_FullMay24shuffle1_50000,DLC_resnet50_KF_FullMay24shuffle1_50000,DLC_resnet50_KF_FullMay24shuffle1_50000
individuals,individual1,individual1,individual1,individual1,individual1,individual1,individual1,individual1,individual1,individual1,individual1,individual1,individual1,individual1,individual1
bodyparts,Tail,Tail,Tail,Body1,Body1,Body1,Body2,Body2,Body2,Body3,Body3,Body3,Head,Head,Head
coords,x,y,likelihood,x,y,likelihood,x,y,likelihood,x,y,likelihood,x,y,likelihood
0,893.624,1572.544,0.8190000057220459,844.53,1586.234,0.9850000143051147,827.754,1602.9,0.6430000066757202,804.39,1612.701,0.7739999890327454,132.69,796.168,0.9850000143051147
1,893.785,1572.849,0.7329999804496765,844.53,1587.355,0.9919999837875366,827.969,1602.931,0.8510000109672546,804.539,1612.701,0.8529999852180481,772.849,1645.053,0.9890000224113464
2,893.785,1573.194,0.30799999833106995,845.567,1587.492,0.9319999814033508,827.991,1602.931,0.8820000290870667,804.659,1612.701,0.8880000114440918,775.377,1645.132,0.9950000047683716
3,893.624,1579.318,0.675000011920929,845.567,1587.783,0.9459999799728394,827.991,1602.931,0.5540000200271606,804.539,1612.701,0.7870000004768372,779.54,1645.86,0.9980000257492065
4,893.624,1579.456,0.1379999965429306,846.045,1587.783,0.972000002861023,827.991,1603.06,0.4560000002384186,804.659,1612.496,0.8270000219345093,779.685,1645.86,0.996999979019165
5,893.212,1579.6,0.1720000058412552,846.131,1587.783,0.9879999756813049,827.969,1602.936,0.27900001406669617,804.659,1612.496,0.8019999861717224,779.715,1645.86,0.9950000047683716
6,893.181,1586.576,0.1420000046491623,851.165,1587.741,0.9919999837875366,827.991,1602.936,0.6000000238418579,804.48,1612.604,0.7699999809265137,779.715,1645.86,0.9980000257492065
7,893.036,1586.576,0.12200000137090683,851.844,1587.741,0.9950000047683716,828.522,1602.936,0.5519999861717224,804.48,1612.857,0.8849999904632568,780.032,1645.659,0.9990000128746033
8,892.986,1579.807,0.07100000232458115,853.216,1587.741,0.9990000128746033,828.522,1612.172,0.3880000114440918,804.48,1612.857,0.8610000014305115,780.032,1645.659,0.996999979019165
9,892.986,1579.6,0.24799999594688416,854.472,1587.81,1.0,828.041,1602.936,0.7599999904632568,804.48,1619.365,0.9520000219345093,780.028,1645.619,0.9980000257492065
10,892.514,1578.975,0.3009999990463257,854.472,1592.149,0.9990000128746033,828.041,1611.769,0.33500000834465027,804.451,1620.121,0.9020000100135803,780.026,1645.386,0.9990000128746033
11,892.986,1578.975,0.3449999988079071,853.9,1593.875,1.0,828.041,1611.769,0.8059999942779541,804.451,1620.216,0.9539999961853027,780.026,1645.386,0.996999979019165
12,899.026,1578.975,0.382999986410141,853.9,1594.173,1.0,827.919,1611.769,0.800000011920929,804.451,1620.216,0.9089999794960022,779.767,1645.259,0.9990000128746033
13,899.026,1579.148,0.17599999904632568,853.9,1594.942,1.0,827.91,1611.769,0.9340000152587891,804.54,1620.573,0.9380000233650208,779.505,1644.883,0.996999979019165
14,892.032,1579.148,0.02800000086426735,853.725,1596.197,0.9980000257492065,827.91,1611.838,0.9710000157356262,804.54,1620.684,0.9819999933242798,773.452,1644.883,0.9980000257492065
15,892.55,1579.66,0.12999999523162842,853.725,1596.197,1.0,827.846,1611.924,0.8899999856948853,805.033,1621.371,0.9850000143051147,773.452,1645.063,1.0
16,891.762,1579.927,0.11299999803304672,853.725,1596.458,0.9990000128746033,827.83,1611.924,0.9279999732971191,805.033,1621.709,0.984000027179718,772.625,1645.063,0.9980000257492065
17,891.762,1588.989,0.3019999861717224,853.725,1596.458,0.9959999918937683,827.83,1611.924,0.9350000023841858,805.131,1627.085,0.9779999852180481,771.691,1648.015,0.9990000128746033
18,892.55,1594.85,0.6850000023841858,852.329,1595.866,0.9980000257492065,827.83,1611.924,0.9279999732971191,805.131,1627.119,0.9869999885559082,771.691,1648.451,0.9980000257492065
19,892.635,1594.931,0.7490000128746033,852.329,1595.375,0.9990000128746033,827.584,1611.92,0.9480000138282776,804.896,1627.556,0.9449999928474426,771.691,1648.473,0.9850000143051147
20,892.802,1595.004,0.8510000109672546,851.172,1595.375,0.9990000128746033,827.83,1611.899,0.8339999914169312,804.834,1627.666,0.9319999814033508,771.349,1648.802,0.9980000257492065
21,892.802,1595.004,0.7540000081062317,850.859,1595.375,0.9990000128746033,827.876,1603.134,0.9879999756813049,804.834,1627.666,0.9769999980926514,771.349,1649.245,1.0
22,892.872,1595.136,0.8980000019073486,846.704,1596.827,0.9879999756813049,827.653,1603.134,0.9660000205039978,804.834,1627.809,0.9879999756813049,771.349,1649.257,0.9980000257492065
23,892.955,1595.308,0.781000018119812,845.921,1599.47,0.9940000176429749,827.653,1603.134,0.9940000176429749,804.533,1627.907,0.9509999752044678,764.075,1649.657,0.9940000176429749
24,892.955,1595.308,0.3070000112056732,845.921,1600.18,0.9990000128746033,827.653,1603.329,0.5569999814033508,804.236,1627.666,0.7459999918937683,764.0,1649.763,0.9919999837875366
25,892.977,1595.308,0.20399999618530273,846.212,1601.695,0.9990000128746033,827.251,1603.464,0.6069999933242798,804.051,1627.869,0.7620000243186951,763.63,1650.361,0.9929999709129333
26,899.062,1594.901,0.9319999814033508,846.212,1601.824,1.0,827.026,1612.707,0.8059999942779541,803.989,1627.869,0.9750000238418579,763.335,1650.81,0.9959999918937683
27,899.062,1594.901,0.8759999871253967,846.212,1602.435,1.0,821.401,1612.471,0.5509999990463257,803.989,1627.867,0.8740000128746033,763.335,1651.618,0.9909999966621399
28,899.082,1594.901,0.4410000145435333,848.863,1602.435,1.0,821.225,1612.58,0.8830000162124634,803.989,1627.867,0.9330000281333923,763.335,1651.896,0.9890000224113464
29,900.564,1594.901,0.4189999997615814,849.453,1604.041,0.9990000128746033,820.66,1612.707,0.9020000100135803,803.737,1627.869,0.9869999885559082,772.712,1652.029,0.9980000257492065
30,900.856,1594.839,0.1469999998807907,851.362,1604.041,1.0,820.638,1612.707,0.9610000252723694,803.737,1627.867,0.8519999980926514,774.137,1652.029,0.9980000257492065
31,900.564,1594.62,0.30000001192092896,851.362,1604.02,1.0,820.372,1612.759,0.8999999761581421,803.87,1627.924,0.8009999990463257,774.216,1659.686,1.0
32,900.564,1594.59,0.19300000369548798,851.362,1604.02,1.0,820.372,1613.095,0.9750000238418579,803.737,1628.277,0.9100000262260437,774.216,1659.774,0.9990000128746033
33,893.145,1594.59,0.1379999965429306,850.581,1604.02,1.0,820.372,1613.127,0.9559999704360962,803.87,1628.277,0.890999972820282,774.216,1659.776,0.9990000128746033
34,893.145,1594.59,0.4580000042915344,846.921,1604.02,0.9990000128746033,821.005,1613.23,0.8320000171661377,803.87,1628.089,0.8790000081062317,765.009,1660.399,0.9919999837875366
35,893.145,1595.005,0.6759999990463257,846.921,1604.02,0.9990000128746033,821.005,1613.26,0.9190000295639038,803.478,1628.089,0.902999997138977,764.374,1660.399,0.9919999837875366
36,893.145,1595.67,0.7390000224113464,846.921,1604.656,0.9990000128746033,821.005,1613.487,0.9330000281333923,803.478,1627.79,0.984000027179718,764.374,1660.399,0.9959999918937683
37,893.216,1595.67,0.550000011920929,850.039,1607.979,1.0,821.005,1613.535,0.9710000157356262,804.04,1627.79,0.984000027179718,764.359,1660.339,0.996999979019165
38,893.216,1595.678,0.17499999701976776,850.484,1611.525,1.0,820.684,1613.718,0.8809999823570251,803.478,1627.702,0.9850000143051147,763.292,1660.137,0.9990000128746033
39,893.216,1595.716,0.03200000151991844,850.484,1611.525,0.9990000128746033,819.696,1613.718,0.9800000190734863,803.478,1627.698,0.953000009059906,763.292,1659.974,0.9919999837875366
40,900.104,1595.716,0.09799999743700027,850.508,1611.79,1.0,819.696,1617.442,0.9380000233650208,802.858,1627.698,0.9480000138282776,770.255,1658.649,0.9860000014305115
41,,,,850.757,1611.79,1.0,819.696,1618.9,0.9739999771118164,794.8,1627.976,0.9589999914169312,763.362,1659.926,1.0
42,3.771,1235.865,0.032999999821186066,851.122,1612.853,1.0,820.57,1618.9,0.9919999837875366,794.786,1628.032,0.9980000257492065,763.362,1659.75,0.9990000128746033
43,,,,851.122,1614.401,1.0,820.57,1618.9,0.9929999709129333,794.609,1635.663,0.9390000104904175,769.676,1658.649,0.9959999918937683
44,,,,851.372,1614.401,0.9959999918937683,820.57,1619.905,0.9929999709129333,794.609,1635.663,0.9909999966621399,769.676,1658.649,0.9890000224113464
45,,,,851.619,1614.401,0.9800000190734863,819.371,1620.506,0.9959999918937683,794.233,1636.092,0.984000027179718,763.513,1652.797,1.0
46,3.755,1235.947,0.023000000044703484,851.642,1614.43,0.9629999995231628,819.358,1620.506,0.9980000257492065,794.171,1635.851,0.9950000047683716,763.513,1652.685,1.0
47,,,,851.619,1618.766,0.968999981880188,818.054,1620.685,0.9950000047683716,794.171,1636.553,0.9959999918937683,763.83,1652.685,0.9980000257492065
48,3.974,1228.295,0.028999999165534973,859.004,1619.015,0.984000027179718,813.545,1620.952,0.9950000047683716,794.171,1636.553,0.9629999995231628,763.513,1652.685,0.9940000176429749
49,,,,852.507,1619.357,0.9919999837875366,813.403,1621.344,0.9919999837875366,794.171,1637.362,0.9819999933242798,763.206,1653.203,0.9990000128746033
50,,,,852.507,1619.357,0.9919999837875366,812.701,1627.967,0.9430000185966492,794.177,1642.639,0.9700000286102295,760.426,1653.203,0.9980000257492065
51,,,,850.642,1621.972,0.9990000128746033,812.687,1628.014,0.9940000176429749,794.177,1642.743,0.9980000257492065,760.426,1653.203,0.9980000257492065
52,,,,852.501,1622.709,0.9990000128746033,812.171,1628.072,0.9940000176429749,794.326,1642.825,0.9980000257492065,759.415,1652.499,0.996999979019165
53,,,,852.501,1627.848,0.9629999995231628,812.088,1628.37,0.9940000176429749,794.326,1642.825,0.996999979019165,123.153,804.53,0.9900000095367432
54,,,,852.501,1628.716,0.9950000047683716,812.088,1628.555,0.9919999837875366,794.326,1642.963,0.9919999837875366,123.153,804.53,0.9879999756813049
55,,,,892.684,1628.752,0.984000027179718,812.171,1629.041,0.9959999918937683,794.326,1643.253,0.984000027179718,123.153,804.53,0.9909999966621399
56,891.775,1579.904,0.06800000369548798,898.598,1629.067,0.9980000257492065,812.088,1629.041,0.9940000176429749,794.453,1643.571,0.9020000100135803,740.434,1660.295,0.9959999918937683
57,,,,898.598,1629.322,0.996999979019165,812.088,1629.919,0.9909999966621399,794.453,1643.657,0.9860000014305115,740.434,1660.304,0.9909999966621399
58,892.252,1595.36,0.15600000321865082,898.598,1634.62,0.9940000176429749,811.759,1634.104,0.9700000286102295,794.194,1643.664,0.9430000185966492,740.928,1666.992,0.9959999918937683
59,892.252,1595.483,0.05999999865889549,884.824,1635.323,0.9660000205039978,811.435,1634.837,0.6600000262260437,790.8,1643.727,0.7570000290870667,741.28,1668.151,0.9929999709129333
60,899.389,1644.342,0.25699999928474426,835.142,1635.87,0.9950000047683716,810.936,1634.893,0.9589999914169312,790.258,1643.739,0.9819999933242798,740.434,1668.151,0.9879999756813049
61,899.705,1644.482,0.07900000363588333,834.954,1637.225,0.9869999885559082,805.667,1636.303,0.9879999756813049,790.014,1651.11,0.9929999709129333,741.438,1668.275,0.9879999756813049
62,,,,834.456,1637.842,0.9959999918937683,805.406,1644.45,0.8889999985694885,790.014,1651.11,0.9380000233650208,747.944,1668.911,0.9890000224113464
63,,,,831.585,1645.887,0.9980000257492065,805.406,1644.601,0.8629999756813049,789.784,1651.218,0.9240000247955322,747.944,1668.684,0.9940000176429749
64,,,,831.177,1647.598,0.9990000128746033,805.28,1644.714,0.9639999866485596,789.784,1651.321,0.949999988079071,747.946,1668.684,0.9869999885559082
65,,,,830.819,1650.163,0.9990000128746033,804.616,1644.726,0.7250000238418579,789.641,1651.563,0.9190000295639038,755.507,1668.911,0.9980000257492065
66,,,,830.819,1654.386,1.0,802.603,1651.936,0.9850000143051147,789.305,1652.442,0.9909999966621399,755.507,1668.684,1.0
67,,,,830.819,1654.821,1.0,802.603,1651.936,0.9800000190734863,789.305,1652.442,0.9729999899864197,755.509,1668.38,1.0
68,,,,908.25,1656.04,0.9990000128746033,802.369,1652.618,0.9919999837875366,789.292,1659.24,0.9959999918937683,755.507,1666.926,0.9990000128746033
69,780.443,1595.913,0.05900000035762787,908.25,1658.378,0.9990000128746033,797.445,1653.174,0.9909999966621399,787.949,1659.294,0.9879999756813049,755.158,1667.65,1.0
70,780.484,1596.05,0.054999999701976776,908.883,1662.279,1.0,797.127,1653.896,0.9950000047683716,778.223,1659.294,0.984000027179718,748.365,1667.65,1.0
71,860.305,1659.908,0.07400000095367432,908.691,1664.122,0.9990000128746033,796.671,1659.908,0.9890000224113464,778.165,1659.331,0.9419999718666077,748.365,1667.65,0.9990000128746033
72,867.312,1667.419,0.15399999916553497,908.691,1664.122,0.9900000095367432,795.846,1660.35,0.8820000290870667,778.165,1659.424,0.7789999842643738,747.479,1667.65,1.0
73,868.456,1689.845,0.09099999815225601,908.691,1675.558,0.9950000047683716,795.846,1660.499,0.796999990940094,778.128,1659.424,0.6790000200271606,747.392,1667.65,0.9990000128746033
74,867.768,1690.194,0.8949999809265137,908.691,1675.575,0.9739999771118164,795.794,1660.542,0.9589999914169312,771.558,1659.521,0.6230000257492065,741.891,1667.519,1.0
75,868.456,1691.359,0.9959999918937683,908.691,1677.046,0.9330000281333923,795.46,1661.058,0.5220000147819519,348.593,1907.624,0.597000002861023,738.988,1667.196,1.0
76,870.019,1691.757,0.9179999828338623,820.351,1677.046,0.8529999852180481,795.438,1667.508,0.7419999837875366,348.593,1908.276,0.48100000619888306,738.533,1666.848,1.0
77,870.019,1691.757,0.7549999952316284,820.351,1677.046,0.9800000190734863,795.298,1667.508,0.17399999499320984,348.593,1908.276,0.39100000262260437,738.533,1666.194,0.9990000128746033
78,867.768,1691.757,0.8090000152587891,819.925,1676.698,0.9210000038146973,795.176,1667.508,0.5009999871253967,355.73,1908.276,0.531000018119812,738.988,1666.162,1.0
79,846.334,1676.133,0.9459999799728394,812.153,1676.486,0.9350000023841858,794.906,1667.48,0.7990000247955322,355.73,1907.846,0.6349999904632568,739.899,1666.162,1.0
80,845.386,1665.83,0.996999979019165,812.012,1668.225,0.9869999885559082,794.882,1667.364,0.8410000205039978,757.256,1653.053,0.6809999942779541,740.964,1666.162,0.9990000128746033
81,844.414,1665.83,0.984000027179718,811.948,1668.219,0.9879999756813049,794.833,1666.519,0.9470000267028809,757.256,1653.053,0.4580000042915344,743.052,1667.887,0.9950000047683716
82,844.256,1665.83,0.9860000014305115,811.948,1668.219,0.8939999938011169,794.419,1666.461,0.925000011920929,746.349,1654.657,0.6660000085830688,743.052,1668.191,0.9990000128746033
83,829.698,1676.111,0.9929999709129333,806.461,1668.219,0.9660000205039978,789.279,1660.683,0.6499999761581421,356.586,1907.748,0.5730000138282776,743.052,1668.311,0.9990000128746033
84,829.341,1676.76,0.949999988079071,805.878,1676.271,0.7929999828338623,789.159,1660.562,0.6499999761581421,356.586,1906.705,0.8009999990463257,741.623,1668.311,1.0
85,827.734,1682.089,0.9739999771118164,804.051,1676.785,0.9419999718666077,788.797,1660.479,0.33500000834465027,349.466,1906.705,0.8450000286102295,740.953,1668.311,1.0
86,813.482,1685.684,0.9399999976158142,803.435,1676.874,0.6380000114440918,779.879,1659.908,0.19699999690055847,349.466,1906.484,0.746999979019165,740.698,1668.311,1.0
87,813.099,1691.263,0.9959999918937683,796.405,1683.262,0.9089999794960022,772.429,1651.482,0.1940000057220459,349.312,1906.705,0.871999979019165,740.775,1668.574,1.0
88,813.099,1691.263,0.9959999918937683,796.405,1683.862,0.8370000123977661,772.323,1651.475,0.6019999980926514,349.466,1906.484,0.8090000152587891,740.698,1668.921,1.0
89,813.099,1691.263,0.9850000143051147,803.435,1683.862,0.9589999914169312,772.269,1651.475,0.30399999022483826,745.763,1654.379,0.6919999718666077,740.278,1668.921,1.0
90,812.993,1691.451,0.8769999742507935,803.958,1683.862,0.9810000061988831,772.323,1651.475,0.4620000123977661,746.275,1654.097,0.8989999890327454,740.106,1668.676,1.0
91,812.98,1692.226,0.8519999980926514,803.958,1683.423,0.984000027179718,772.213,1651.544,0.21199999749660492,745.763,1654.097,0.5680000185966492,739.803,1669.0,0.9990000128746033
92,812.98,1692.478,0.8849999904632568,804.201,1683.423,0.9739999771118164,772.323,1651.544,0.17900000512599945,745.886,1653.859,0.7300000190734863,738.91,1669.0,0.9990000128746033
93,812.98,1692.478,0.7730000019073486,804.251,1683.423,0.9670000076293945,772.213,1651.544,0.20900000631809235,745.886,1653.655,0.8069999814033508,738.91,1668.704,0.9959999918937683
94,812.971,1692.478,0.7620000243186951,804.251,1684.371,0.9769999980926514,764.012,1651.466,0.382999986410141,745.385,1653.144,0.9459999799728394,732.721,1668.676,0.996999979019165
95,812.971,1692.308,0.9670000076293945,803.821,1684.371,0.9269999861717224,764.012,1651.338,0.3019999861717224,745.385,1651.966,0.9900000095367432,732.704,1667.878,1.0
96,813.224,1692.152,0.7540000081062317,804.619,1684.371,0.7179999947547913,772.133,1651.338,0.3319999873638153,745.385,1651.966,0.9929999709129333,732.379,1667.878,0.9990000128746033
97,813.91,1692.032,0.6190000176429749,804.352,1684.364,0.8569999933242798,772.133,1651.338,0.8539999723434448,745.187,1651.966,0.9980000257492065,732.379,1667.878,1.0
98,813.197,1684.784,0.765999972820282,803.503,1684.047,0.9789999723434448,772.133,1651.338,0.878000020980835,745.146,1651.913,0.9980000257492065,732.379,1668.088,1.0
99,813.197,1684.601,0.8220000267028809,803.503,1683.996,0.9750000238418579,772.133,1651.443,0.7590000033378601,745.039,1651.913,0.9829999804496765,732.439,1668.088,0.9990000128746033
100,813.903,1684.076,0.9700000286102295,803.535,1683.827,0.8569999933242798,772.096,1651.443,0.8080000281333923,744.714,1651.656,0.9959999918937683,732.482,1668.206,1.0
101,813.577,1683.985,0.9750000238418579,803.535,1683.827,0.7139999866485596,772.096,1651.443,0.8339999914169312,744.714,1651.656,0.996999979019165,732.482,1668.206,1.0
102,813.577,1683.985,0.9539999961853027,803.269,1683.827,0.921999990940094,772.096,1651.443,0.8709999918937683,744.67,1651.656,0.9929999709129333,732.567,1668.206,1.0
103,813.903,1683.985,0.9440000057220459,802.689,1682.883,0.9290000200271606,772.971,1651.478,0.8650000095367432,744.587,1652.271,0.9290000200271606,732.535,1668.003,1.0
104,909.158,1752.72,0.9629999995231628,802.689,1682.267,0.8949999809265137,779.516,1651.478,0.9470000267028809,744.587,1652.271,0.996999979019165,732.535,1667.481,1.0
105,909.158,1752.72,0.9580000042915344,797.092,1662.016,0.9100000262260437,779.643,1651.478,0.9789999723434448,744.847,1652.271,0.9990000128746033,732.144,1667.295,1.0
106,909.158,1752.72,0.9300000071525574,796.908,1660.192,0.8309999704360962,779.516,1651.446,0.9739999771118164,744.709,1652.271,1.0,731.851,1666.182,1.0
107,813.927,1676.518,0.9409999847412109,787.914,1659.815,0.9100000262260437,779.516,1651.317,0.9340000152587891,744.847,1652.144,0.996999979019165,731.772,1665.712,1.0
108,813.927,1675.763,0.9739999771118164,787.754,1653.829,0.9480000138282776,774.084,1651.303,0.9850000143051147,744.847,1651.772,0.9950000047683716,731.583,1665.242,1.0
109,813.438,1675.763,0.9950000047683716,787.027,1653.195,0.972000002861023,773.5,1651.303,0.9890000224113464,744.709,1651.772,0.9710000157356262,731.478,1665.242,1.0
110,813.438,1675.763,0.9950000047683716,786.178,1652.342,0.9959999918937683,772.862,1650.453,0.9990000128746033,744.563,1651.374,0.9990000128746033,731.422,1665.242,1.0
111,813.541,1668.416,0.9769999980926514,779.922,1645.789,0.9919999837875366,772.862,1649.838,0.996999979019165,743.263,1651.01,0.9990000128746033,731.422,1665.242,1.0
112,813.541,1668.007,0.9890000224113464,780.35,1645.789,0.9890000224113464,772.462,1648.937,0.9990000128746033,742.825,1650.065,1.0,730.105,1663.332,1.0
113,813.025,1667.373,0.9890000224113464,779.922,1645.081,0.9959999918937683,772.163,1648.937,0.9990000128746033,742.825,1649.605,1.0,730.105,1663.201,1.0
114,737.838,1596.956,0.9900000095367432,779.336,1644.728,0.9940000176429749,771.952,1647.967,0.9990000128746033,742.206,1643.784,1.0,728.893,1662.575,1.0
115,734.32,1596.956,0.9980000257492065,761.491,1612.681,0.9750000238418579,765.446,1643.895,0.9700000286102295,741.63,1643.469,0.9990000128746033,729.483,1662.451,1.0
116,733.911,1596.956,0.9990000128746033,761.183,1612.681,0.9760000109672546,765.446,1643.895,0.9919999837875366,741.63,1643.305,1.0,730.105,1661.892,1.0
117,733.911,1597.556,0.996999979019165,761.183,1612.681,0.9869999885559082,765.446,1643.895,0.9779999852180481,745.549,1643.305,1.0,730.726,1661.892,1.0
118,733.911,1597.556,0.9919999837875366,761.333,1613.012,0.9850000143051147,773.175,1645.57,0.9850000143051147,744.541,1643.305,0.9990000128746033,730.726,1662.206,1.0
119,734.47,1597.556,0.9629999995231628,761.364,1613.373,0.9760000109672546,773.186,1645.667,0.9580000042915344,744.541,1643.415,0.996999979019165,731.603,1662.451,1.0
120,738.172,1597.099,0.9179999828338623,761.333,1613.373,0.9710000157356262,773.303,1645.667,0.9670000076293945,745.515,1643.415,0.9980000257492065,731.603,1662.206,1.0
121,738.183,1597.099,0.6980000138282776,761.333,1613.373,0.9900000095367432,773.497,1645.678,0.9440000057220459,745.515,1643.592,0.9980000257492065,731.603,1662.46,1.0
122,738.21,1596.619,0.9139999747276306,761.364,1604.89,0.996999979019165,773.334,1645.667,0.9660000205039978,745.471,1643.592,0.9950000047683716,731.603,1662.46,1.0
123,739.042,1588.636,0.9190000295639038,761.306,1604.228,0.996999979019165,774.146,1645.667,0.9649999737739563,745.515,1643.409,0.9919999837875366,731.603,1662.46,1.0
124,739.782,1588.461,0.9919999837875366,761.306,1603.289,0.9980000257492065,774.151,1645.628,0.9129999876022339,745.544,1642.911,0.996999979019165,731.816,1662.356,1.0
125,740.675,1588.461,0.9259999990463257,761.454,1603.165,0.9959999918937683,774.151,1645.628,0.9490000009536743,745.544,1642.845,0.9950000047683716,731.887,1662.356,1.0
126,740.675,1587.63,0.9990000128746033,762.007,1603.289,1.0,773.334,1645.085,0.9810000061988831,745.544,1642.685,0.9990000128746033,732.194,1662.21,1.0
127,741.646,1586.35,1.0,763.348,1603.289,1.0,774.151,1636.598,0.9850000143051147,745.544,1642.254,1.0,732.194,1661.745,1.0
128,742.596,1586.35,0.9980000257492065,770.006,1603.875,0.9990000128746033,773.189,1635.363,0.9350000023841858,745.544,1642.254,0.9919999837875366,731.887,1661.745,1.0
129,742.934,1585.703,0.9990000128746033,770.609,1604.677,1.0,773.189,1635.363,0.9660000205039978,745.567,1642.49,0.9940000176429749,728.428,1661.714,1.0
130,748.161,1585.703,0.9990000128746033,772.24,1604.677,1.0,779.551,1636.04,0.9829999804496765,745.685,1642.49,0.9980000257492065,728.428,1661.714,1.0
131,748.479,1585.703,0.9990000128746033,772.421,1603.875,0.9990000128746033,779.558,1636.04,0.9089999794960022,745.567,1642.44,0.9990000128746033,728.428,1661.714,1.0
132,748.479,1585.703,1.0,773.617,1602.564,1.0,779.958,1635.598,0.8370000123977661,745.567,1642.44,0.9990000128746033,732.143,1661.714,1.0
133,748.479,1583.633,0.9990000128746033,773.88,1601.501,1.0,779.958,1635.598,0.8100000023841858,745.467,1639.632,0.9990000128746033,732.271,1661.121,1.0
134,748.66,1582.343,0.9940000176429749,776.878,1600.348,0.9990000128746033,780.097,1635.598,0.9269999861717224,745.467,1638.886,1.0,732.557,1660.465,1.0
135,748.66,1582.051,0.9980000257492065,777.137,1598.801,0.9990000128746033,780.203,1635.598,0.9620000123977661,745.467,1638.886,0.9990000128746033,732.562,1660.43,1.0
136,748.66,1581.825,0.996999979019165,777.656,1598.497,1.0,780.241,1636.11,0.925000011920929,756.774,1639.632,0.9980000257492065,732.562,1660.43,1.0
137,749.516,1581.817,0.9929999709129333,778.071,1598.497,0.9990000128746033,788.232,1636.11,0.9890000224113464,756.936,1639.632,0.9710000157356262,732.557,1652.775,0.9980000257492065
138,753.82,1581.607,0.7590000033378601,778.071,1598.801,0.9729999899864197,788.232,1636.11,0.9919999837875366,757.039,1637.344,0.9890000224113464,732.464,1652.626,0.996999979019165
139,755.809,1580.299,0.9789999723434448,779.402,1598.816,0.9679999947547913,788.232,1636.004,0.9900000095367432,757.039,1637.294,0.9990000128746033,732.365,1651.258,0.9990000128746033
140,758.113,1578.61,0.996999979019165,787.722,1603.858,0.9760000109672546,788.232,1635.916,0.8920000195503235,757.039,1636.473,0.9879999756813049,732.365,1650.131,1.0
141,763.347,1578.61,0.9990000128746033,788.468,1604.596,0.9909999966621399,788.232,1635.916,0.9390000104904175,757.039,1636.473,0.9890000224113464,732.365,1650.131,1.0
142,763.818,1578.61,0.9900000095367432,795.377,1613.999,0.9430000185966492,780.363,1635.916,0.9750000238418579,757.039,1636.473,0.984000027179718,732.365,1649.746,1.0
143,833.871,1673.639,0.996999979019165,803.79,1644.96,0.9729999899864197,780.384,1643.465,0.9850000143051147,757.172,1636.601,0.9919999837875366,732.476,1650.131,1.0
144,833.871,1673.936,0.9950000047683716,804.242,1651.075,0.9869999885559082,788.047,1643.763,0.9660000205039978,757.235,1637.05,0.9419999718666077,732.681,1650.562,0.9990000128746033
145,833.871,1674.249,0.9990000128746033,804.242,1651.075,0.9990000128746033,788.002,1644.824,0.9819999933242798,761.914,1641.432,0.9649999737739563,732.868,1651.041,1.0
146,833.871,1674.249,0.9980000257492065,805.34,1651.474,0.9990000128746033,788.002,1645.295,0.9909999966621399,762.001,1641.616,0.9869999885559082,736.259,1651.379,1.0
147,833.871,1673.639,0.9929999709129333,805.734,1652.2,0.9940000176429749,788.047,1645.384,0.9950000047683716,762.023,1641.948,0.9959999918937683,736.491,1651.379,1.0
148,843.152,1666.728,0.9900000095367432,811.859,1652.2,0.996999979019165,788.59,1645.62,0.9950000047683716,762.023,1641.948,0.9950000047683716,736.491,1651.379,1.0
149,844.667,1658.972,0.9940000176429749,811.859,1652.2,0.9679999947547913,789.647,1645.62,0.9629999995231628,762.2,1641.616,0.9750000238418579,736.259,1650.7,1.0
150,844.74,1658.866,0.996999979019165,805.734,1660.853,0.9929999709129333,789.647,1645.62,0.9890000224113464,762.2,1641.616,0.9789999723434448,732.319,1649.911,1.0
151,845.117,1658.972,0.996999979019165,811.859,1661.352,0.9819999933242798,789.078,1645.62,0.9319999814033508,762.2,1636.066,0.828000009059906,732.236,1649.631,1.0
152,845.82,1658.972,0.9929999709129333,812.283,1660.853,0.9829999804496765,789.811,1645.62,0.8379999995231628,762.003,1636.066,0.9470000267028809,732.236,1649.303,1.0
153,846.527,1668.183,0.9860000014305115,812.51,1660.853,0.9279999732971191,789.811,1645.214,0.8669999837875366,762.003,1636.066,0.9049999713897705,732.319,1648.269,0.9990000128746033
154,847.669,1668.183,0.9929999709129333,812.51,1660.996,0.9229999780654907,789.078,1645.009,0.8930000066757202,761.775,1636.244,0.8149999976158142,732.414,1648.269,0.9990000128746033
155,848.78,1668.269,0.9700000286102295,812.51,1660.996,0.9430000185966492,789.078,1645.008,0.9810000061988831,761.775,1636.672,0.9509999752044678,732.414,1648.269,0.9990000128746033
156,849.37,1668.42,0.9890000224113464,812.171,1660.593,0.9599999785423279,788.986,1644.878,0.8240000009536743,756.814,1636.672,0.9599999785423279,732.466,1650.129,1.0
157,850.643,1668.656,0.9549999833106995,804.662,1660.996,0.9900000095367432,779.82,1644.287,0.42800000309944153,756.257,1636.672,0.9679999947547913,732.414,1650.129,1.0
158,850.643,1674.796,0.8849999904632568,804.377,1661.889,0.9700000286102295,779.764,1644.287,0.4860000014305115,756.199,1636.672,0.7910000085830688,732.414,1650.129,1.0
159,849.724,1683.634,0.9340000152587891,804.281,1668.296,0.9810000061988831,779.448,1644.287,0.13600000739097595,756.199,1636.987,0.7720000147819519,732.228,1649.984,1.0
160,850.643,1684.16,0.9459999799728394,804.281,1668.457,0.9909999966621399,779.448,1900.05,0.04699999839067459,356.609,1907.402,0.6060000061988831,731.912,1649.85,1.0
161,850.907,1685.01,0.972000002861023,804.377,1668.488,0.9929999709129333,779.764,1908.544,0.05000000074505806,356.576,1907.852,0.5419999957084656,731.905,1649.137,1.0
162,850.907,1689.654,0.9610000252723694,804.35,1668.737,0.9950000047683716,867.789,1908.583,0.05999999865889549,355.887,1907.852,0.640999972820282,731.712,1649.112,1.0
163,852.043,1691.841,0.9990000128746033,804.585,1668.985,0.9940000176429749,867.791,1908.544,0.07199999690055847,355.887,1907.852,0.5070000290870667,731.711,1648.346,1.0
164,852.043,1692.202,0.9959999918937683,804.842,1670.101,0.9869999885559082,868.014,1900.071,0.07199999690055847,316.029,1907.688,0.6940000057220459,731.711,1648.346,1.0
165,876.85,1693.707,0.9990000128746033,805.79,1676.082,0.9869999885559082,867.791,1900.071,0.13099999725818634,316.029,1907.688,0.5040000081062317,731.711,1648.346,1.0
166,876.85,1697.354,0.9869999885559082,805.933,1676.427,0.9610000252723694,867.789,1900.021,0.04500000178813934,364.142,1907.393,0.5740000009536743,732.231,1648.747,1.0
167,852.043,1698.325,0.9829999804496765,805.933,1676.427,0.9670000076293945,788.253,1644.152,0.0430000014603138,364.142,1907.393,0.40400001406669617,732.451,1649.059,0.9990000128746033
168,848.082,1698.961,0.8939999938011169,810.742,1684.879,0.9070000052452087,788.253,1644.131,0.03700000047683716,179.815,1907.393,0.7139999866485596,736.857,1649.812,1.0
169,833.365,1739.733,0.9940000176429749,811.239,1685.457,0.5870000123977661,788.253,1644.131,0.03099999949336052,172.317,1907.624,0.7490000128746033,736.904,1650.387,1.0
170,830.104,1739.733,0.9959999918937683,819.978,1715.462,0.5360000133514404,1036.054,1644.131,0.03500000014901161,172.317,1908.004,0.4449999928474426,738.038,1650.734,1.0
171,821.386,1739.733,0.9959999918937683,909.002,1715.779,0.9990000128746033,,,,172.317,1908.297,0.3310000002384186,738.856,1652.975,0.9990000128746033
172,821.386,1739.733,0.9789999723434448,909.002,1724.433,0.9980000257492065,,,,364.316,1908.297,0.546999990940094,741.401,1653.152,0.9990000128746033
173,819.129,1739.733,0.9340000152587891,909.002,1724.433,0.9959999918937683,315.81,1908.127,0.017000000923871994,411.94,1908.112,0.4950000047683716,741.401,1659.222,1.0
174,819.129,1738.914,0.9909999966621399,908.881,1724.433,0.9750000238418579,,,,411.94,1908.112,0.47699999809265137,741.647,1659.36,1.0
175,819.129,1748.062,0.7540000081062317,906.942,1724.576,0.7609999775886536,,,,364.359,1908.112,0.5659999847412109,741.401,1659.827,0.9990000128746033
176,858.45,1754.324,0.9549999833106995,899.124,1725.937,0.9819999933242798,891.988,1915.723,0.02800000086426735,364.359,1907.996,0.7440000176429749,741.401,1659.827,0.9950000047683716
177,859.224,1754.421,0.3919999897480011,899.124,1725.937,0.5720000267028809,,,,364.359,1907.996,0.328000009059906,739.568,1659.409,0.9710000157356262
178,859.224,1754.421,0.9729999899864197,899.124,1727.259,0.9850000143051147,868.12,1900.102,0.07400000095367432,364.359,1915.848,0.39399999380111694,740.239,1659.409,0.9179999828338623
179,858.45,1763.936,0.8669999837875366,895.259,1732.251,0.9959999918937683,,,,436.677,1915.848,0.4410000145435333,732.297,1659.409,0.9670000076293945
180,843.022,1764.181,0.45500001311302185,895.259,1732.251,0.9990000128746033,915.415,1699.838,0.5070000290870667,436.677,1908.696,0.5230000019073486,740.239,1659.409,0.9039999842643738
181,843.022,1764.181,0.9470000267028809,893.497,1732.251,0.9990000128746033,915.415,1699.838,0.19200000166893005,428.249,1915.991,0.5759999752044678,740.239,1659.691,0.9430000185966492
182,836.797,1763.936,0.5979999899864197,892.806,1732.251,1.0,915.415,1699.838,0.28299999237060547,428.249,1908.696,0.6209999918937683,747.01,1659.92,0.9789999723434448
183,836.206,1756.602,0.5099999904632568,892.806,1726.17,0.9959999918937683,915.415,1699.838,0.31700000166893005,267.891,1908.332,0.4970000088214874,747.01,1660.154,0.9869999885559082
184,836.206,1756.529,0.26100000739097595,892.806,1709.738,0.9649999737739563,916.425,1699.838,0.14499999582767487,267.891,1908.25,0.5210000276565552,747.01,1660.309,0.9890000224113464
185,844.469,1732.011,0.4390000104904175,898.252,1700.389,0.9829999804496765,,,,267.891,1907.502,0.5839999914169312,747.01,1666.29,0.9959999918937683
186,844.406,1732.011,0.08500000089406967,898.252,1700.389,0.9929999709129333,,,,267.891,1907.127,0.5600000023841858,747.01,1666.374,0.9980000257492065
187,844.406,1732.011,0.4059999883174896,898.252,1700.389,0.9549999833106995,811.518,1660.036,0.06800000369548798,267.891,1907.502,0.8999999761581421,747.372,1666.374,0.9940000176429749
188,844.406,1732.011,0.4909999966621399,897.987,1701.834,0.996999979019165,811.527,1660.092,0.07599999755620956,267.966,1907.502,0.6389999985694885,755.883,1667.467,0.9980000257492065
189,837.169,1738.879,0.953000009059906,897.987,1701.834,0.9710000157356262,,,,267.966,1907.586,0.5669999718666077,757.036,1667.889,0.9980000257492065
190,813.585,1744.764,0.9559999704360962,897.987,1701.834,0.9919999837875366,811.454,1660.006,0.07100000232458115,267.994,1907.734,0.8100000023841858,757.201,1667.467,0.9959999918937683
191,813.585,1744.764,0.9649999737739563,898.122,1701.153,0.9900000095367432,811.467,1660.015,0.017000000923871994,267.966,1907.734,0.6110000014305115,757.226,1667.774,0.9909999966621399
192,813.585,1744.764,0.9350000023841858,898.122,1700.28,0.9990000128746033,932.021,1684.008,0.035999998450279236,267.966,1907.586,0.5529999732971191,757.31,1668.644,0.9950000047683716
193,813.722,1739.224,0.8519999980926514,898.122,1699.508,0.9869999885559082,939.543,1691.952,0.02199999988079071,843.768,1907.586,0.7910000085830688,763.541,1668.31,0.9879999756813049
194,813.722,1739.224,0.7129999995231628,898.122,1699.508,0.9240000247955322,,,,843.768,1907.665,0.5049999952316284,763.874,1667.932,0.9829999804496765
195,813.722,1739.224,0.9169999957084656,899.748,1691.507,0.9459999799728394,,,,794.084,1907.419,0.5630000233650208,764.124,1667.932,0.9800000190734863
196,812.562,1739.26,0.1589999943971634,835.598,1691.507,0.9399999976158142,822.911,1660.28,0.2630000114440918,802.939,1907.419,0.5699999928474426,764.211,1667.932,0.972000002861023
197,812.466,1739.936,0.7149999737739563,835.598,1691.418,0.8619999885559082,827.49,1660.325,0.949999988079071,802.939,1659.335,0.8240000009536743,773.244,1666.888,0.9990000128746033
198,812.466,1748.277,0.6119999885559082,835.598,1691.209,0.9139999747276306,827.491,1660.455,0.996999979019165,802.692,1659.335,0.9539999961853027,773.244,1666.888,0.9990000128746033
199,812.466,1748.41,0.1420000046491623,835.232,1677.002,0.7680000066757202,827.491,1660.65,0.996999979019165,801.292,1659.024,0.9729999899864197,773.244,1666.888,0.9990000128746033
200,,,,835.106,1676.65,0.6499999761581421,827.491,1660.65,0.9900000095367432,801.292,1659.335,0.9490000009536743,773.193,1667.265,0.9990000128746033
201,,,,828.889,1667.246,0.3009999990463257,827.491,1660.383,0.8669999837875366,794.897,1659.521,0.6460000276565552,771.842,1668.614,0.9980000257492065
202,,,,828.889,1667.246,0.039000000804662704,827.491,1660.383,0.4129999876022339,794.897,1659.521,0.48399999737739563,770.995,1668.614,0.9959999918937683
203,,,,828.889,1667.083,0.10400000214576721,827.75,1660.247,0.652999997138977,794.897,1659.339,0.9330000281333923,770.611,1668.614,0.9929999709129333
204,,,,834.932,1667.083,0.19099999964237213,827.75,1660.192,0.7260000109672546,795.085,1659.428,0.5540000200271606,763.892,1667.978,0.996999979019165
205,,,,835.369,1667.246,0.47699999809265137,827.812,1660.192,0.5870000123977661,803.496,1659.428,0.8399999737739563,763.892,1667.722,0.996999979019165
206,,,,835.499,1667.649,0.7429999709129333,827.812,1660.192,0.8190000057220459,804.428,1659.428,0.8159999847412109,770.757,1667.469,0.996999979019165
207,,,,844.913,1667.801,0.847000002861023,827.812,1660.383,0.46299999952316284,810.551,1659.459,0.7599999904632568,770.757,1667.722,0.9980000257492065
208,,,,844.913,1667.806,0.7369999885559082,827.964,1660.39,0.04899999871850014,810.551,1883.899,0.5120000243186951,771.822,1667.722,0.9990000128746033
209,844.005,1659.916,0.05299999937415123,844.913,1668.37,0.6480000019073486,836.334,1660.785,0.08399999886751175,844.023,1907.766,0.5960000157356262,771.822,1668.049,0.9980000257492065
210,,,,844.994,1676.957,0.5740000009536743,843.615,1668.024,0.020999999716877937,844.023,1907.766,0.6010000109672546,771.822,1674.579,0.9990000128746033
211,844.014,1660.012,0.15000000596046448,883.264,1683.368,0.16200000047683716,851.628,1676.349,0.10100000351667404,844.023,1907.766,0.6650000214576721,771.133,1674.638,0.9980000257492065
212,,,,907.445,1683.368,0.44999998807907104,852.404,1676.452,0.12300000339746475,859.221,1907.915,0.7329999804496765,770.57,1674.638,0.9990000128746033
213,,,,907.445,1683.368,0.4000000059604645,851.628,1676.349,0.23399999737739563,859.221,1907.915,0.7570000290870667,770.516,1674.638,0.9990000128746033
214,,,,907.445,1676.873,0.40799999237060547,851.628,1676.349,0.5099999904632568,810.475,1907.157,0.6069999933242798,769.704,1667.442,0.9990000128746033
215,,,,834.325,1676.873,0.3230000138282776,843.854,1667.637,0.1720000058412552,810.475,1900.335,0.7540000081062317,763.832,1667.08,0.9950000047683716
216,,,,834.325,1676.481,0.6399999856948853,835.577,1661.796,0.12600000202655792,810.475,1667.942,0.5260000228881836,763.065,1666.701,0.996999979019165
217,,,,834.325,1676.873,0.8090000152587891,835.559,1661.796,0.6579999923706055,808.13,1667.942,0.7279999852180481,758.968,1666.701,0.9950000047683716
218,,,,835.094,1676.962,0.7089999914169312,835.559,1661.216,0.5180000066757202,804.803,1659.511,0.8389999866485596,758.644,1666.701,0.9980000257492065
219,956.086,1652.076,0.03200000151991844,900.114,1690.866,0.4009999930858612,835.465,1660.995,0.6290000081062317,805.157,1659.511,0.996999979019165,758.644,1666.773,1.0
220,956.176,1652.091,0.0820000022649765,908.806,1690.866,0.6330000162124634,835.197,1660.909,0.6579999923706055,805.157,1666.938,0.9480000138282776,756.791,1666.938,0.9990000128746033
221,956.222,1652.168,0.035999998450279236,908.806,1690.866,0.27799999713897705,835.063,1660.909,0.6460000276565552,804.671,1666.938,0.9869999885559082,756.585,1667.269,0.9990000128746033
222,956.222,1652.246,0.17299999296665192,908.947,1683.309,0.597000002861023,833.166,1660.909,0.8420000076293945,804.402,1666.938,0.9990000128746033,755.77,1667.269,1.0
223,956.243,1652.246,0.07500000298023224,908.806,1682.429,0.9399999976158142,833.11,1660.909,0.9909999966621399,804.671,1667.011,0.9990000128746033,754.45,1667.677,1.0
224,956.243,1652.246,0.36000001430511475,908.806,1677.525,0.7670000195503235,833.11,1660.913,0.9990000128746033,804.671,1667.011,0.9869999885559082,754.029,1668.017,1.0
225,956.145,1652.168,0.023000000044703484,908.809,1677.482,0.6890000104904175,833.166,1661.287,0.9929999709129333,804.709,1667.053,0.9959999918937683,754.029,1668.247,0.9990000128746033
226,956.107,1652.142,0.03400000184774399,908.947,1676.319,0.5249999761581421,834.755,1661.41,0.7250000238418579,804.772,1667.071,0.9950000047683716,747.925,1668.017,1.0
227,956.145,1652.142,0.07199999690055847,908.809,1676.047,0.7519999742507935,835.036,1661.542,0.8550000190734863,804.772,1667.053,0.9900000095367432,747.925,1668.247,1.0
228,956.145,1652.142,0.04899999871850014,915.814,1676.047,0.8989999890327454,835.249,1661.808,0.9290000200271606,804.709,1667.071,1.0,747.836,1668.346,0.9990000128746033
229,,,,915.814,1676.047,0.7630000114440918,860.25,1675.931,0.6050000190734863,804.385,1667.396,1.0,747.836,1668.346,0.9980000257492065
230,,,,915.174,1676.186,0.11900000274181366,860.25,1675.931,0.8880000114440918,804.075,1667.396,1.0,747.836,1668.698,0.9990000128746033
231,,,,908.853,1676.186,0.7149999737739563,844.449,1668.247,0.7609999775886536,802.281,1667.105,0.9990000128746033,747.881,1669.016,0.9980000257492065
232,955.934,1692.148,0.1599999964237213,915.174,1676.186,0.5559999942779541,845.347,1669.034,0.8220000267028809,802.281,1667.105,0.9879999756813049,748.216,1669.094,0.9990000128746033
233,956.154,1699.995,0.2639999985694885,908.853,1676.742,0.9919999837875366,844.449,1668.247,0.9319999814033508,795.335,1666.958,0.9950000047683716,748.432,1669.695,1.0
234,956.243,1700.041,0.2290000021457672,908.853,1676.742,0.4490000009536743,843.909,1668.247,0.9340000152587891,795.335,1659.18,0.9390000104904175,753.099,1669.695,1.0
235,,,,915.302,1675.909,0.37299999594688416,844.449,1668.558,0.9079999923706055,795.335,1659.18,0.9639999866485596,753.099,1669.128,1.0
236,956.097,1691.969,0.020999999716877937,924.332,1676.789,0.4580000042915344,845.347,1669.034,0.8550000190734863,795.067,1659.18,0.9940000176429749,753.099,1669.128,1.0
237,,,,924.332,1676.79,0.041999999433755875,892.577,1676.584,0.8299999833106995,794.972,1659.199,0.9390000104904175,748.444,1669.128,0.9990000128746033
238,955.977,1692.031,0.10700000077486038,924.332,1677.414,0.13300000131130219,901.688,1676.919,0.9940000176429749,421.338,1907.821,0.8640000224113464,748.444,1669.128,0.9990000128746033
239,955.977,1692.099,0.4620000123977661,924.332,1682.643,0.5210000276565552,903.109,1676.919,0.9430000185966492,420.647,1907.821,0.5649999976158142,748.15,1668.459,0.9990000128746033
240,955.977,1692.099,0.49000000953674316,884.534,1682.643,0.5680000185966492,908.173,1676.919,0.9169999957084656,419.535,1908.025,0.35100001096725464,748.444,1669.387,0.9990000128746033
241,844.946,1692.099,0.906000018119812,884.534,1681.21,0.9900000095367432,908.173,1676.429,0.7059999704360962,419.535,1907.821,0.9150000214576721,748.886,1669.387,0.996999979019165
242,844.568,1691.877,0.8640000224113464,884.534,1677.414,0.9980000257492065,908.173,1675.982,0.4180000126361847,419.535,1907.821,0.6549999713897705,754.478,1668.234,1.0
243,844.499,1691.832,0.19200000166893005,891.874,1677.19,0.9860000014305115,811.448,1660.022,0.6230000257492065,419.535,1907.868,0.527999997138977,755.848,1667.866,1.0
244,844.568,1691.43,0.0860000029206276,891.874,1677.129,0.9520000219345093,811.427,1659.986,0.44999998807907104,788.007,1908.085,0.574999988079071,755.848,1667.45,1.0
245,844.568,1683.802,0.04100000113248825,891.874,1676.604,0.9769999980926514,811.234,1653.172,0.10700000077486038,843.873,1907.868,0.7039999961853027,755.848,1666.981,0.9990000128746033
246,875.585,1676.212,0.08100000023841858,884.523,1676.132,0.9179999828338623,811.195,1653.005,0.28700000047683716,843.873,1907.868,0.36899998784065247,755.46,1666.645,1.0
247,875.585,1660.898,0.5230000019073486,830.42,1667.055,0.9390000104904175,805.208,1652.976,0.08399999886751175,778.457,1907.854,0.6620000004768372,755.454,1666.608,1.0
248,875.585,1660.522,0.7409999966621399,830.058,1666.787,0.8700000047683716,805.208,1652.976,0.5550000071525574,778.457,1891.978,0.7770000100135803,755.366,1666.981,0.9980000257492065
249,875.51,1660.469,0.328000009059906,819.996,1661.938,0.9869999885559082,804.663,1652.785,0.7480000257492065,777.93,1652.876,0.8149999976158142,748.822,1666.966,1.0
250,868.522,1659.233,0.28700000047683716,819.82,1661.355,0.9559999704360962,796.098,1652.723,0.8399999737739563,777.785,1652.769,0.7509999871253967,747.492,1666.966,0.9990000128746033
251,868.522,1659.233,0.2750000059604645,819.82,1654.905,0.9819999933242798,796.098,1652.785,0.9700000286102295,777.745,1652.769,0.859000027179718,747.492,1667.548,0.9990000128746033
252,780.619,1596.417,0.10899999737739563,819.82,1654.219,0.9879999756813049,795.952,1652.826,0.8939999938011169,777.739,1652.262,0.8930000066757202,747.346,1667.77,1.0
253,868.522,1635.42,0.21699999272823334,819.82,1654.023,0.9959999918937683,795.897,1652.723,0.9710000157356262,777.739,1652.205,0.9629999995231628,747.346,1667.77,0.9990000128746033
254,868.522,1635.42,0.20000000298023224,818.322,1652.367,0.9980000257492065,795.799,1652.723,0.949999988079071,772.554,1652.045,0.9860000014305115,747.346,1668.225,1.0
255,860.503,1635.42,0.8560000061988831,818.322,1649.599,0.9980000257492065,795.897,1652.689,0.8899999856948853,772.554,1651.654,0.968999981880188,747.452,1668.225,0.9990000128746033
256,860.503,1635.42,0.20600000023841858,818.322,1649.599,0.9950000047683716,795.897,1650.702,0.8330000042915344,772.554,1644.641,0.9629999995231628,747.452,1668.225,0.9990000128746033
257,868.175,1643.753,0.7120000123977661,819.207,1645.913,0.996999979019165,796.003,1645.137,0.6159999966621399,772.771,1644.076,0.9610000252723694,747.479,1667.317,0.9990000128746033
258,860.503,1643.753,0.6579999923706055,821.579,1645.633,0.996999979019165,796.202,1644.448,0.9649999737739563,772.771,1644.011,0.9739999771118164,747.479,1666.714,0.9990000128746033
259,860.503,1643.753,0.5820000171661377,821.579,1644.477,0.996999979019165,796.202,1644.351,0.8669999837875366,772.771,1643.975,0.9279999732971191,747.515,1666.184,0.9980000257492065
260,858.613,1636.448,0.9480000138282776,821.579,1643.722,0.9990000128746033,796.202,1644.229,0.6240000128746033,772.805,1643.955,0.8339999914169312,747.721,1666.184,0.9980000257492065
261,858.448,1636.448,0.9959999918937683,820.487,1637.295,0.9990000128746033,796.202,1644.162,0.6359999775886536,772.805,1643.955,0.609000027179718,747.873,1666.184,1.0
262,853.361,1636.448,0.9399999976158142,820.487,1635.545,0.9929999709129333,796.279,1643.774,0.656000018119812,771.542,1643.975,0.7429999709129333,747.873,1666.714,0.996999979019165
263,853.361,1635.12,0.9779999852180481,820.487,1635.234,0.996999979019165,804.551,1635.243,0.9070000052452087,778.686,1643.905,0.6069999933242798,747.873,1666.197,1.0
264,853.361,1635.12,0.42899999022483826,820.985,1635.15,0.9980000257492065,804.551,1634.971,0.9430000185966492,778.756,1643.703,0.9129999876022339,747.659,1666.197,0.9990000128746033
265,860.182,1635.12,0.10100000351667404,821.664,1634.59,0.9990000128746033,804.569,1634.938,0.984000027179718,778.796,1643.572,0.9139999747276306,747.332,1666.163,0.996999979019165
266,860.22,1628.239,0.6669999957084656,821.844,1633.471,0.9950000047683716,804.551,1634.718,0.7789999842643738,778.796,1643.572,0.6729999780654907,747.332,1660.975,0.9980000257492065
267,860.74,1620.195,0.8859999775886536,828.093,1629.986,0.996999979019165,804.551,1634.507,0.6830000281333923,787.498,1643.534,0.9330000281333923,747.332,1660.833,0.9909999966621399
268,860.804,1619.228,0.984000027179718,897.025,1622.57,0.9990000128746033,804.075,1629.329,0.9580000042915344,788.814,1643.361,0.9670000076293945,757.078,1660.818,0.9990000128746033
269,860.804,1618.245,0.9909999966621399,897.025,1621.945,0.9990000128746033,804.075,1629.329,0.9369999766349792,788.814,1636.158,0.9890000224113464,757.409,1660.818,0.9990000128746033
270,860.853,1612.159,0.9309999942779541,897.025,1621.387,0.9980000257492065,804.067,1628.722,0.3449999988079071,788.159,1635.596,0.8259999752044678,757.409,1660.818,0.9990000128746033
271,867.393,1610.947,0.7260000109672546,897.025,1621.387,0.9959999918937683,804.004,1628.544,0.7519999742507935,788.159,1635.596,0.9300000071525574,757.409,1661.323,1.0
272,867.393,1604.597,0.4320000112056732,897.241,1620.792,0.9990000128746033,804.004,1620.49,0.8619999885559082,788.159,1635.596,0.8809999823570251,757.122,1663.844,1.0
273,867.464,1604.597,0.4059999883174896,896.397,1620.202,0.9990000128746033,803.879,1620.379,0.8169999718666077,788.159,1635.652,0.9940000176429749,757.409,1665.538,1.0
274,876.377,1604.597,0.06700000166893005,897.241,1619.415,0.9980000257492065,803.879,1620.379,0.875,788.254,1635.937,0.9919999837875366,757.707,1665.538,1.0
275,876.508,1611.72,0.02199999988079071,897.241,1618.441,0.996999979019165,803.959,1620.379,0.9869999885559082,788.254,1636.437,0.9990000128746033,758.639,1665.538,1.0
276,,,,891.887,1618.541,0.9980000257492065,803.959,1620.379,0.8550000190734863,788.254,1636.437,0.9919999837875366,758.639,1665.374,1.0
277,875.0,1551.558,0.9319999814033508,834.663,1617.461,0.9990000128746033,803.518,1620.379,0.953000009059906,787.96,1636.437,0.9879999756813049,758.639,1661.373,1.0
278,875.416,1563.148,0.9990000128746033,834.674,1617.069,0.9919999837875366,803.959,1619.413,0.9810000061988831,787.96,1635.204,0.9940000176429749,757.144,1660.156,1.0
279,875.699,1563.355,0.996999979019165,834.674,1617.461,0.9959999918937683,803.959,1619.413,0.9819999933242798,787.96,1635.204,0.9900000095367432,756.442,1660.156,1.0
280,876.451,1619.131,0.13199999928474426,883.965,1618.077,0.9869999885559082,811.753,1619.413,0.8240000009536743,788.749,1635.204,0.9670000076293945,756.071,1660.156,1.0
281,,,,883.965,1617.54,0.9980000257492065,811.775,1619.179,0.8669999837875366,789.656,1635.265,0.9919999837875366,748.262,1660.727,0.9959999918937683
282,,,,884.88,1618.077,0.9610000252723694,811.775,1619.135,0.7590000033378601,789.732,1635.594,0.9959999918937683,748.083,1660.727,0.996999979019165
283,,,,884.88,1618.252,0.9950000047683716,811.753,1627.828,0.7940000295639038,789.732,1635.835,0.9950000047683716,748.083,1660.737,0.996999979019165
284,,,,883.965,1618.848,0.949999988079071,805.169,1619.135,0.8889999985694885,789.656,1635.835,0.996999979019165,748.192,1660.758,0.9950000047683716
285,875.838,1604.259,0.028999999165534973,830.481,1619.479,0.9980000257492065,804.241,1619.135,0.8169999718666077,789.007,1635.835,0.9959999918937683,748.192,1660.758,0.9980000257492065
286,875.91,1604.512,0.03999999910593033,830.353,1620.132,0.9990000128746033,804.241,1619.461,0.9769999980926514,788.118,1635.835,0.996999979019165,748.192,1661.609,0.9950000047683716
287,876.082,1604.512,0.02800000086426735,830.053,1620.132,0.9980000257492065,804.3,1619.725,0.9769999980926514,788.118,1635.657,0.9980000257492065,748.558,1661.609,0.9940000176429749
288,876.196,1604.512,0.05299999937415123,829.817,1620.213,0.996999979019165,804.3,1619.725,0.8799999952316284,787.976,1635.657,0.9639999866485596,748.501,1661.956,0.9959999918937683
289,876.196,1604.437,0.050999999046325684,829.615,1620.754,0.9869999885559082,804.3,1627.952,0.9850000143051147,787.634,1636.996,0.996999979019165,748.501,1661.609,0.996999979019165
290,876.323,1604.437,0.10999999940395355,829.615,1620.754,0.9980000257492065,804.3,1628.894,0.9470000267028809,778.28,1636.996,0.9020000100135803,748.501,1661.609,0.996999979019165
291,876.33,1604.437,0.035999998450279236,829.321,1619.868,0.9990000128746033,804.288,1628.894,0.9620000123977661,778.199,1636.996,0.7760000228881836,743.594,1661.956,0.9990000128746033
292,,,,829.817,1619.868,0.9959999918937683,804.288,1628.894,0.9129999876022339,778.199,1636.996,0.8790000081062317,741.997,1665.494,0.9990000128746033
293,,,,829.095,1619.679,0.9950000047683716,804.269,1628.998,0.9240000247955322,778.28,1637.08,0.9419999718666077,741.997,1665.494,0.9990000128746033
294,875.835,1571.011,0.04899999871850014,828.784,1619.397,0.996999979019165,804.269,1628.835,0.6949999928474426,773.737,1637.08,0.6449999809265137,741.997,1665.615,0.9959999918937683
295,876.062,1571.283,0.3089999854564667,828.784,1618.061,1.0,804.247,1628.654,0.6520000100135803,778.465,1636.92,0.45100000500679016,748.098,1668.026,0.9860000014305115
296,876.108,1571.283,0.5230000019073486,829.288,1617.099,1.0,803.576,1628.63,0.6740000247955322,788.77,1906.944,0.5559999942779541,748.098,1668.81,0.984000027179718
297,876.267,1571.011,0.5870000123977661,829.133,1617.05,0.9990000128746033,803.549,1628.618,0.6790000200271606,788.77,1907.647,0.531000018119812,748.298,1668.81,0.9850000143051147
298,876.687,1569.709,0.9670000076293945,829.25,1614.486,0.9990000128746033,803.091,1628.528,0.9210000038146973,773.45,1906.944,0.7839999794960022,748.098,1668.81,0.996999979019165
299,876.687,1569.709,0.9890000224113464,829.288,1613.863,0.9990000128746033,798.904,1628.427,0.9150000214576721,773.45,1636.146,0.675000011920929,747.963,1667.506,0.9900000095367432
300,876.687,1569.709,0.9779999852180481,829.485,1613.369,1.0,797.462,1627.509,0.9940000176429749,772.308,1636.146,0.9290000200271606,747.243,1667.066,0.968999981880188
301,876.318,1589.346,0.257999986410141,829.591,1613.36,1.0,797.974,1627.389,0.9819999933242798,771.316,1636.008,0.8240000009536743,740.03,1666.324,0.996999979019165
302,876.318,1595.135,0.20600000023841858,830.124,1613.369,1.0,797.974,1627.12,0.9850000143051147,771.316,1635.754,0.859000027179718,739.857,1661.183,0.9950000047683716
303,876.318,1595.135,0.36899998784065247,830.86,1613.36,1.0,797.974,1620.04,0.9959999918937683,771.316,1635.754,0.8550000190734863,732.775,1661.183,0.9959999918937683
304,883.397,1589.346,0.06700000166893005,830.86,1613.315,1.0,802.447,1619.261,0.9750000238418579,771.316,1635.754,0.8870000243186951,732.65,1661.45,0.9900000095367432
305,883.397,1588.104,0.9580000042915344,897.603,1607.172,0.9990000128746033,803.22,1618.849,0.9800000190734863,778.289,1628.241,0.8159999847412109,732.65,1661.45,0.9959999918937683
306,883.397,1564.019,0.8809999823570251,830.86,1611.839,0.9990000128746033,803.22,1618.76,0.9959999918937683,778.289,1635.564,0.9160000085830688,732.65,1660.703,0.996999979019165
307,883.287,1563.145,0.041999999433755875,830.549,1611.537,0.9990000128746033,802.64,1618.705,0.996999979019165,778.289,1636.142,0.9419999718666077,739.231,1660.703,0.9980000257492065
308,883.287,1564.019,0.2930000126361847,830.549,1611.537,1.0,802.447,1617.971,0.9980000257492065,773.514,1636.142,0.9800000190734863,739.52,1660.703,0.9980000257492065
309,883.107,1564.581,0.9210000038146973,835.082,1607.172,1.0,801.77,1618.039,0.9980000257492065,773.514,1636.142,0.9869999885559082,739.685,1660.703,0.996999979019165
310,883.107,1564.581,0.9750000238418579,833.225,1606.825,1.0,798.987,1618.039,0.9900000095367432,773.514,1636.455,0.9879999756813049,739.983,1660.704,0.9990000128746033
311,877.028,1564.581,0.11100000143051147,833.758,1605.642,1.0,798.61,1618.039,0.9950000047683716,773.842,1636.626,0.9909999966621399,739.983,1660.759,0.9990000128746033
312,877.028,1564.581,0.8489999771118164,833.758,1605.457,0.9990000128746033,798.526,1618.039,0.9980000257492065,774.002,1636.751,0.9769999980926514,739.685,1660.85,0.9990000128746033
313,876.66,1572.266,0.7850000262260437,833.225,1605.262,1.0,798.465,1618.81,0.9950000047683716,774.002,1637.267,0.9509999752044678,739.457,1661.193,0.9990000128746033
314,877.028,1564.414,0.4410000145435333,830.166,1605.262,0.9990000128746033,798.229,1618.81,0.9980000257492065,774.002,1637.267,0.9769999980926514,739.457,1661.523,0.996999979019165
315,883.272,1563.861,0.0560000017285347,829.049,1605.262,0.9990000128746033,797.903,1618.81,0.9959999918937683,772.984,1636.626,0.9879999756813049,739.457,1665.13,0.9929999709129333
316,883.272,1563.861,0.03400000184774399,828.516,1604.596,0.9990000128746033,796.778,1618.218,0.9829999804496765,763.139,1635.964,0.906000018119812,741.385,1665.693,1.0
317,876.602,1590.193,0.8970000147819519,828.415,1604.231,0.9980000257492065,796.778,1617.846,0.9589999914169312,763.139,1635.964,0.9160000085830688,741.646,1667.364,1.0
318,867.334,1590.193,0.5270000100135803,827.812,1603.453,0.9990000128746033,796.496,1617.821,0.9769999980926514,762.585,1635.964,0.9340000152587891,742.076,1667.364,1.0
319,866.827,1590.193,0.9829999804496765,828.164,1603.444,0.9990000128746033,796.496,1617.846,0.9760000109672546,762.514,1636.071,0.9739999771118164,744.6,1667.364,0.9990000128746033
320,866.827,1590.193,0.8539999723434448,822.028,1602.98,1.0,796.496,1617.846,0.9309999942779541,762.514,1636.071,0.9129999876022339,745.12,1667.474,0.9990000128746033
321,866.827,1588.851,0.9520000219345093,821.838,1602.98,0.9990000128746033,796.496,1617.821,0.9279999732971191,762.514,1636.071,0.9380000233650208,745.12,1667.455,1.0
322,866.827,1588.343,0.9750000238418579,820.52,1603.453,1.0,796.496,1618.022,0.7870000004768372,762.514,1635.788,0.9739999771118164,745.12,1667.455,1.0
323,865.633,1588.314,0.9760000109672546,820.443,1604.109,1.0,796.313,1618.197,0.9100000262260437,770.978,1635.788,0.9589999914169312,744.6,1668.189,0.9990000128746033
324,860.99,1588.075,0.9810000061988831,820.19,1604.951,1.0,789.351,1618.197,0.8830000162124634,771.672,1635.788,0.902999997138977,744.33,1668.189,0.996999979019165
325,860.64,1586.555,0.9850000143051147,819.178,1605.7,0.9990000128746033,789.351,1618.684,0.5690000057220459,771.672,1636.531,0.8420000076293945,742.215,1668.189,0.9990000128746033
326,860.64,1578.22,0.9940000176429749,819.178,1605.7,0.9990000128746033,796.42,1618.684,0.7590000033378601,771.672,1636.531,0.9490000009536743,741.245,1668.227,0.9990000128746033
327,860.64,1577.723,0.9940000176429749,819.178,1606.212,1.0,796.42,1619.052,0.8100000023841858,772.098,1636.531,0.8790000081062317,741.245,1668.439,0.9990000128746033
328,908.119,1539.304,0.7250000238418579,819.812,1606.212,0.9769999980926514,796.639,1619.062,0.9020000100135803,771.534,1636.531,0.7279999852180481,741.136,1669.261,0.9990000128746033
329,913.334,1530.628,0.8809999823570251,819.812,1606.604,0.9950000047683716,796.639,1619.113,0.7099999785423279,771.534,1642.84,0.9049999713897705,741.136,1674.99,0.9990000128746033
330,913.334,1530.628,0.9869999885559082,820.165,1610.381,1.0,796.639,1619.318,0.8500000238418579,771.552,1642.84,0.8650000095367432,741.245,1675.103,0.9990000128746033
331,913.334,1530.628,0.8679999709129333,820.45,1610.381,1.0,796.639,1628.398,0.2879999876022339,772.871,1643.866,0.7400000095367432,741.249,1675.892,0.9990000128746033
332,881.711,1594.81,0.9549999833106995,820.634,1610.381,1.0,796.639,1628.398,0.9020000100135803,771.552,1643.97,0.8820000290870667,741.693,1675.994,0.9990000128746033
333,876.327,1594.81,0.9649999737739563,826.976,1610.381,0.9959999918937683,797.18,1628.398,0.9810000061988831,771.552,1643.97,0.9769999980926514,747.935,1676.506,0.9980000257492065
334,868.224,1594.81,0.8270000219345093,827.657,1611.083,0.9990000128746033,797.975,1628.389,0.9819999933242798,771.552,1643.866,0.9789999723434448,747.935,1676.608,0.9980000257492065
335,867.027,1594.81,0.9819999933242798,828.302,1611.66,0.9990000128746033,798.327,1628.274,0.9909999966621399,772.752,1643.866,0.996999979019165,747.935,1676.608,0.9950000047683716
336,867.027,1594.668,0.9879999756813049,828.302,1613.357,0.9990000128746033,798.327,1628.274,0.9549999833106995,772.752,1643.97,0.9980000257492065,747.935,1676.762,0.9959999918937683
337,866.886,1594.668,0.7020000219345093,828.299,1616.768,0.9990000128746033,798.36,1628.274,0.9570000171661377,778.188,1644.179,0.9959999918937683,747.786,1676.608,0.9929999709129333
338,866.642,1595.087,0.9769999980926514,828.302,1618.447,0.996999979019165,803.821,1629.369,0.8790000081062317,778.336,1644.324,0.9860000014305115,747.786,1676.586,0.9940000176429749
339,866.642,1605.775,0.9259999990463257,828.585,1618.447,0.9959999918937683,804.556,1629.915,0.8450000286102295,778.55,1644.372,0.9940000176429749,747.859,1676.57,0.9879999756813049
340,869.221,1605.905,0.9520000219345093,907.671,1618.447,0.9950000047683716,804.556,1630.021,0.6129999756813049,778.55,1644.479,0.9760000109672546,748.005,1676.438,0.996999979019165
341,868.025,1609.972,0.9810000061988831,907.671,1618.753,0.9909999966621399,804.636,1634.717,0.46000000834465027,778.55,1644.802,0.9900000095367432,756.811,1676.438,0.9649999737739563
342,868.025,1610.766,0.9110000133514404,907.671,1618.753,0.9850000143051147,812.108,1634.717,0.7409999966621399,778.55,1650.834,0.9879999756813049,757.129,1676.438,0.9980000257492065
343,869.221,1611.916,0.20800000429153442,902.019,1620.657,0.9990000128746033,812.374,1634.866,0.6930000185966492,787.138,1651.804,0.9950000047683716,756.811,1682.113,1.0
344,869.221,1627.635,0.11100000143051147,844.08,1622.9,0.996999979019165,812.846,1635.094,0.9190000295639038,787.138,1652.109,0.9810000061988831,756.811,1683.463,1.0
345,876.344,1627.758,0.0729999989271164,844.08,1625.123,1.0,813.207,1635.094,0.9819999933242798,787.29,1652.16,0.996999979019165,756.58,1683.498,0.9990000128746033
346,883.618,1628.051,0.02800000086426735,844.08,1625.446,0.9980000257492065,813.304,1635.147,0.9789999723434448,787.649,1652.972,0.9789999723434448,748.573,1684.096,0.9980000257492065
347,892.095,1643.963,0.6919999718666077,844.855,1627.545,0.9959999918937683,813.472,1643.514,0.9750000238418579,789.06,1658.48,0.9869999885559082,748.482,1684.857,0.9990000128746033
348,892.923,1644.138,0.10499999672174454,849.764,1628.3,0.9710000157356262,820.292,1643.882,0.9779999852180481,794.156,1659.057,0.9909999966621399,748.22,1684.857,0.9990000128746033
349,,,,851.475,1629.539,0.9010000228881836,820.385,1644.357,0.984000027179718,793.987,1659.2,0.9940000176429749,741.097,1684.963,0.9990000128746033
350,,,,860.742,1634.732,0.8790000081062317,828.673,1644.648,0.9959999918937683,793.987,1659.326,0.9929999709129333,741.087,1684.963,0.9990000128746033
351,,,,867.846,1635.209,0.5979999899864197,828.673,1645.144,0.9940000176429749,793.562,1667.315,0.9929999709129333,741.087,1684.788,1.0
352,,,,883.932,1635.937,0.5699999928474426,829.139,1645.144,0.9869999885559082,793.593,1667.34,0.996999979019165,741.097,1684.522,1.0
353,,,,893.175,1642.612,0.9409999847412109,829.139,1645.144,0.9660000205039978,793.593,1667.34,1.0,742.199,1684.41,1.0
354,,,,900.533,1643.082,0.9670000076293945,829.139,1645.24,0.9120000004768372,793.562,1667.34,0.9980000257492065,743.305,1684.226,1.0
355,,,,908.697,1643.654,0.6980000138282776,829.139,1645.253,0.7979999780654907,793.292,1667.117,0.9959999918937683,743.305,1684.131,1.0
356,,,,908.697,1643.082,0.8809999823570251,829.139,1645.249,0.9549999833106995,793.292,1667.02,0.9990000128746033,743.629,1683.262,1.0
357,,,,908.697,1643.654,0.843999981880188,822.185,1645.24,0.972000002861023,790.578,1666.823,0.9990000128746033,744.125,1683.2,1.0
358,,,,892.21,1643.654,0.328000009059906,822.185,1645.24,0.718999981880188,789.907,1666.823,1.0,744.125,1682.554,1.0
359,,,,852.138,1635.331,0.5410000085830688,822.185,1645.141,0.8190000057220459,788.492,1659.258,0.9990000128746033,743.629,1682.481,1.0
360,,,,852.138,1635.011,0.7379999756813049,820.808,1645.141,0.5600000023841858,785.825,1659.128,0.9980000257492065,744.125,1682.381,0.9990000128746033
361,,,,860.252,1634.68,0.6050000190734863,820.808,1645.141,0.6639999747276306,785.023,1659.128,0.9990000128746033,746.668,1682.377,0.9990000128746033
362,,,,855.078,1629.196,0.9739999771118164,820.808,1645.042,0.9480000138282776,784.729,1659.128,1.0,747.001,1682.051,0.9990000128746033
363,,,,855.078,1629.734,0.9950000047683716,820.406,1645.074,0.9110000133514404,784.142,1659.016,0.9990000128746033,746.668,1676.855,0.9950000047683716
364,,,,855.078,1629.73,0.9990000128746033,813.243,1645.074,0.8640000224113464,784.141,1658.835,0.9980000257492065,747.001,1676.855,0.9959999918937683
365,,,,854.168,1629.421,1.0,812.848,1644.89,0.8149999976158142,779.074,1658.779,0.9940000176429749,747.001,1676.785,0.9940000176429749
366,,,,851.253,1629.421,0.9980000257492065,812.114,1644.89,0.4300000071525574,778.969,1658.779,0.9810000061988831,742.271,1676.26,0.996999979019165
367,,,,851.044,1629.421,0.9990000128746033,805.434,1644.799,0.8889999985694885,778.787,1658.779,0.9909999966621399,741.378,1676.465,0.9980000257492065
368,,,,849.631,1628.196,0.9940000176429749,805.148,1644.77,0.9319999814033508,778.833,1658.779,0.996999979019165,740.516,1676.465,0.9990000128746033
369,892.085,1643.885,0.11800000071525574,844.486,1628.189,0.968999981880188,804.7,1644.512,0.8410000205039978,778.787,1658.71,0.9760000109672546,739.569,1676.079,0.9990000128746033
370,892.117,1651.831,0.09700000286102295,843.881,1628.189,0.8989999890327454,803.486,1634.54,0.9990000128746033,777.784,1658.557,0.9950000047683716,739.218,1676.079,0.9990000128746033
371,,,,843.881,1626.549,0.9909999966621399,802.248,1634.532,1.0,776.684,1657.928,0.9959999918937683,738.459,1676.079,1.0
372,,,,844.486,1625.635,0.9909999966621399,803.226,1633.1,0.9990000128746033,774.753,1653.652,0.9980000257492065,731.621,1676.079,0.9950000047683716
373,,,,850.983,1621.824,0.9959999918937683,802.248,1632.477,0.9959999918937683,773.962,1653.652,0.9990000128746033,731.621,1676.513,0.996999979019165
374,,,,861.18,1617.075,0.9940000176429749,801.33,1632.477,0.9890000224113464,773.962,1653.595,0.9990000128746033,731.621,1677.099,0.9890000224113464
375,,,,861.191,1615.326,0.968999981880188,796.755,1632.477,0.9929999709129333,772.764,1653.652,0.9990000128746033,731.62,1677.251,0.996999979019165
376,,,,861.191,1615.326,0.9330000281333923,787.662,1636.26,0.9940000176429749,772.026,1654.035,0.9810000061988831,731.62,1677.251,0.9980000257492065
377,,,,861.18,1615.326,0.9620000123977661,787.662,1636.26,0.996999979019165,762.766,1654.139,0.8730000257492065,731.62,1677.251,0.996999979019165
378,875.684,1564.328,0.03200000151991844,843.14,1619.157,0.9980000257492065,787.662,1636.26,0.9819999933242798,762.766,1654.139,0.9850000143051147,731.325,1677.122,0.996999979019165
379,875.775,1572.016,0.04100000113248825,835.646,1619.157,0.9959999918937683,789.747,1629.965,0.9919999837875366,762.161,1654.139,0.9929999709129333,725.957,1676.916,0.9990000128746033
380,875.95,1572.139,0.019999999552965164,835.646,1619.157,0.996999979019165,789.747,1629.965,0.9879999756813049,762.161,1654.139,0.996999979019165,725.561,1676.68,0.9940000176429749
381,,,,836.052,1619.076,1.0,789.747,1629.791,0.9959999918937683,762.065,1654.139,0.984000027179718,724.524,1676.68,0.9990000128746033
382,875.496,1572.198,0.061000000685453415,836.052,1618.263,0.9959999918937683,789.683,1629.791,0.9990000128746033,761.903,1653.998,0.9940000176429749,715.944,1676.586,0.9919999837875366
383,875.722,1572.198,0.08399999886751175,835.646,1612.29,0.9860000014305115,789.386,1629.807,0.9959999918937683,761.903,1653.998,0.9900000095367432,707.452,1676.111,0.9959999918937683
384,875.893,1572.198,0.25,836.052,1612.29,0.9819999933242798,789.22,1629.858,0.9900000095367432,761.903,1654.517,0.9810000061988831,123.787,796.682,0.9950000047683716
385,875.893,1570.717,0.9369999766349792,836.628,1612.29,0.9819999933242798,788.746,1629.807,0.9900000095367432,761.877,1654.548,0.9589999914169312,123.787,796.682,0.9959999918937683
386,876.278,1563.722,0.9959999918937683,899.857,1620.86,0.9800000190734863,788.746,1629.807,0.9520000219345093,761.877,1653.586,0.9440000057220459,123.761,796.641,0.9950000047683716
387,881.478,1563.552,0.9900000095367432,899.857,1620.86,0.9959999918937683,786.71,1629.49,0.8960000276565552,756.569,1653.49,0.9350000023841858,123.761,796.641,0.9959999918937683
388,882.454,1563.155,0.8339999914169312,899.857,1620.86,0.9929999709129333,781.165,1628.326,0.9869999885559082,756.091,1644.745,0.9739999771118164,123.787,796.682,0.9980000257492065
389,882.454,1563.155,0.9890000224113464,829.286,1611.947,0.9760000109672546,780.772,1627.913,0.9850000143051147,756.091,1644.427,0.8659999966621399,123.79,796.838,0.9940000176429749
390,882.454,1563.552,0.9679999947547913,829.286,1611.836,0.9959999918937683,780.672,1627.438,0.9940000176429749,756.091,1644.427,0.9129999876022339,123.815,796.448,0.9980000257492065
391,882.454,1563.155,0.9639999866485596,829.286,1605.022,0.9950000047683716,780.662,1627.749,0.9959999918937683,756.0,1644.427,0.9279999732971191,123.829,796.448,0.9990000128746033
392,882.454,1563.684,0.9739999771118164,829.286,1605.022,0.9980000257492065,780.268,1627.749,0.9940000176429749,746.446,1644.441,0.7480000257492065,123.829,795.88,0.9959999918937683
393,883.03,1563.684,0.9509999752044678,829.286,1605.022,0.9980000257492065,780.197,1627.749,0.9959999918937683,740.131,1652.804,0.8450000286102295,123.829,795.88,0.9959999918937683
394,883.428,1556.516,0.7770000100135803,811.863,1605.022,0.9679999947547913,779.607,1627.749,0.8989999890327454,730.241,1653.164,0.7229999899864197,123.829,795.88,0.9919999837875366
395,883.428,1555.787,0.7350000143051147,811.863,1603.155,0.9940000176429749,772.68,1627.749,0.39500001072883606,730.439,1653.164,0.7319999933242798,699.733,1676.676,0.968999981880188
396,884.081,1555.787,0.4779999852180481,804.548,1606.39,0.9919999837875366,765.601,1628.31,0.8690000176429749,730.241,1653.295,0.8820000290870667,699.733,1676.679,0.9909999966621399
397,884.081,1554.815,0.9190000295639038,804.548,1606.39,0.9990000128746033,765.571,1628.682,0.9300000071525574,730.241,1653.295,0.7829999923706055,699.792,1676.679,0.9959999918937683
398,884.081,1548.122,0.996999979019165,804.012,1606.39,1.0,765.017,1628.411,0.828000009059906,730.439,1653.164,0.8510000109672546,699.801,1676.679,0.9940000176429749
399,883.511,1548.122,0.9660000205039978,801.674,1607.129,1.0,764.961,1628.411,0.8769999742507935,730.439,1653.295,0.9120000004768372,699.999,1677.093,0.9929999709129333
400,890.872,1548.122,0.9509999752044678,800.971,1607.876,0.9990000128746033,765.571,1628.411,0.9300000071525574,739.407,1652.45,0.9760000109672546,700.281,1677.351,0.9990000128746033
401,891.494,1555.679,0.9819999933242798,796.187,1609.134,0.9990000128746033,764.961,1628.411,0.6899999976158142,739.407,1652.45,0.6959999799728394,700.281,1677.546,0.9990000128746033
402,883.511,1560.265,0.8529999852180481,796.049,1609.134,0.996999979019165,764.335,1628.411,0.4169999957084656,730.573,1652.127,0.8989999890327454,700.281,1680.668,0.9990000128746033
403,876.581,1562.466,0.9990000128746033,796.049,1609.247,0.9990000128746033,764.254,1628.269,0.5979999899864197,723.795,1652.995,0.5820000171661377,700.1,1681.206,0.9990000128746033
404,891.976,1562.466,0.984000027179718,796.049,1609.373,0.9990000128746033,764.254,1628.803,0.2590000033378601,723.795,1652.239,0.8610000014305115,699.901,1681.206,0.9990000128746033
405,868.641,1563.918,0.9120000004768372,796.148,1610.299,0.9990000128746033,764.254,1628.813,0.05400000140070915,723.795,1652.995,0.8799999952316284,694.735,1681.206,1.0
406,868.641,1564.234,0.8119999766349792,796.148,1610.435,0.996999979019165,755.57,1635.873,0.12099999934434891,723.795,1658.702,0.7900000214576721,692.298,1678.079,1.0
407,875.564,1563.918,0.7879999876022339,796.148,1610.615,0.9990000128746033,755.543,1635.873,0.12800000607967377,730.876,1659.019,0.2759999930858612,692.298,1677.896,0.9980000257492065
408,884.562,1563.918,0.9819999933242798,796.001,1610.623,0.9980000257492065,755.543,1635.873,0.19300000369548798,730.876,1659.226,0.8629999756813049,692.298,1677.896,0.9950000047683716
409,884.562,1563.918,0.777999997138977,795.956,1610.7,0.9990000128746033,755.543,1635.357,0.375,730.876,1659.226,0.7979999780654907,692.298,1677.444,0.9959999918937683
410,884.562,1564.234,0.9210000038146973,795.833,1617.257,1.0,754.627,1634.544,0.06499999761581421,729.962,1659.019,0.6570000052452087,699.496,1677.444,0.996999979019165
411,891.195,1562.947,0.9850000143051147,794.915,1619.494,1.0,754.627,1634.544,0.27900001406669617,729.962,1653.284,0.9919999837875366,699.57,1680.707,0.984000027179718
412,892.438,1562.947,0.890999972820282,794.915,1619.729,1.0,754.627,1634.544,0.7229999899864197,729.761,1653.284,0.9879999756813049,699.496,1680.707,0.9950000047683716
413,891.195,1562.947,0.9190000295639038,794.77,1622.116,1.0,754.639,1634.758,0.6420000195503235,729.814,1653.026,0.9769999980926514,699.607,1677.282,0.9990000128746033
414,892.438,1577.956,0.9800000190734863,794.668,1622.662,1.0,756.127,1644.78,0.6370000243186951,729.962,1653.284,0.9900000095367432,700.035,1680.707,0.9940000176429749
415,892.438,1577.956,0.8309999704360962,794.607,1622.739,1.0,756.127,1644.78,0.7149999737739563,730.021,1653.533,0.9940000176429749,700.035,1680.707,0.9980000257492065
416,844.178,1604.489,0.9399999976158142,791.766,1622.945,0.9990000128746033,756.889,1644.78,0.6520000100135803,729.88,1653.533,0.9520000219345093,699.669,1677.782,0.9980000257492065
417,835.379,1606.241,0.9909999966621399,791.73,1626.421,0.9990000128746033,764.049,1644.78,0.6019999980926514,729.88,1659.056,0.9070000052452087,699.669,1681.486,0.9990000128746033
418,834.925,1609.287,0.9929999709129333,791.36,1628.472,0.9990000128746033,764.049,1644.78,0.28700000047683716,730.049,1659.056,0.9470000267028809,699.669,1681.805,0.9950000047683716
419,834.045,1609.812,0.9750000238418579,789.661,1628.592,0.9990000128746033,756.403,1644.792,0.699999988079071,730.049,1659.332,0.968999981880188,699.52,1681.486,0.9980000257492065
420,828.712,1611.845,0.906000018119812,785.487,1632.859,1.0,763.629,1645.172,0.847000002861023,730.049,1659.394,0.9959999918937683,699.52,1677.782,0.9990000128746033
421,828.587,1611.845,0.9869999885559082,782.807,1633.131,1.0,756.403,1645.172,0.45899999141693115,730.247,1659.396,0.871999979019165,699.52,1681.858,0.9959999918937683
422,828.587,1611.845,0.9890000224113464,782.699,1633.955,1.0,756.26,1644.996,0.45500001311302185,730.247,1659.394,0.8389999866485596,707.63,1681.858,0.996999979019165
423,828.587,1611.845,0.9900000095367432,782.612,1633.976,1.0,755.634,1644.996,0.46799999475479126,730.247,1659.398,0.8309999704360962,715.88,1684.148,0.9959999918937683
424,828.398,1612.274,0.9919999837875366,782.534,1634.38,1.0,755.358,1644.902,0.703000009059906,730.225,1659.398,0.9829999804496765,715.88,1684.148,0.9959999918937683
425,828.331,1618.121,0.9990000128746033,782.534,1635.146,1.0,749.272,1644.636,0.5220000147819519,730.225,1659.456,0.9340000152587891,715.88,1684.7,0.9929999709129333
426,828.229,1618.544,1.0,782.534,1636.424,1.0,749.099,1644.636,0.6169999837875366,730.171,1659.624,0.9769999980926514,715.459,1684.7,0.9919999837875366
427,828.075,1619.052,1.0,782.683,1636.618,1.0,749.099,1635.673,0.1860000044107437,725.312,1659.841,0.906000018119812,691.365,1684.7,0.9629999995231628
428,828.075,1619.052,0.9990000128746033,782.683,1636.618,1.0,749.272,1635.673,0.2529999911785126,723.89,1659.941,0.906000018119812,691.243,1684.7,0.9980000257492065
429,828.075,1619.052,0.9990000128746033,782.683,1635.146,1.0,749.645,1635.673,0.7820000052452087,723.798,1667.101,0.9150000214576721,691.365,1685.045,0.9980000257492065
430,828.346,1619.052,0.9959999918937683,785.42,1636.445,0.9990000128746033,749.774,1635.653,0.8690000176429749,723.771,1667.746,0.8870000243186951,691.365,1685.21,0.9959999918937683
431,844.567,1619.052,0.996999979019165,785.42,1636.445,1.0,749.852,1635.365,0.8960000276565552,723.771,1667.746,0.9110000133514404,691.983,1685.21,0.9959999918937683
432,844.567,1619.115,0.9580000042915344,788.105,1636.445,0.9990000128746033,755.616,1635.213,0.9120000004768372,723.664,1667.86,0.8759999871253967,698.667,1685.045,0.9990000128746033
433,844.567,1619.584,0.9319999814033508,789.741,1636.912,0.9950000047683716,755.622,1635.213,0.3269999921321869,723.465,1668.33,0.3230000138282776,715.892,1685.178,0.9649999737739563
434,844.567,1619.965,0.9039999842643738,794.152,1638.18,1.0,755.831,1635.213,0.8830000162124634,243.638,1907.875,0.6570000052452087,725.441,1685.178,0.996999979019165
435,844.567,1619.965,0.9570000171661377,796.584,1638.18,1.0,755.831,1644.511,0.3580000102519989,236.187,1907.875,0.6489999890327454,725.635,1685.178,0.9990000128746033
436,852.027,1619.965,0.9110000133514404,799.143,1638.18,1.0,755.831,1644.704,0.09600000083446503,236.17,1908.125,0.5950000286102295,726.646,1685.748,1.0
437,852.027,1619.965,0.9710000157356262,800.691,1638.061,1.0,756.094,1644.704,0.23800000548362732,236.17,1907.875,0.8119999766349792,726.646,1685.755,0.9990000128746033
438,852.065,1610.951,0.8700000047683716,802.139,1636.925,0.9990000128746033,764.055,1645.198,0.09200000017881393,236.187,1907.575,0.5619999766349792,725.441,1686.553,0.9980000257492065
439,852.189,1610.708,0.9710000157356262,802.618,1634.1,1.0,764.476,1645.556,0.6499999761581421,740.823,1668.509,0.9620000123977661,715.253,1692.39,0.9789999723434448
440,853.462,1606.917,0.9829999804496765,803.703,1634.1,1.0,772.275,1645.556,0.9929999709129333,745.193,1668.509,0.9879999756813049,710.327,1692.396,1.0
441,901.433,1580.746,0.9810000061988831,804.548,1634.066,1.0,772.275,1645.556,0.996999979019165,745.367,1668.509,0.9959999918937683,708.859,1692.396,0.9829999804496765
442,901.433,1579.192,0.9890000224113464,805.99,1632.817,1.0,772.38,1646.39,0.996999979019165,745.367,1668.509,0.9789999723434448,700.062,1692.396,0.9860000014305115
443,901.433,1572.109,0.9679999947547913,811.87,1629.012,0.9959999918937683,773.296,1646.39,0.972000002861023,745.193,1668.509,0.9890000224113464,700.062,1692.169,0.9980000257492065
444,901.433,1571.563,0.8960000276565552,818.982,1626.008,0.9980000257492065,773.296,1646.39,0.9929999709129333,745.367,1669.266,0.9929999709129333,708.859,1692.169,0.972000002861023
445,899.387,1571.563,0.9890000224113464,821.074,1625.421,0.996999979019165,774.1,1645.285,0.9990000128746033,745.367,1668.757,0.9750000238418579,710.454,1692.169,0.9980000257492065
446,899.387,1563.752,0.9739999771118164,821.242,1619.518,0.9980000257492065,775.983,1644.687,0.9990000128746033,746.699,1668.504,0.9589999914169312,715.775,1693.185,0.996999979019165
447,907.401,1563.525,0.9300000071525574,821.332,1619.052,0.9990000128746033,780.038,1644.504,0.9990000128746033,755.337,1668.504,0.9940000176429749,715.978,1698.205,0.9990000128746033
448,907.401,1557.491,0.9620000123977661,821.242,1619.052,0.9950000047683716,781.011,1644.504,0.9990000128746033,756.537,1668.757,0.9909999966621399,716.62,1698.629,0.9940000176429749
449,899.909,1557.491,0.9890000224113464,821.242,1619.518,1.0,782.748,1644.504,0.9990000128746033,756.865,1668.757,0.9950000047683716,717.049,1698.629,0.9980000257492065
450,899.909,1557.491,0.9819999933242798,821.568,1627.036,0.9950000047683716,783.495,1647.121,1.0,757.054,1668.982,0.9829999804496765,717.049,1698.986,1.0
451,899.909,1563.42,0.7839999794960022,828.185,1627.369,0.984000027179718,783.798,1647.335,1.0,761.771,1675.187,0.9919999837875366,717.049,1699.597,0.9990000128746033
452,899.909,1588.235,0.9430000185966492,828.185,1628.625,0.8289999961853027,787.75,1647.341,1.0,763.184,1675.529,0.953000009059906,724.441,1705.95,0.9990000128746033
453,892.62,1588.6,0.8539999723434448,828.419,1635.244,0.9129999876022339,788.751,1647.769,1.0,763.224,1675.769,0.9509999752044678,724.441,1707.834,0.9940000176429749
454,883.12,1609.819,0.9990000128746033,828.496,1644.146,0.9319999814033508,791.07,1653.843,1.0,763.31,1682.406,0.9940000176429749,726.324,1708.551,0.9990000128746033
455,915.429,1588.6,0.984000027179718,829.003,1650.449,0.9599999785423279,797.371,1658.884,1.0,771.805,1682.406,0.9990000128746033,727.104,1709.468,1.0
456,916.041,1588.292,0.7609999775886536,836.327,1650.449,0.9959999918937683,799.742,1659.838,1.0,772.589,1683.999,0.9990000128746033,727.104,1709.468,1.0
457,916.041,1588.372,0.734000027179718,858.784,1650.449,0.9990000128746033,808.254,1660.397,1.0,778.47,1684.281,0.9779999852180481,727.104,1709.468,0.9980000257492065
458,924.173,1588.372,0.4429999887943268,858.79,1651.387,0.9869999885559082,812.872,1662.537,1.0,778.789,1684.836,0.9950000047683716,728.159,1709.468,0.9980000257492065
459,924.173,1588.372,0.4189999997615814,858.79,1652.731,0.984000027179718,813.846,1662.893,1.0,779.083,1686.03,0.972000002861023,731.93,1716.075,0.9980000257492065
460,924.173,1595.323,0.8109999895095825,858.79,1652.633,0.9919999837875366,815.118,1666.779,1.0,788.423,1686.356,0.9990000128746033,731.93,1724.14,0.9909999966621399
461,924.173,1595.472,0.8220000267028809,858.79,1652.731,0.9860000014305115,816.713,1667.175,1.0,789.458,1690.799,0.996999979019165,741.912,1724.361,0.9990000128746033
462,924.394,1596.083,0.34200000762939453,858.83,1653.19,0.996999979019165,819.539,1668.33,0.9990000128746033,789.461,1691.43,0.9980000257492065,743.112,1724.557,0.9990000128746033
463,924.09,1595.61,0.7929999828338623,868.659,1653.311,0.9940000176429749,823.441,1668.33,0.9990000128746033,794.484,1691.53,0.9929999709129333,743.441,1724.59,0.9980000257492065
464,924.008,1595.535,0.8690000176429749,955.525,1653.311,0.9940000176429749,823.441,1666.779,0.9990000128746033,794.488,1691.674,0.9890000224113464,748.004,1728.286,0.9990000128746033
465,924.71,1595.535,0.9860000014305115,955.525,1653.311,0.9940000176429749,824.435,1668.964,1.0,794.586,1691.728,0.9959999918937683,748.195,1728.286,1.0
466,924.758,1595.535,0.7049999833106995,886.058,1653.19,0.9909999966621399,823.962,1668.964,0.9990000128746033,794.586,1691.749,0.9860000014305115,748.382,1728.564,0.9990000128746033
467,931.028,1588.338,0.3269999921321869,886.058,1640.794,0.9940000176429749,823.441,1668.059,1.0,794.565,1691.749,0.9940000176429749,748.596,1728.564,0.996999979019165
468,931.139,1588.029,0.9390000104904175,885.157,1639.707,0.9980000257492065,823.616,1668.059,0.9980000257492065,794.565,1698.614,0.9980000257492065,749.077,1730.347,0.9980000257492065
469,932.152,1580.621,0.9750000238418579,884.334,1639.707,0.9959999918937683,823.962,1668.964,0.9990000128746033,794.565,1699.836,0.9990000128746033,749.241,1730.714,0.9990000128746033
470,932.152,1580.277,0.8640000224113464,883.311,1639.707,0.9559999704360962,823.962,1676.572,0.9990000128746033,794.565,1699.878,0.9990000128746033,755.676,1730.837,1.0
471,932.385,1580.277,0.968999981880188,883.143,1643.322,0.9869999885559082,828.436,1676.572,1.0,795.13,1702.264,0.9959999918937683,756.738,1740.08,0.9990000128746033
472,939.737,1580.621,0.9639999866485596,883.311,1650.852,0.9940000176429749,830.803,1676.572,0.9980000257492065,802.585,1707.129,0.9980000257492065,757.662,1746.423,0.9990000128746033
473,940.481,1580.621,0.035999998450279236,883.311,1652.385,0.9980000257492065,835.763,1677.637,1.0,802.791,1707.129,0.9990000128746033,757.662,1746.423,0.9990000128746033
474,946.205,1580.277,0.8849999904632568,893.062,1652.413,0.9909999966621399,845.768,1677.71,0.9980000257492065,810.792,1707.165,0.9850000143051147,757.662,1746.423,0.9990000128746033
475,963.417,1589.077,0.8759999871253967,898.297,1652.821,0.9980000257492065,850.584,1677.907,0.9990000128746033,818.982,1707.665,0.9729999899864197,187.207,853.338,0.996999979019165
476,972.814,1589.077,0.953000009059906,900.405,1657.792,0.984000027179718,851.23,1681.517,0.9990000128746033,821.276,1716.442,0.996999979019165,187.207,853.338,0.9729999899864197
477,973.237,1589.077,0.6919999718666077,907.567,1658.959,0.9399999976158142,851.66,1695.221,1.0,821.384,1716.459,0.9589999914169312,187.207,853.338,0.9929999709129333
478,979.743,1604.164,0.5879999995231628,917.377,1675.484,0.9679999947547913,862.381,1709.9,0.9990000128746033,827.267,1739.975,0.984000027179718,780.04,1780.78,0.9990000128746033
479,980.375,1612.785,0.9850000143051147,931.555,1683.835,0.9129999876022339,879.034,1714.669,0.9789999723434448,842.962,1740.739,0.9430000185966492,789.147,1786.758,0.9990000128746033
480,981.579,1620.846,0.6039999723434448,948.943,1686.14,0.9629999995231628,892.119,1716.124,0.9980000257492065,843.107,1755.246,0.9900000095367432,789.147,1786.758,0.9980000257492065
481,988.215,1642.87,0.9729999899864197,954.88,1689.866,0.9919999837875366,894.467,1718.521,0.9990000128746033,851.724,1756.079,0.9950000047683716,803.527,1795.825,0.9940000176429749
482,1011.699,1643.706,0.7419999837875366,954.88,1698.607,0.9929999709129333,898.882,1726.831,0.9919999837875366,859.078,1763.933,0.9829999804496765,812.422,1798.206,0.9980000257492065
483,1012.95,1643.706,0.6299999952316284,954.88,1699.605,0.9169999957084656,902.728,1739.316,0.9169999957084656,867.991,1764.665,0.9950000047683716,812.422,1798.206,0.9900000095367432
484,1020.161,1644.261,0.7730000019073486,955.794,1707.501,0.9390000104904175,908.328,1741.151,0.8610000014305115,867.991,1765.675,0.9950000047683716,251.921,890.519,0.9909999966621399
485,1012.95,1651.668,0.8029999732971191,956.158,1715.321,0.8849999904632568,909.978,1741.151,0.6100000143051147,867.991,1765.675,0.9959999918937683,828.045,1796.192,0.9850000143051147
486,1012.95,1651.668,0.9710000157356262,955.794,1715.563,0.9810000061988831,910.239,1741.151,0.9409999847412109,867.726,1765.675,0.9950000047683716,823.123,1795.06,0.9959999918937683
487,1005.96,1666.66,0.3490000069141388,955.794,1715.321,0.9660000205039978,910.239,1740.8,0.9900000095367432,867.115,1765.427,0.9829999804496765,251.921,890.519,0.9729999899864197
488,1005.284,1666.66,0.8309999704360962,948.865,1715.563,0.9539999961853027,909.978,1740.8,0.9779999852180481,866.443,1765.364,0.9940000176429749,251.921,890.311,0.9980000257492065
489,1005.233,1666.66,0.9919999837875366,947.106,1715.321,0.9610000252723694,900.212,1740.8,0.9390000104904175,866.358,1765.364,0.9879999756813049,819.515,1794.634,0.9980000257492065
490,1004.489,1659.93,0.9729999899864197,940.239,1715.007,0.9430000185966492,900.025,1740.8,0.9409999847412109,865.772,1765.364,0.968999981880188,235.818,882.456,0.996999979019165
491,1004.779,1651.25,0.9929999709129333,940.239,1714.653,0.9929999709129333,893.809,1740.8,0.9739999771118164,858.909,1765.531,0.9940000176429749,235.818,882.456,0.9950000047683716
492,1004.491,1649.221,0.9570000171661377,939.984,1708.906,0.9850000143051147,893.573,1738.829,0.9959999918937683,858.843,1765.531,0.968999981880188,235.818,882.456,0.996999979019165
493,1004.491,1635.092,0.9879999756813049,939.984,1707.805,0.9190000295639038,885.416,1732.223,0.9990000128746033,852.151,1765.531,0.996999979019165,795.584,1794.082,0.9990000128746033
494,997.068,1633.31,0.9679999947547913,931.834,1706.965,0.9980000257492065,878.812,1731.632,0.9990000128746033,842.772,1764.923,0.9459999799728394,227.021,875.868,0.996999979019165
495,997.068,1626.783,0.8740000128746033,931.134,1697.975,0.9940000176429749,877.273,1731.373,0.9900000095367432,842.564,1756.314,0.9779999852180481,780.136,1794.082,0.9980000257492065
496,995.58,1626.783,0.9639999866485596,930.751,1694.16,0.9990000128746033,869.232,1730.999,0.9990000128746033,842.527,1756.249,0.9829999804496765,780.136,1789.668,0.9980000257492065
497,988.492,1626.783,0.7870000004768372,924.415,1692.959,0.9890000224113464,862.583,1728.587,0.984000027179718,835.284,1755.966,0.9739999771118164,780.137,1790.121,0.996999979019165
498,964.318,1628.097,0.5109999775886536,917.39,1692.526,0.9990000128746033,862.3,1724.71,0.9909999966621399,834.65,1755.966,0.9049999713897705,780.136,1789.668,0.9779999852180481
499,964.318,1633.616,0.9409999847412109,917.356,1692.207,0.9980000257492065,861.94,1724.142,0.9670000076293945,826.847,1755.966,0.9629999995231628,780.136,1789.668,0.9929999709129333
500,964.187,1636.43,0.746999979019165,916.305,1692.207,0.9929999709129333,861.757,1724.009,0.9950000047683716,826.847,1755.966,0.9860000014305115,780.137,1789.668,0.9829999804496765
501,963.303,1637.298,0.996999979019165,908.287,1692.207,0.9959999918937683,861.757,1724.009,0.996999979019165,826.847,1755.757,0.9480000138282776,780.12,1790.121,0.9829999804496765
502,963.303,1637.298,0.8730000257492065,908.287,1693.3,0.996999979019165,861.465,1724.142,0.9900000095367432,826.564,1756.068,0.9919999837875366,779.889,1793.025,0.9940000176429749
503,971.9,1633.616,0.9319999814033508,908.287,1699.099,0.9919999837875366,861.757,1726.782,0.9990000128746033,826.564,1756.068,0.9850000143051147,780.08,1793.398,0.9980000257492065
504,994.001,1626.586,0.9800000190734863,908.391,1699.099,0.890999972820282,861.465,1726.782,0.9940000176429749,826.512,1755.977,0.9909999966621399,780.08,1797.492,0.9980000257492065
505,995.396,1625.1,0.9950000047683716,914.763,1699.099,0.9629999995231628,862.181,1726.782,0.9940000176429749,826.45,1755.897,0.9940000176429749,780.08,1797.7,0.9950000047683716
506,995.396,1623.948,0.9959999918937683,914.763,1693.042,0.9769999980926514,862.181,1726.782,0.9919999837875366,826.417,1755.897,0.968999981880188,780.08,1797.7,0.9980000257492065
507,995.396,1623.948,0.9240000247955322,914.763,1691.898,0.9869999885559082,862.181,1724.336,0.9200000166893005,826.19,1748.967,0.9909999966621399,780.201,1797.492,0.9980000257492065
508,988.746,1625.1,0.7279999852180481,909.078,1690.604,0.984000027179718,861.322,1724.336,0.9769999980926514,825.704,1748.967,0.9769999980926514,780.201,1795.529,0.9990000128746033
509,961.52,1635.784,0.45500001311302185,907.858,1685.498,0.9940000176429749,861.275,1724.336,0.9940000176429749,825.537,1748.967,0.9100000262260437,779.695,1795.373,1.0
510,961.52,1635.784,0.734000027179718,896.805,1685.498,0.9980000257492065,850.803,1723.334,0.9660000205039978,810.828,1755.515,0.9739999771118164,774.885,1794.4,1.0
511,961.52,1635.784,0.8410000205039978,896.805,1685.342,0.9980000257492065,850.803,1723.008,0.9900000095367432,810.828,1755.515,0.9769999980926514,773.99,1793.389,0.9990000128746033
512,972.317,1633.256,0.9610000252723694,896.805,1683.588,0.9940000176429749,850.803,1716.325,0.996999979019165,810.828,1755.515,0.9179999828338623,772.615,1793.389,0.9990000128746033
513,972.85,1628.185,0.9940000176429749,898.833,1683.588,0.9860000014305115,850.803,1716.325,0.9990000128746033,810.828,1750.646,0.9919999837875366,772.3,1793.281,0.9990000128746033
514,972.85,1621.427,0.972000002861023,901.3,1683.588,0.9470000267028809,850.233,1715.857,0.9990000128746033,810.828,1749.912,0.9700000286102295,771.428,1793.022,0.9980000257492065
515,972.85,1620.798,0.9179999828338623,901.783,1690.275,0.9869999885559082,850.184,1716.325,1.0,810.057,1749.912,0.9950000047683716,772.198,1793.056,0.996999979019165
516,972.85,1620.798,0.7279999852180481,901.783,1690.46,0.9890000224113464,847.627,1716.035,0.9990000128746033,810.025,1750.374,0.9959999918937683,765.24,1793.056,0.9929999709129333
517,972.85,1621.427,0.9810000061988831,901.783,1690.46,0.9909999966621399,847.627,1716.484,0.996999979019165,809.826,1750.374,0.9829999804496765,765.24,1793.056,0.9990000128746033
518,972.522,1627.175,0.9919999837875366,901.846,1690.275,0.9950000047683716,847.627,1717.045,0.9990000128746033,809.826,1750.374,0.9919999837875366,769.593,1793.056,0.996999979019165
519,972.439,1627.629,0.8069999814033508,901.783,1690.275,0.9980000257492065,851.646,1722.511,0.9990000128746033,810.025,1750.624,0.9800000190734863,769.593,1795.83,1.0
520,961.652,1643.521,0.6380000114440918,907.566,1691.666,0.9940000176429749,851.83,1723.376,1.0,810.025,1756.076,0.9409999847412109,769.593,1795.959,0.9990000128746033
521,961.652,1643.521,0.7919999957084656,908.209,1694.245,0.9900000095367432,852.162,1726.339,1.0,810.52,1756.578,0.8610000014305115,770.954,1796.832,0.9869999885559082
522,961.652,1644.452,0.9769999980926514,908.209,1694.863,0.9589999914169312,861.383,1731.549,0.9990000128746033,810.634,1763.442,0.9940000176429749,770.954,1796.832,0.9980000257492065
523,978.859,1644.582,0.949999988079071,908.649,1698.827,0.7170000076293945,862.826,1732.652,0.9990000128746033,818.324,1764.405,0.9869999885559082,770.954,1804.238,0.9980000257492065
524,979.195,1652.887,0.9729999899864197,908.764,1708.117,0.6439999938011169,863.009,1737.298,1.0,819.864,1764.405,0.9610000252723694,772.266,1804.243,0.9909999966621399
525,980.392,1658.68,0.9980000257492065,916.204,1708.946,0.9269999861717224,863.555,1737.631,1.0,819.888,1764.405,0.9710000157356262,772.266,1804.243,0.9919999837875366
526,980.392,1658.895,0.9649999737739563,916.44,1714.883,0.9710000157356262,863.555,1738.474,1.0,820.067,1764.941,0.8519999980926514,763.736,1804.045,0.9829999804496765
527,980.392,1660.255,0.7609999775886536,917.264,1716.339,0.9950000047683716,863.555,1740.08,1.0,826.153,1764.941,0.9819999933242798,763.736,1804.182,0.9850000143051147
528,978.448,1675.892,0.7590000033378601,918.314,1717.825,0.9990000128746033,862.338,1740.349,0.9990000128746033,826.336,1766.16,0.972000002861023,763.736,1804.045,0.9800000190734863
529,978.448,1676.314,0.8519999980926514,918.314,1720.129,0.996999979019165,861.724,1741.191,0.9959999918937683,826.493,1766.16,0.9890000224113464,763.736,1804.045,0.9869999885559082
530,972.351,1676.373,0.9240000247955322,918.314,1721.845,0.9959999918937683,861.724,1741.425,0.9959999918937683,826.896,1771.498,0.9860000014305115,790.014,1804.141,0.9480000138282776
531,971.917,1691.904,0.6700000166893005,917.112,1723.956,0.9760000109672546,861.724,1742.255,0.9210000038146973,827.095,1771.498,0.9990000128746033,790.868,1804.182,0.9520000219345093
532,971.917,1707.777,0.5899999737739563,915.732,1731.262,0.972000002861023,861.724,1746.811,0.9660000205039978,827.095,1771.498,0.9980000257492065,795.078,1804.846,0.9800000190734863
533,971.971,1707.845,0.5,915.413,1732.125,0.9860000014305115,861.724,1747.28,0.9959999918937683,827.095,1771.642,0.9950000047683716,795.078,1804.846,0.984000027179718
534,971.971,1707.89,0.8889999985694885,915.275,1732.703,0.996999979019165,861.775,1747.396,0.9169999957084656,826.99,1771.673,0.9549999833106995,795.078,1804.846,0.9779999852180481
535,971.971,1716.235,0.9240000247955322,915.275,1738.659,0.9779999852180481,861.775,1747.438,0.8880000114440918,826.99,1771.673,0.9459999799728394,795.078,1804.831,0.996999979019165
536,972.342,1716.417,0.890999972820282,915.275,1738.744,0.9990000128746033,861.775,1756.512,0.9710000157356262,826.99,1772.149,0.9909999966621399,791.106,1804.434,0.9459999799728394
537,972.427,1716.473,0.6880000233650208,917.67,1747.586,0.9929999709129333,865.534,1757.196,0.9980000257492065,827.213,1772.149,0.9789999723434448,210.777,883.988,0.9890000224113464
538,972.342,1723.765,0.09099999815225601,918.258,1747.999,0.996999979019165,865.841,1757.371,0.9980000257492065,833.928,1779.459,0.996999979019165,210.638,883.606,0.9929999709129333
539,972.236,1723.847,0.1550000011920929,919.632,1747.999,0.9980000257492065,866.507,1757.573,0.996999979019165,834.867,1779.459,0.9990000128746033,210.637,883.411,0.9869999885559082
540,972.342,1723.866,0.1850000023841858,918.258,1748.088,0.9769999980926514,866.507,1757.715,0.996999979019165,834.867,1779.459,0.9980000257492065,210.638,883.411,0.9890000224113464
541,972.427,1723.97,0.029999999329447746,917.67,1748.088,0.9700000286102295,866.507,1757.715,0.9940000176429749,833.928,1772.573,0.9819999933242798,210.777,883.411,0.9869999885559082
542,1036.285,1772.038,0.04699999839067459,916.847,1748.088,0.9290000200271606,865.95,1757.715,0.9990000128746033,827.234,1771.784,0.9729999899864197,775.717,1796.61,0.9929999709129333
543,,,,916.492,1754.783,0.9940000176429749,863.637,1757.715,0.9829999804496765,827.234,1771.784,0.9869999885559082,780.351,1798.24,0.9990000128746033
544,,,,909.478,1756.608,0.996999979019165,862.895,1757.703,0.9950000047683716,827.234,1771.744,0.996999979019165,780.584,1798.24,0.9950000047683716
545,,,,909.046,1756.608,0.996999979019165,862.895,1757.703,0.9940000176429749,834.182,1771.744,0.9990000128746033,780.95,1797.971,0.9980000257492065
546,,,,908.981,1756.719,0.996999979019165,863.637,1757.789,0.9909999966621399,835.283,1771.528,0.996999979019165,781.031,1798.157,0.996999979019165
547,,,,908.981,1756.719,0.996999979019165,863.812,1757.789,0.9990000128746033,835.797,1771.528,0.9980000257492065,785.84,1797.971,0.9990000128746033
548,859.88,1732.154,0.06800000369548798,908.981,1756.719,0.9959999918937683,865.427,1757.976,0.9959999918937683,836.033,1771.528,0.9980000257492065,787.319,1797.962,0.9980000257492065
549,860.013,1732.278,0.03799999877810478,908.981,1756.572,0.9729999899864197,867.782,1758.267,0.9980000257492065,836.038,1771.528,0.9980000257492065,787.319,1797.683,0.9959999918937683
550,939.089,1771.645,0.04899999871850014,900.455,1757.164,0.9919999837875366,868.799,1758.322,0.9990000128746033,836.033,1771.561,0.996999979019165,787.51,1797.683,0.9980000257492065
551,939.089,1795.955,0.3970000147819519,897.904,1757.487,0.9919999837875366,869.835,1758.322,0.996999979019165,836.033,1771.745,0.9940000176429749,787.319,1797.683,0.9810000061988831
552,940.129,1801.299,0.9980000257492065,897.904,1761.616,0.9940000176429749,876.152,1758.322,0.9070000052452087,836.038,1771.987,0.9819999933242798,786.668,1797.683,0.9909999966621399
553,945.086,1802.525,0.9779999852180481,897.904,1761.616,0.9909999966621399,877.623,1762.779,0.9860000014305115,836.038,1772.093,0.9160000085830688,786.668,1797.031,0.9959999918937683
554,947.756,1828.836,0.9259999990463257,898.38,1762.887,0.9760000109672546,884.071,1762.936,0.9769999980926514,842.632,1771.987,0.8190000057220459,788.175,1796.8,0.996999979019165
555,947.756,1828.836,0.4300000071525574,898.38,1762.912,0.9520000219345093,884.071,1762.936,0.9570000171661377,842.689,1772.246,0.9440000057220459,796.054,1796.8,0.9810000061988831
556,955.596,1835.445,0.27300000190734863,899.574,1763.101,0.9829999804496765,884.071,1763.292,0.996999979019165,842.735,1772.307,0.9480000138282776,796.054,1796.458,0.9860000014305115
557,955.873,1835.445,0.5130000114440918,899.574,1763.101,0.9789999723434448,883.458,1773.171,0.9929999709129333,842.863,1772.246,0.9359999895095825,796.054,1796.288,0.9829999804496765
558,961.606,1835.138,0.8240000009536743,976.254,1809.655,0.984000027179718,883.407,1773.171,0.9459999799728394,843.088,1772.246,0.8119999766349792,789.437,1796.288,0.9890000224113464
559,961.606,1835.138,0.9919999837875366,976.254,1810.754,0.996999979019165,883.271,1773.171,0.9599999785423279,843.141,1772.246,0.5630000233650208,789.06,1796.288,0.9449999928474426
560,961.606,1835.445,0.9829999804496765,976.254,1811.474,0.9929999709129333,883.271,1773.024,0.9670000076293945,851.807,1772.307,0.7020000219345093,789.06,1796.288,0.9819999933242798
561,954.445,1844.058,0.9919999837875366,972.324,1821.142,0.9940000176429749,883.271,1773.024,0.9330000281333923,852.982,1779.863,0.43299999833106995,789.06,1798.027,0.9679999947547913
562,954.374,1845.532,0.9769999980926514,970.249,1825.542,0.9980000257492065,883.748,1773.024,0.796999990940094,852.982,1780.019,0.4059999883174896,789.06,1798.027,0.9810000061988831
563,947.999,1858.33,0.9909999966621399,969.843,1827.365,0.9980000257492065,885.75,1789.253,0.9860000014305115,1051.577,1780.019,0.6629999876022339,789.06,1798.027,0.9909999966621399
564,947.999,1860.003,0.8140000104904175,969.843,1828.607,0.9990000128746033,891.484,1789.54,0.968999981880188,1051.637,1780.019,0.8270000219345093,195.89,883.65,0.9869999885559082
565,947.999,1860.003,0.5910000205039978,969.843,1828.607,0.9929999709129333,891.484,1789.774,0.9610000252723694,1051.577,1780.122,0.5870000123977661,194.949,883.65,0.9879999756813049
566,947.999,1860.003,0.22300000488758087,969.843,1828.607,0.9800000190734863,891.573,1789.774,0.9509999752044678,858.893,1780.289,0.2630000114440918,194.949,883.65,0.9890000224113464
567,947.999,1843.772,0.02800000086426735,970.535,1828.355,0.9919999837875366,891.484,1789.774,0.9710000157356262,858.893,1780.465,0.40400001406669617,194.797,883.957,0.9810000061988831
568,908.47,1842.865,0.5109999775886536,971.665,1821.709,0.9909999966621399,891.47,1789.774,0.9670000076293945,852.659,1780.465,0.6489999890327454,194.797,884.644,0.9959999918937683
569,908.47,1835.746,0.8870000243186951,972.73,1820.414,0.984000027179718,891.259,1790.341,0.8370000123977661,844.122,1780.465,0.5059999823570251,195.727,884.644,0.9919999837875366
570,908.47,1835.746,0.7649999856948853,972.73,1818.585,0.9509999752044678,885.195,1790.341,0.07199999690055847,219.47,811.822,0.3709999918937683,195.727,884.644,0.9959999918937683
571,932.957,1827.775,0.6819999814033508,972.73,1818.585,0.9319999814033508,885.195,1795.751,0.05900000035762787,219.46,811.82,0.2370000034570694,195.727,884.644,0.9940000176429749
572,940.065,1827.775,0.9470000267028809,972.532,1818.585,0.9309999942779541,884.359,1795.751,0.17100000381469727,219.46,811.82,0.2029999941587448,196.168,884.644,0.996999979019165
573,955.881,1827.775,0.03700000047683716,972.478,1810.83,0.953000009059906,884.32,1795.751,0.03799999877810478,219.47,811.822,0.07500000298023224,196.712,884.58,0.9950000047683716
574,955.881,1835.961,0.28299999237060547,959.992,1819.773,0.8109999895095825,884.32,1789.455,0.032999999821186066,843.623,1787.579,0.11699999868869781,795.814,1797.921,0.972000002861023
575,955.881,1836.113,0.027000000700354576,959.992,1819.914,0.925000011920929,891.379,1789.079,0.1340000033378601,843.623,1787.579,0.12200000137090683,795.814,1797.921,0.9620000123977661
576,914.294,1836.211,0.04600000008940697,959.918,1830.188,0.9940000176429749,884.928,1789.079,0.8069999814033508,843.623,1787.579,0.26100000739097595,204.551,882.981,0.9380000233650208
577,914.294,1843.196,0.5759999752044678,959.918,1830.188,0.9950000047683716,884.928,1789.455,0.8059999942779541,83.834,1396.299,0.23800000548362732,204.551,882.981,0.8999999761581421
578,914.294,1843.196,0.9150000214576721,959.992,1830.188,0.996999979019165,891.379,1789.674,0.7979999780654907,83.668,1396.299,0.24199999868869781,795.673,1804.27,0.968999981880188
579,915.413,1843.196,0.7710000276565552,965.11,1820.045,0.9879999756813049,891.379,1789.676,0.7879999876022339,83.668,1396.299,0.5920000076293945,795.673,1804.285,0.9760000109672546
580,1036.361,1755.92,0.0430000014603138,965.754,1819.729,0.9959999918937683,884.928,1789.676,0.9259999990463257,83.665,1404.568,0.38100001215934753,795.791,1804.285,0.9750000238418579
581,1036.361,1755.92,0.10100000351667404,965.754,1809.559,0.9909999966621399,884.339,1789.674,0.9359999895095825,83.319,1404.568,0.5519999861717224,795.791,1804.285,0.9929999709129333
582,1036.361,1755.92,0.3059999942779541,971.863,1804.609,0.9900000095367432,884.727,1789.36,0.3179999887943268,83.319,1404.6,0.21799999475479126,795.673,1804.119,0.9959999918937683
583,1036.327,1756.065,0.28600001335144043,978.991,1804.609,0.9139999747276306,884.727,1789.36,0.640999972820282,83.319,1404.568,0.46000000834465027,795.561,1803.975,0.9940000176429749
584,1036.122,1756.118,0.3009999990463257,978.991,1804.308,0.8999999761581421,884.286,1788.538,0.8799999952316284,83.319,1397.511,0.3100000023841858,795.561,1803.859,0.9929999709129333
585,1036.122,1764.151,0.0949999988079071,972.335,1804.444,0.7670000195503235,884.727,1789.36,0.9449999928474426,83.319,1397.253,0.8240000009536743,795.561,1803.859,0.9900000095367432
586,1036.327,1764.151,0.07000000029802322,972.383,1804.459,0.17800000309944153,891.964,1794.111,0.7049999833106995,76.285,1397.253,0.421999990940094,795.561,1803.859,0.9779999852180481
587,,,,972.335,1804.444,0.10300000011920929,971.804,1803.24,0.921999990940094,76.285,1397.253,0.6669999957084656,795.561,1803.859,0.9769999980926514
588,,,,972.335,1804.444,0.20800000429153442,971.804,1803.24,0.7649999856948853,83.326,1397.253,0.25099998712539673,795.542,1803.896,0.9890000224113464
589,923.926,1811.873,0.04800000041723251,972.383,1804.459,0.33500000834465027,971.804,1803.24,0.2240000069141388,842.452,1794.942,0.6299999952316284,789.109,1803.924,0.9940000176429749
590,923.954,1820.41,0.1469999998807907,978.772,1804.621,0.6790000200271606,883.815,1772.163,0.17499999701976776,842.452,1794.942,0.746999979019165,787.052,1803.924,0.9909999966621399
591,,,,979.057,1804.621,0.15299999713897705,883.815,1772.163,0.39100000262260437,842.99,1795.599,0.921999990940094,787.052,1803.649,0.9950000047683716
592,1020.187,1795.526,0.014000000432133675,979.057,1804.621,0.6930000185966492,883.815,1772.163,0.4339999854564667,842.452,1796.517,0.7730000019073486,781.442,1803.649,0.9980000257492065
593,1027.893,1796.035,0.3190000057220459,979.808,1804.621,0.46700000762939453,979.371,1803.647,0.3619999885559082,842.399,1796.517,0.7170000076293945,781.553,1798.357,0.9990000128746033
594,1027.924,1811.647,0.024000000208616257,988.547,1805.697,0.17900000512599945,979.661,1803.647,0.6610000133514404,828.695,1795.934,0.5040000081062317,781.553,1795.959,0.9919999837875366
595,,,,,,,979.661,1803.647,0.6809999942779541,828.405,1795.934,0.5339999794960022,781.442,1795.641,0.9890000224113464
596,,,,915.898,1803.952,0.11500000208616257,979.661,1803.646,0.6990000009536743,828.405,1795.934,0.9660000205039978,780.967,1795.342,0.9620000123977661
597,,,,915.898,1803.952,0.16099999845027924,979.422,1796.879,0.7590000033378601,828.237,1794.161,0.7910000085830688,772.511,1795.342,0.8949999809265137
598,,,,923.465,1803.952,0.3959999978542328,979.422,1796.824,0.8809999823570251,827.618,1794.125,0.48100000619888306,772.511,1795.641,0.9649999737739563
599,939.673,1804.258,0.04500000178813934,923.903,1803.785,0.3240000009536743,979.378,1796.549,0.6570000052452087,83.245,1427.578,0.49300000071525574,772.511,1795.521,0.9959999918937683
600,,,,923.465,1803.584,0.9810000061988831,979.422,1796.099,0.6380000114440918,83.245,1427.578,0.10700000077486038,773.227,1797.089,0.9990000128746033
601,,,,923.465,1802.391,0.550000011920929,979.774,1795.717,0.6380000114440918,83.245,1427.578,0.5559999942779541,779.614,1797.169,0.9940000176429749
602,924.067,1804.366,0.039000000804662704,923.651,1802.391,0.9330000281333923,979.774,1795.55,0.2919999957084656,836.532,1787.16,0.3100000023841858,780.845,1797.375,0.9959999918937683
603,,,,923.903,1802.984,0.9089999794960022,971.79,1795.421,0.7910000085830688,836.532,1787.351,0.15700000524520874,780.946,1797.856,0.9879999756813049
604,,,,923.954,1802.113,0.7300000190734863,964.582,1795.421,0.7250000238418579,836.532,1787.796,0.6639999747276306,781.043,1798.494,0.9950000047683716
605,,,,923.954,1802.113,0.10999999940395355,884.572,1788.809,0.9509999752044678,835.784,1787.351,0.8429999947547913,781.49,1798.494,0.9980000257492065
606,,,,923.954,1797.364,0.289000004529953,883.685,1788.647,0.6740000247955322,835.784,1787.351,0.5099999904632568,781.49,1797.856,0.9850000143051147
607,,,,915.781,1797.352,0.9440000057220459,92.721,1373.226,0.421999990940094,835.784,1795.058,0.44999998807907104,781.043,1797.384,0.9909999966621399
608,,,,915.056,1797.352,0.9750000238418579,92.488,1373.226,0.2070000022649765,828.037,1795.058,0.7269999980926514,780.942,1797.044,0.9769999980926514
609,,,,915.056,1797.364,0.9879999756813049,92.488,1364.279,0.23100000619888306,75.987,1404.525,0.8209999799728394,780.671,1796.179,0.9829999804496765
610,,,,915.056,1797.599,0.9919999837875366,92.488,1364.279,0.30000001192092896,828.324,1787.277,0.6949999928474426,780.206,1796.179,0.9860000014305115
611,,,,916.999,1802.778,0.984000027179718,92.721,1373.226,0.23000000417232513,75.968,1404.525,0.7059999704360962,780.134,1796.179,0.984000027179718
612,,,,917.36,1802.823,0.9909999966621399,100.025,1388.451,0.5950000286102295,75.968,1404.525,0.8920000195503235,780.134,1795.505,0.9900000095367432
613,,,,917.36,1802.864,0.984000027179718,100.025,1363.292,0.597000002861023,828.324,1787.277,0.7770000100135803,780.206,1795.505,0.9950000047683716
614,,,,916.999,1802.864,0.9940000176429749,875.554,1788.069,0.4449999928474426,828.324,1787.277,0.7789999842643738,780.29,1795.505,0.9990000128746033
615,,,,916.758,1802.864,0.984000027179718,875.554,1788.069,0.6499999761581421,827.342,1780.644,0.9070000052452087,780.47,1794.96,0.9909999966621399
616,,,,915.978,1797.747,0.9959999918937683,875.554,1788.561,0.42800000309944153,827.342,1780.644,0.7149999737739563,780.927,1794.299,0.9729999899864197
617,,,,914.253,1795.991,0.9850000143051147,92.473,1363.591,0.48500001430511475,75.972,1428.988,0.8989999890327454,789.512,1788.843,0.9459999799728394
618,,,,914.253,1794.985,0.9980000257492065,876.294,1779.726,0.9649999737739563,75.553,1404.557,0.8220000267028809,789.512,1788.843,0.9589999914169312
619,,,,910.967,1794.985,0.9980000257492065,875.97,1779.726,0.7279999852180481,75.972,1404.557,0.9670000076293945,790.006,1788.737,0.9789999723434448
620,,,,910.967,1795.991,0.9980000257492065,875.97,1779.726,0.8669999837875366,75.858,1397.401,0.8299999833106995,790.263,1788.843,0.9599999785423279
621,,,,910.369,1795.446,1.0,875.97,1779.726,0.7120000123977661,75.858,1397.401,0.7289999723434448,790.263,1788.928,0.9789999723434448
622,,,,910.369,1796.078,1.0,876.294,1779.793,0.2930000126361847,827.375,1764.378,0.6069999933242798,789.547,1788.977,0.984000027179718
623,,,,910.153,1796.078,1.0,875.97,1779.793,0.2240000069141388,827.4,1771.181,0.44200000166893005,789.547,1788.977,0.9769999980926514
624,,,,909.739,1795.905,0.9980000257492065,92.175,1364.248,0.25699999928474426,827.4,1780.251,0.8870000243186951,772.112,1795.746,0.7950000166893005
625,,,,909.739,1795.872,0.9990000128746033,876.568,1779.793,0.5870000123977661,827.4,1780.251,0.9539999961853027,772.072,1795.746,0.8989999890327454
626,,,,909.539,1795.872,0.9890000224113464,876.568,1779.793,0.5799999833106995,827.375,1780.251,0.8159999847412109,764.71,1795.746,0.8989999890327454
627,,,,909.539,1795.714,0.9900000095367432,92.229,1356.397,0.7039999961853027,75.772,1404.437,0.9210000038146973,203.882,874.969,0.925000011920929
628,,,,909.539,1795.714,0.9399999976158142,884.121,1788.919,0.75,75.772,1404.437,0.9319999814033508,203.882,874.969,0.8370000123977661
629,908.213,1804.301,0.057999998331069946,909.84,1795.714,0.9800000190734863,987.391,1794.729,0.46399998664855957,75.485,1404.437,0.9190000295639038,203.882,874.969,0.8199999928474426
630,,,,915.503,1796.072,0.9990000128746033,987.591,1794.729,0.7879999876022339,75.772,1404.583,0.6759999990463257,780.571,1789.468,0.9639999866485596
631,,,,915.789,1796.768,0.9980000257492065,987.591,1795.055,0.6639999747276306,75.916,1428.684,0.9089999794960022,780.571,1789.468,0.9789999723434448
632,,,,916.415,1797.916,0.9990000128746033,987.591,1795.213,0.6129999756813049,836.118,1779.721,0.8489999771118164,780.571,1789.468,0.9900000095367432
633,,,,916.607,1797.916,0.9980000257492065,980.174,1795.213,0.8399999737739563,836.241,1779.721,0.8420000076293945,780.336,1789.266,0.9900000095367432
634,,,,916.607,1798.006,0.9879999756813049,979.991,1795.309,0.9739999771118164,837.843,1780.276,0.9729999899864197,779.669,1788.677,0.9929999709129333
635,,,,916.607,1798.635,0.9850000143051147,979.853,1795.309,0.9860000014305115,837.843,1779.721,0.9879999756813049,779.669,1788.294,0.9990000128746033
636,,,,915.146,1798.006,0.9779999852180481,979.75,1795.021,0.7279999852180481,838.036,1780.276,0.7490000128746033,779.669,1780.729,0.996999979019165
637,,,,915.146,1802.998,0.984000027179718,875.491,1780.653,0.7020000219345093,842.445,1780.276,0.7059999704360962,780.05,1780.729,0.9829999804496765
638,924.311,1804.143,0.032999999821186066,915.086,1803.159,0.9319999814033508,875.406,1780.503,0.7409999966621399,842.779,1780.588,0.7879999876022339,780.103,1780.729,0.9909999966621399
639,,,,915.086,1803.897,0.9240000247955322,868.561,1780.145,0.6740000247955322,842.956,1780.834,0.8539999723434448,787.429,1788.073,0.9879999756813049
640,,,,914.992,1803.159,0.9860000014305115,875.406,1780.127,0.6000000238418579,842.956,1780.834,0.7649999856948853,788.865,1788.262,0.9860000014305115
641,,,,972.391,1804.294,0.972000002861023,875.491,1779.922,0.6690000295639038,842.956,1780.588,0.5680000185966492,788.865,1788.262,0.9549999833106995
642,,,,914.992,1803.159,0.652999997138977,92.566,1452.088,0.5759999752044678,75.653,1397.312,0.7620000243186951,789.899,1788.262,0.9739999771118164
643,,,,972.751,1802.714,0.6579999923706055,92.566,1452.088,0.8859999775886536,75.32,1396.934,0.9580000042915344,789.899,1788.235,0.9980000257492065
644,,,,908.447,1796.043,0.8450000286102295,92.67,1356.457,0.8529999852180481,75.32,1396.934,0.9200000166893005,789.652,1787.724,0.9919999837875366
645,1027.969,1755.681,0.0430000014603138,973.117,1796.043,0.6269999742507935,92.67,1356.403,0.7889999747276306,75.32,1396.653,0.9100000262260437,789.652,1787.357,0.9929999709129333
646,,,,900.415,1795.96,0.6159999966621399,92.566,1356.403,0.7770000100135803,75.433,1396.577,0.8980000019073486,789.899,1781.366,0.9940000176429749
647,,,,900.415,1795.96,0.1599999964237213,92.37,1356.457,0.8069999814033508,75.463,1396.577,0.8740000128746033,795.878,1781.216,0.9710000157356262
648,884.16,1739.89,0.18299999833106995,900.415,1794.893,0.6890000104904175,92.37,1356.457,0.5830000042915344,83.217,1396.41,0.7559999823570251,795.878,1781.216,0.9929999709129333
649,891.955,1739.987,0.0949999988079071,979.18,1794.532,0.9179999828338623,92.359,1356.403,0.33500000834465027,83.217,1396.045,0.43799999356269836,795.878,1781.291,0.996999979019165
650,891.997,1740.204,0.08500000089406967,979.18,1792.855,0.9359999895095825,91.944,1356.172,0.4699999988079071,83.683,1396.045,0.5690000057220459,789.902,1781.291,0.9990000128746033
651,,,,979.428,1792.855,0.9950000047683716,91.944,1356.071,0.29899999499320984,83.698,1396.41,0.671999990940094,789.902,1781.33,0.9990000128746033
652,892.41,1732.912,0.019999999552965164,980.316,1792.83,0.9879999756813049,91.944,1356.071,0.3269999921321869,843.185,1780.612,0.42500001192092896,789.078,1781.508,0.9990000128746033
653,1028.132,1755.726,0.33500000834465027,980.548,1792.618,0.9950000047683716,92.097,1356.161,0.3919999897480011,843.494,1780.612,0.75,789.902,1781.532,0.9990000128746033
654,1028.132,1763.691,0.09000000357627869,981.195,1790.025,0.9819999933242798,92.275,1356.172,0.2669999897480011,843.736,1780.612,0.7400000095367432,790.344,1781.532,0.9980000257492065
655,1028.109,1763.691,0.09700000286102295,981.195,1789.507,0.9909999966621399,92.275,1363.842,0.12300000339746475,843.494,1780.321,0.8930000066757202,795.234,1781.532,0.9750000238418579
656,1028.109,1763.691,0.22300000488758087,981.195,1789.507,0.9850000143051147,92.447,1364.029,0.4050000011920929,843.494,1780.065,0.6970000267028809,795.948,1780.645,0.9850000143051147
657,1028.031,1755.505,0.23800000548362732,979.814,1789.131,0.9660000205039978,92.447,1364.029,0.3160000145435333,59.578,1429.1,0.5789999961853027,795.948,1779.789,0.9909999966621399
658,1028.031,1755.505,0.03500000014901161,979.789,1788.727,0.9750000238418579,92.218,1363.842,0.32600000500679016,59.578,1429.1,0.656000018119812,795.948,1779.789,0.9610000252723694
659,1028.109,1755.505,0.014999999664723873,979.386,1788.696,0.48899999260902405,91.955,1356.7,0.36800000071525574,59.578,1429.1,0.8830000162124634,795.857,1780.553,0.9860000014305115
660,,,,971.754,1788.727,0.765999972820282,91.755,1356.29,0.4650000035762787,75.286,1429.1,0.8040000200271606,790.055,1780.592,0.9909999966621399
661,,,,964.025,1788.727,0.5669999718666077,91.755,1356.29,0.47600001096725464,75.556,1429.1,0.8930000066757202,789.86,1780.553,0.9990000128746033
662,,,,948.446,1794.227,0.746999979019165,91.955,1356.7,0.2329999953508377,75.565,1396.567,0.8799999952316284,789.86,1780.553,1.0
663,,,,948.446,1794.579,0.8999999761581421,971.492,1780.892,0.3630000054836273,75.565,1396.567,0.9179999828338623,789.86,1780.446,1.0
664,,,,948.446,1794.975,0.9010000228881836,971.622,1787.811,0.8899999856948853,75.556,1396.535,0.7720000147819519,790.655,1779.778,0.9990000128746033
665,1011.905,1739.91,0.028999999165534973,948.446,1794.579,0.6359999775886536,971.622,1787.811,0.39899998903274536,75.565,1396.535,0.6639999747276306,790.655,1779.124,0.9959999918937683
666,,,,941.088,1794.579,0.5410000085830688,971.492,1780.892,0.2549999952316284,75.61,1396.838,0.7910000085830688,790.655,1778.503,0.9959999918937683
667,,,,941.088,1794.579,0.9079999923706055,92.214,1356.519,0.6940000057220459,76.13,1404.338,0.7570000290870667,790.013,1778.503,0.9990000128746033
668,1011.857,1739.87,0.0560000017285347,941.088,1794.107,0.9120000004768372,92.214,1356.519,0.5740000009536743,75.61,1396.838,0.8199999928474426,789.022,1779.124,0.9919999837875366
669,,,,941.088,1793.471,0.503000020980835,91.764,1356.519,0.5559999942779541,851.445,1778.948,0.871999979019165,788.397,1780.811,0.9829999804496765
670,1011.935,1739.893,0.06300000101327896,971.746,1779.741,0.9589999914169312,91.764,1356.738,0.5669999718666077,851.755,1779.203,0.8610000014305115,788.397,1780.989,0.9959999918937683
671,1011.949,1739.913,0.04399999976158142,971.746,1779.741,0.8119999766349792,91.937,1356.738,0.6359999775886536,851.917,1780.346,0.7860000133514404,789.022,1781.828,0.9990000128746033
672,1011.961,1739.929,0.05299999937415123,971.746,1779.741,0.9679999947547913,91.937,1356.738,0.19900000095367432,857.996,1781.051,0.9110000133514404,790.208,1781.828,0.9990000128746033
673,,,,970.663,1788.294,0.6740000247955322,91.937,1356.607,0.6880000233650208,858.185,1782.147,0.9430000185966492,796.274,1781.828,0.996999979019165
674,,,,970.663,1788.508,0.5509999990463257,91.937,1356.584,0.6679999828338623,858.185,1782.147,0.9739999771118164,796.392,1781.566,0.9980000257492065
675,899.933,1739.681,0.06800000369548798,965.085,1789.23,0.9900000095367432,91.937,1356.584,0.7570000290870667,858.185,1782.147,0.9100000262260437,796.454,1780.617,0.9990000128746033
676,899.95,1739.77,0.09799999743700027,965.085,1789.23,0.9829999804496765,92.137,1356.607,0.4490000009536743,858.155,1781.675,0.9240000247955322,796.562,1780.054,0.9980000257492065
677,900.053,1739.833,0.035999998450279236,965.085,1789.23,0.9879999756813049,892.081,1780.519,0.8029999732971191,858.155,1781.55,0.9480000138282776,796.562,1779.952,0.9990000128746033
678,,,,964.196,1789.23,0.9710000157356262,892.081,1780.519,0.5740000009536743,75.794,1421.085,0.8450000286102295,796.562,1779.807,0.9980000257492065
679,,,,964.196,1789.23,0.9829999804496765,892.081,1780.519,0.2720000147819519,66.821,1420.986,0.847000002861023,789.098,1779.807,0.9990000128746033
680,,,,964.196,1788.669,0.9769999980926514,91.979,1356.291,0.6650000214576721,66.118,1420.827,0.9480000138282776,788.749,1779.956,0.9990000128746033
681,,,,964.438,1788.603,0.9449999928474426,91.778,1356.224,0.4050000011920929,66.118,1420.827,0.9660000205039978,788.741,1779.956,0.9959999918937683
682,,,,964.438,1788.603,0.9330000281333923,91.629,1356.097,0.4020000100135803,66.118,1420.827,0.9629999995231628,788.022,1780.617,0.9980000257492065
683,,,,965.386,1788.603,0.9909999966621399,91.617,1356.224,0.3109999895095825,68.971,1411.966,0.953000009059906,788.022,1780.919,0.9950000047683716
684,,,,965.386,1788.227,0.9819999933242798,91.577,1356.253,0.3089999854564667,69.098,1411.264,0.9779999852180481,788.266,1781.04,0.996999979019165
685,,,,964.438,1788.227,0.9950000047683716,91.577,1356.224,0.21299999952316284,75.928,1404.397,0.7139999866485596,788.266,1781.04,0.9980000257492065
686,,,,956.124,1789.654,0.9829999804496765,91.577,1356.166,0.1940000057220459,75.928,1404.397,0.8899999856948853,789.037,1781.04,0.9990000128746033
687,1020.164,1740.018,0.03200000151991844,956.372,1789.654,0.753000020980835,91.577,1356.166,0.5849999785423279,75.928,1404.397,0.9079999923706055,790.039,1781.117,0.9990000128746033
688,1020.166,1740.036,0.03400000184774399,956.372,1789.654,0.6499999761581421,91.61,1356.166,0.38100001215934753,66.162,1420.245,0.8709999918937683,790.383,1781.04,0.9980000257492065
689,,,,949.679,1794.64,0.8040000200271606,91.635,1356.166,0.6349999904632568,66.162,1420.343,0.9610000252723694,790.383,1780.942,0.9950000047683716
690,,,,956.372,1794.64,0.8009999990463257,91.655,1388.049,0.15000000596046448,65.472,1420.343,0.921999990940094,796.026,1780.942,0.9940000176429749
691,,,,956.503,1794.503,0.9359999895095825,91.655,1388.049,0.04600000008940697,65.698,1420.343,0.828000009059906,796.026,1780.361,0.968999981880188
692,,,,956.503,1794.428,0.8669999837875366,91.655,1388.049,0.10700000077486038,66.162,1420.343,0.921999990940094,790.351,1779.07,0.9829999804496765
693,,,,956.503,1794.428,0.9409999847412109,884.128,1779.991,0.17299999296665192,66.242,1420.525,0.9290000200271606,789.796,1778.556,0.9929999709129333
694,,,,961.671,1787.908,0.5839999914169312,884.128,1779.991,0.18199999630451202,65.929,1420.596,0.8999999761581421,790.259,1778.556,0.9950000047683716
695,,,,962.791,1787.483,0.9509999752044678,884.128,1780.262,0.19900000095367432,65.929,1420.596,0.9729999899864197,790.174,1777.963,0.9959999918937683
696,,,,962.791,1787.483,0.9869999885559082,892.185,1780.354,0.3330000042915344,65.929,1420.525,0.9760000109672546,790.174,1777.963,0.9990000128746033
697,,,,962.791,1787.483,0.8650000095367432,892.373,1780.607,0.7540000081062317,65.293,1420.304,0.9860000014305115,789.796,1777.819,0.9990000128746033
698,1011.552,1731.636,0.019999999552965164,957.402,1788.179,0.9929999709129333,892.373,1780.607,0.7429999709129333,65.293,1420.304,0.9729999899864197,788.507,1777.819,0.9980000257492065
699,1011.987,1739.762,0.1080000028014183,957.402,1788.179,0.9660000205039978,892.373,1780.607,0.2800000011920929,60.696,1420.304,0.9570000171661377,788.044,1772.842,0.996999979019165
700,1020.049,1740.063,0.07500000298023224,957.402,1788.179,0.7580000162124634,892.373,1788.373,0.07199999690055847,60.696,1420.351,0.9449999928474426,788.044,1772.822,0.9980000257492065
701,,,,964.752,1779.986,0.9700000286102295,892.373,1788.763,0.04500000178813934,65.845,1420.385,0.42800000309944153,788.044,1772.69,0.9990000128746033
702,,,,965.163,1779.811,0.9869999885559082,,,,66.47,1420.385,0.9089999794960022,787.618,1772.69,0.9990000128746033
703,,,,966.021,1779.254,0.9750000238418579,,,,67.196,1420.385,0.574999988079071,787.281,1772.385,0.9980000257492065
704,,,,965.163,1779.811,0.9779999852180481,83.758,1427.964,0.08799999952316284,69.292,1420.415,0.6840000152587891,787.281,1771.878,0.9990000128746033
705,1019.99,1732.007,0.050999999046325684,971.295,1779.254,0.9279999732971191,899.833,1756.325,0.03700000047683716,851.97,1770.579,0.7910000085830688,787.102,1771.844,1.0
706,1020.029,1732.007,0.01600000075995922,971.331,1779.032,0.7900000214576721,907.83,1756.325,0.032999999821186066,852.402,1770.854,0.8029999732971191,787.102,1771.739,1.0
707,1027.626,1739.897,0.01600000075995922,971.295,1779.032,0.9629999995231628,907.83,1756.325,0.12300000339746475,852.663,1771.034,0.9070000052452087,787.462,1771.67,1.0
708,1027.626,1747.997,0.02500000037252903,947.486,1788.781,0.9200000166893005,907.955,1772.195,0.032999999821186066,852.73,1771.034,0.8600000143051147,788.684,1771.607,1.0
709,,,,947.486,1787.512,0.5130000114440918,907.955,1772.195,0.25099998712539673,852.73,1770.854,0.7689999938011169,789.112,1771.473,1.0
710,,,,933.244,1788.776,0.8339999914169312,907.83,1772.208,0.0860000029206276,852.402,1770.854,0.6779999732971191,789.293,1771.473,1.0
711,,,,933.244,1788.776,0.949999988079071,892.096,1779.938,0.02800000086426735,852.317,1771.034,0.8429999947547913,789.359,1771.301,1.0
712,,,,933.244,1787.918,0.8059999942779541,892.096,1780.39,0.026000000536441803,851.857,1771.259,0.6660000085830688,789.606,1771.288,0.9990000128746033
713,,,,940.509,1787.918,0.9909999966621399,892.096,1780.39,0.02199999988079071,65.36,1420.698,0.5690000057220459,790.267,1771.192,0.9990000128746033
714,1019.994,1731.942,0.027000000700354576,946.341,1788.42,0.9269999861717224,892.096,1780.001,0.09000000357627869,65.4,1420.832,0.8389999866485596,790.387,1766.78,0.9990000128746033
715,,,,955.838,1788.244,0.890999972820282,892.096,1779.938,0.0560000017285347,66.649,1420.832,0.9160000085830688,790.387,1766.452,0.9990000128746033
716,,,,955.838,1788.244,0.8930000066757202,91.984,1388.064,0.03700000047683716,65.677,1420.832,0.925000011920929,790.267,1766.428,1.0
717,,,,956.597,1788.244,0.5740000009536743,91.984,1388.064,0.039000000804662704,65.4,1420.725,0.7210000157356262,788.219,1766.428,1.0
718,,,,964.448,1781.894,0.9890000224113464,91.984,1388.064,0.14800000190734863,65.4,1420.725,0.9750000238418579,788.219,1766.246,1.0
719,,,,965.332,1780.663,0.7760000228881836,92.028,1388.457,0.09600000083446503,60.367,1420.32,0.9919999837875366,788.219,1766.208,1.0
720,,,,971.078,1778.616,0.9200000166893005,892.071,1780.11,0.08100000023841858,60.043,1419.618,0.8769999742507935,789.681,1766.208,0.9990000128746033
721,,,,971.078,1778.616,0.9950000047683716,,,,59.808,1419.501,0.8840000033378601,789.681,1766.208,0.9990000128746033
722,,,,971.078,1778.616,0.9670000076293945,883.989,1748.072,0.017000000923871994,59.725,1419.422,0.9039999842643738,789.681,1766.208,0.9959999918937683
723,,,,963.68,1779.248,0.921999990940094,883.989,1748.072,0.1940000057220459,59.725,1419.422,0.8880000114440918,789.617,1766.144,0.9980000257492065
724,892.138,1724.091,0.25200000405311584,963.68,1779.248,0.9399999976158142,892.132,1772.066,0.06300000101327896,59.725,1419.422,0.906000018119812,787.796,1765.966,0.996999979019165
725,,,,963.68,1779.248,0.9919999837875366,892.132,1772.734,0.04100000113248825,844.041,1763.001,0.9760000109672546,787.163,1765.272,0.9959999918937683
726,,,,970.398,1777.974,0.9980000257492065,,,,844.34,1763.345,0.9670000076293945,781.294,1764.237,0.9980000257492065
727,,,,970.692,1777.584,0.9919999837875366,,,,844.482,1763.404,0.9620000123977661,780.925,1764.126,0.9980000257492065
728,,,,971.671,1777.584,0.984000027179718,,,,844.482,1763.404,0.06800000369548798,780.321,1764.032,0.9990000128746033
729,,,,971.806,1777.326,0.9879999756813049,,,,844.482,1763.345,0.6100000143051147,780.321,1763.622,0.9990000128746033
730,,,,971.871,1776.667,0.9480000138282776,91.596,1356.028,0.07400000095367432,76.217,1411.877,0.2160000056028366,780.321,1763.58,0.996999979019165
731,,,,971.871,1776.667,0.9800000190734863,91.625,1356.058,0.46299999952316284,76.019,1411.24,0.4790000021457672,780.91,1763.428,0.996999979019165
732,,,,971.871,1776.667,0.8740000128746033,91.855,1356.168,0.6320000290870667,75.919,1411.24,0.6029999852180481,781.248,1763.428,0.9959999918937683
733,,,,971.871,1776.667,0.6850000023841858,91.654,1363.767,0.5419999957084656,75.919,1411.24,0.6830000281333923,786.657,1763.428,0.9990000128746033
734,,,,957.625,1778.301,0.9800000190734863,91.654,1363.767,0.5249999761581421,75.919,1411.247,0.7310000061988831,786.657,1763.639,0.9980000257492065
735,,,,956.069,1778.45,0.9760000109672546,91.864,1363.935,0.2240000069141388,75.919,1420.468,0.8420000076293945,786.657,1763.804,0.9990000128746033
736,,,,955.509,1778.45,0.9760000109672546,91.864,1364.014,0.09799999743700027,843.582,1764.44,0.23899999260902405,781.532,1763.82,0.9980000257492065
737,1027.973,1739.568,0.01600000075995922,914.788,1778.658,0.9829999804496765,892.089,1763.911,0.029999999329447746,843.582,1764.684,0.6769999861717224,781.269,1763.949,0.9980000257492065
738,,,,914.788,1778.658,0.9810000061988831,892.089,1764.112,0.12999999523162842,843.582,1764.789,0.8669999837875366,781.25,1764.442,0.9990000128746033
739,1036.11,1748.123,0.18199999630451202,914.788,1778.45,0.8989999890327454,892.214,1764.112,0.06300000101327896,843.037,1764.789,0.9800000190734863,781.155,1764.442,0.9980000257492065
740,1036.12,1748.128,0.12300000339746475,914.803,1778.658,0.8690000176429749,892.214,1772.477,0.25699999928474426,842.977,1764.684,0.9739999771118164,781.155,1764.107,0.9990000128746033
741,,,,925.547,1779.123,0.9070000052452087,892.166,1772.477,0.11599999666213989,842.895,1764.259,0.8949999809265137,781.25,1764.107,0.9990000128746033
742,,,,925.732,1779.123,0.9380000233650208,892.166,1772.477,0.17399999499320984,842.895,1763.954,0.9629999995231628,781.25,1763.85,0.9990000128746033
743,,,,947.555,1778.871,0.9020000100135803,892.238,1772.173,0.05400000140070915,842.977,1763.954,0.9390000104904175,781.076,1763.85,0.996999979019165
744,,,,947.551,1778.871,0.8019999861717224,892.292,1772.173,0.2150000035762787,843.629,1763.954,0.5720000267028809,781.371,1763.844,0.9959999918937683
745,,,,947.551,1778.871,0.9079999923706055,916.101,1772.163,0.06800000369548798,850.778,1763.861,0.8309999704360962,781.586,1763.85,0.9900000095367432
746,,,,947.551,1778.871,0.3709999918937683,939.992,1772.151,0.13899999856948853,850.778,1763.861,0.4269999861717224,781.484,1763.844,0.9990000128746033
747,,,,930.864,1779.832,0.164000004529953,940.019,1772.151,0.1679999977350235,844.015,1764.028,0.25999999046325684,781.586,1763.864,0.9959999918937683
748,1020.248,1740.053,0.04100000113248825,930.864,1779.832,0.36399999260902405,947.784,1772.163,0.14300000667572021,844.015,1763.861,0.19599999487400055,786.985,1763.864,0.9929999709129333
749,1028.274,1747.971,0.0560000017285347,930.864,1779.832,0.9279999732971191,,,,844.015,1763.786,0.28999999165534973,788.716,1763.864,0.9980000257492065
750,1036.056,1780.002,0.03999999910593033,931.063,1779.638,0.9879999756813049,,,,844.015,1763.786,0.10599999874830246,788.716,1763.671,0.9990000128746033
751,1036.056,1787.916,0.01600000075995922,931.648,1779.576,0.9700000286102295,963.645,1771.851,0.18199999630451202,859.309,1763.786,0.08399999886751175,788.716,1761.472,0.9929999709129333
752,,,,931.719,1779.576,0.9179999828338623,963.985,1771.913,0.546999990940094,987.509,1763.786,0.20499999821186066,788.31,1757.918,0.9980000257492065
753,,,,932.068,1779.456,0.8899999856948853,964.21,1771.997,0.5879999995231628,987.509,1747.48,0.11500000208616257,788.24,1757.224,0.9990000128746033
754,,,,932.068,1779.456,0.13500000536441803,,,,859.309,1747.48,0.24300000071525574,788.24,1757.097,0.9950000047683716
755,,,,931.719,1779.792,0.33399999141693115,956.001,1771.716,0.06499999761581421,835.975,1747.48,0.08699999749660492,788.24,1757.097,0.9959999918937683
756,,,,916.086,1779.925,0.8560000061988831,963.753,1771.741,0.04800000041723251,835.936,1739.877,0.07599999755620956,789.295,1757.097,0.996999979019165
757,,,,916.086,1779.792,0.7210000157356262,963.837,1771.741,0.07900000363588333,835.936,1739.877,0.12600000202655792,789.295,1757.443,0.9980000257492065
758,,,,916.086,1779.792,0.902999997138977,964.105,1771.754,0.039000000804662704,835.883,1739.704,0.10000000149011612,789.295,1757.708,0.9980000257492065
759,,,,940.724,1778.974,0.5649999976158142,971.699,1771.847,0.1720000058412552,835.883,1739.877,0.1340000033378601,789.017,1757.737,0.996999979019165
760,1036.186,1732.24,0.06199999898672104,948.205,1778.742,0.4350000023841858,971.821,1772.063,0.22699999809265137,835.866,1739.877,0.335999995470047,788.066,1757.949,0.9959999918937683
761,,,,972.199,1772.732,0.9190000295639038,,,,836.625,1754.994,0.6790000200271606,780.631,1757.949,0.9760000109672546
762,,,,979.812,1772.728,0.9440000057220459,884.032,1772.073,0.04800000041723251,842.908,1762.644,0.7950000166893005,780.631,1758.107,0.9929999709129333
763,,,,988.122,1772.432,0.1469999998807907,979.968,1772.199,0.1860000044107437,843.747,1762.737,0.9750000238418579,780.588,1758.119,0.9959999918937683
764,,,,988.122,1772.432,0.07900000363588333,979.968,1772.21,0.13300000131130219,842.908,1762.737,0.9279999732971191,780.588,1761.425,0.9940000176429749
765,,,,988.122,1772.432,0.5,987.805,1772.21,0.14000000059604645,842.908,1762.737,0.8320000171661377,780.437,1763.132,0.9959999918937683
766,,,,915.448,1779.39,0.859000027179718,988.002,1772.199,0.6470000147819519,843.747,1763.492,0.597000002861023,780.437,1763.764,0.9950000047683716
767,,,,915.092,1779.39,0.949999988079071,1003.834,1771.996,0.3889999985694885,843.747,1763.492,0.9490000009536743,780.437,1763.764,0.9950000047683716
768,,,,915.092,1780.428,0.2879999876022339,1003.834,1771.996,0.49300000071525574,836.064,1763.639,0.9729999899864197,780.437,1763.764,0.9919999837875366
769,,,,915.092,1779.785,0.3569999933242798,1003.834,1771.975,0.25200000405311584,964.152,1779.52,0.9829999804496765,780.614,1762.768,0.9950000047683716
770,,,,908.472,1779.546,0.3109999895095825,996.179,1771.996,0.33000001311302185,969.784,1779.52,0.8560000061988831,780.833,1762.324,0.9929999709129333
771,,,,908.049,1779.785,0.017999999225139618,979.758,1772.179,0.23800000548362732,964.152,1778.889,0.7979999780654907,780.964,1762.231,0.9959999918937683
772,,,,908.049,1779.785,0.16699999570846558,971.769,1772.234,0.21699999272823334,836.064,1763.639,0.9470000267028809,787.732,1759.712,0.9990000128746033
773,1036.113,1787.976,0.039000000804662704,908.049,1779.785,0.12200000137090683,971.769,1772.228,0.5249999761581421,842.989,1763.502,0.9620000123977661,787.732,1759.712,0.9990000128746033
774,,,,908.794,1779.918,0.7590000033378601,971.925,1779.414,0.4399999976158142,66.994,1419.455,0.9350000023841858,787.732,1759.712,0.9990000128746033
775,,,,908.794,1780.306,0.7329999804496765,971.791,1780.014,0.40700000524520874,66.994,1419.455,0.640999972820282,787.525,1760.529,0.9990000128746033
776,,,,908.989,1780.306,0.8410000205039978,971.879,1780.048,0.3400000035762787,842.989,1763.502,0.6899999976158142,786.778,1760.529,0.9990000128746033
777,,,,908.989,1788.404,0.781000018119812,971.925,1780.105,0.289000004529953,971.541,1787.344,0.6790000200271606,781.308,1761.004,0.996999979019165
778,,,,899.624,1788.584,0.8820000290870667,971.925,1780.133,0.16300000250339508,971.734,1787.408,0.6830000281333923,781.308,1761.088,0.9929999709129333
779,,,,899.441,1788.893,0.5370000004768372,971.879,1780.15,0.0820000022649765,971.734,1787.481,0.8550000190734863,781.308,1761.088,0.9959999918937683
780,,,,899.441,1788.66,0.7850000262260437,972.03,1786.983,0.7639999985694885,971.541,1787.831,0.31299999356269836,781.327,1761.044,0.9929999709129333
781,,,,899.441,1788.893,0.8109999895095825,972.847,1787.027,0.9160000085830688,971.49,1794.349,0.26499998569488525,788.505,1761.044,0.9959999918937683
782,,,,899.441,1789.201,0.45500001311302185,972.847,1787.246,0.718999981880188,964.225,1794.349,0.8240000009536743,788.505,1757.302,0.9950000047683716
783,,,,899.849,1794.314,0.21400000154972076,972.847,1787.367,0.7799999713897705,963.46,1794.349,0.7549999952316284,789.044,1757.302,0.9929999709129333
784,,,,899.902,1794.75,0.968999981880188,972.847,1787.615,0.5860000252723694,963.46,1794.508,0.6520000100135803,789.11,1757.302,0.984000027179718
785,,,,900.449,1795.338,0.7089999914169312,965.227,1788.022,0.48899999260902405,964.225,1794.197,0.9860000014305115,789.493,1762.459,0.9959999918937683
786,1019.898,1771.834,0.024000000208616257,907.291,1795.338,0.9300000071525574,964.069,1788.069,0.9769999980926514,964.251,1794.131,0.6990000009536743,789.493,1762.459,0.9959999918937683
787,1019.921,1779.976,0.09700000286102295,907.411,1797.84,0.9940000176429749,964.069,1788.069,0.9710000157356262,1051.83,1739.75,0.18000000715255737,789.493,1762.459,0.9980000257492065
788,1019.941,1779.976,0.0689999982714653,907.411,1797.84,0.996999979019165,963.99,1788.282,0.6990000009536743,1051.83,1739.75,0.28600001335144043,788.562,1757.079,0.9959999918937683
789,1019.921,1779.984,0.3109999895095825,907.291,1797.84,0.9940000176429749,963.99,1788.282,0.6549999713897705,1051.83,1739.75,0.04399999976158142,788.562,1757.036,0.9940000176429749
790,1019.921,1780.048,0.04399999976158142,907.411,1797.154,0.9959999918937683,963.907,1788.282,0.9110000133514404,1051.83,1739.836,0.08500000089406967,788.562,1756.834,0.996999979019165
791,1019.921,1804.125,0.06800000369548798,903.737,1797.014,0.9909999966621399,963.739,1788.075,0.4729999899864197,1052.054,1739.857,0.04399999976158142,788.562,1756.834,0.9980000257492065
792,1019.941,1811.592,0.028999999165534973,902.142,1795.85,0.9810000061988831,963.739,1788.021,0.08100000023841858,,,,788.266,1756.834,0.996999979019165
793,,,,893.534,1788.073,0.9760000109672546,963.771,1787.967,0.42800000309944153,1003.652,1731.886,0.17800000309944153,788.266,1757.074,0.9990000128746033
794,908.167,1811.643,0.027000000700354576,893.534,1788.073,0.9729999899864197,963.907,1787.904,0.8759999871253967,1051.848,1739.721,0.1509999930858612,787.987,1757.074,0.996999979019165
795,908.191,1811.832,0.029999999329447746,893.534,1788.073,0.9860000014305115,963.915,1787.967,0.11800000071525574,1051.928,1780.181,0.0689999982714653,787.987,1757.074,0.9980000257492065
796,908.298,1811.832,0.4429999887943268,959.992,1797.273,0.9729999899864197,972.025,1787.967,0.04100000113248825,,,,787.987,1756.909,0.9940000176429749
797,908.315,1811.832,0.07999999821186066,960.768,1801.905,0.9829999804496765,,,,843.736,1739.7,0.019999999552965164,796.118,1756.909,0.9879999756813049
798,915.553,1819.999,0.05000000074505806,960.768,1802.203,0.9879999756813049,,,,,,,796.118,1756.868,0.9890000224113464
799,940.128,1828.463,0.04100000113248825,959.992,1802.306,0.9959999918937683,876.136,1771.966,0.10300000011920929,60.251,1419.421,0.453000009059906,796.22,1756.68,0.9819999933242798
800,,,,959.992,1802.838,0.9779999852180481,884.143,1771.974,0.08299999684095383,60.33,1419.596,0.5600000023841858,796.118,1756.388,0.9399999976158142
801,907.893,1828.164,0.13099999725818634,959.423,1802.838,0.9359999895095825,891.742,1772.058,0.057999998331069946,60.33,1419.596,0.4399999976158142,796.118,1756.349,0.9580000042915344
802,907.893,1835.845,0.2669999897480011,956.55,1804.481,0.9539999961853027,,,,60.257,1419.546,0.13899999856948853,796.22,1756.168,0.9900000095367432
803,908.365,1835.913,0.20499999821186066,959.349,1803.745,0.984000027179718,91.667,1364.006,0.03500000014901161,60.274,1419.546,0.7070000171661377,803.173,1749.938,0.9980000257492065
804,908.365,1836.289,0.9950000047683716,959.349,1803.745,0.9950000047683716,91.987,1380.31,0.22300000488758087,60.274,1419.546,0.48899999260902405,804.625,1749.938,0.9980000257492065
805,908.365,1842.051,0.8939999938011169,959.079,1805.378,0.9990000128746033,91.987,1380.31,0.041999999433755875,60.274,1419.538,0.5540000200271606,805.89,1750.119,0.996999979019165
806,908.365,1842.051,0.9850000143051147,959.079,1805.378,0.996999979019165,91.667,1372.129,0.057999998331069946,65.465,1419.538,0.7099999785423279,805.89,1750.119,0.9980000257492065
807,908.365,1842.051,0.9200000166893005,959.349,1804.496,0.9919999837875366,91.667,1372.129,0.2759999930858612,67.152,1411.504,0.9649999737739563,806.036,1749.91,0.9990000128746033
808,907.238,1836.2,0.8659999966621399,959.079,1804.496,0.8529999852180481,91.513,1372.129,0.07699999958276749,67.152,1411.504,0.8880000114440918,805.89,1749.641,0.9990000128746033
809,907.238,1835.034,0.9940000176429749,955.219,1804.118,0.9340000152587891,91.461,1372.047,0.1459999978542328,67.191,1411.451,0.9739999771118164,805.669,1749.641,0.9990000128746033
810,907.238,1835.034,0.9739999771118164,955.639,1795.956,0.9829999804496765,91.469,1364.521,0.06599999964237213,67.408,1411.504,0.875,805.669,1749.641,0.9990000128746033
811,907.621,1835.034,0.9900000095367432,909.684,1795.616,0.9399999976158142,91.489,1364.19,0.6940000057220459,67.408,1411.451,0.9639999866485596,806.036,1749.767,0.9980000257492065
812,,,,908.398,1788.051,0.9850000143051147,91.469,1364.08,0.17499999701976776,67.408,1411.191,0.5239999890327454,806.18,1749.838,0.9980000257492065
813,,,,908.325,1780.483,0.6990000009536743,91.469,1364.027,0.5490000247955322,67.408,1411.191,0.9459999799728394,806.18,1749.989,0.9990000128746033
814,,,,908.325,1780.483,0.8769999742507935,91.489,1364.027,0.20800000429153442,67.537,1411.444,0.7919999957084656,806.18,1750.247,0.9990000128746033
815,907.792,1812.34,0.019999999552965164,908.325,1780.483,0.9419999718666077,91.524,1364.19,0.07000000029802322,67.755,1411.25,0.8399999737739563,806.041,1750.756,0.9990000128746033
816,907.959,1818.629,0.9990000128746033,908.325,1787.901,0.9959999918937683,91.712,1380.258,0.06700000166893005,68.012,1411.25,0.8159999847412109,806.041,1750.247,0.9990000128746033
817,915.893,1819.918,0.9750000238418579,909.075,1787.901,0.9350000023841858,91.723,1388.01,0.06400000303983688,68.097,1411.25,0.47600001096725464,806.041,1750.247,0.9980000257492065
818,916.922,1820.189,0.6890000104904175,955.129,1787.901,0.8889999985694885,907.721,1771.988,0.07800000160932541,68.114,1411.209,0.8399999737739563,812.623,1750.021,0.996999979019165
819,924.244,1820.189,0.09099999815225601,955.129,1787.042,0.9729999899864197,907.772,1763.978,0.11299999803304672,68.114,1411.209,0.9520000219345093,812.713,1750.016,0.9990000128746033
820,,,,955.129,1781.242,0.5320000052452087,907.856,1764.462,0.1340000033378601,68.114,1411.209,0.9580000042915344,812.713,1749.986,0.9990000128746033
821,956.207,1788.224,0.050999999046325684,954.793,1780.989,0.5519999861717224,907.772,1763.978,0.15800000727176666,67.792,1411.209,0.8759999871253967,812.623,1749.806,0.9990000128746033
822,,,,954.689,1780.909,0.625,907.772,1763.978,0.24899999797344208,67.763,1411.209,0.9459999799728394,812.501,1749.271,0.9900000095367432
823,,,,954.689,1779.853,0.8019999861717224,907.772,1748.058,0.06800000369548798,67.763,1411.204,0.9570000171661377,812.405,1748.663,0.9940000176429749
824,868.081,1819.992,0.039000000804662704,954.425,1779.853,0.9649999737739563,900.053,1748.058,0.11100000143051147,67.763,1411.073,0.9269999861717224,806.631,1748.457,0.9990000128746033
825,,,,954.425,1779.853,0.9259999990463257,91.763,1380.294,0.05900000035762787,67.763,1410.941,0.37400001287460327,806.631,1747.963,0.9990000128746033
826,,,,948.273,1779.853,0.9700000286102295,91.763,1380.294,0.19499999284744263,67.473,1410.941,0.8230000138282776,806.603,1748.148,0.9990000128746033
827,1036.004,1724.069,0.03099999949336052,940.129,1779.721,0.8180000185966492,900.053,1748.058,0.2930000126361847,67.171,1411.138,0.9520000219345093,806.603,1748.148,0.9980000257492065
828,,,,939.832,1779.721,0.9679999947547913,92.203,1380.536,0.12700000405311584,67.171,1411.138,0.9549999833106995,806.894,1747.996,0.9980000257492065
829,1036.281,1723.493,0.3149999976158142,940.129,1779.265,0.9940000176429749,92.203,1380.536,0.5350000262260437,67.171,1411.164,0.9340000152587891,806.894,1747.996,0.9959999918937683
830,1036.315,1723.652,0.3970000147819519,940.129,1779.097,0.9940000176429749,99.26,1388.335,0.21199999749660492,67.078,1411.388,0.9829999804496765,812.025,1748.148,0.996999979019165
831,1036.315,1723.937,0.503000020980835,940.194,1779.265,0.984000027179718,971.404,1748.126,0.11999999731779099,67.171,1411.636,0.9879999756813049,812.025,1749.737,0.9990000128746033
832,1036.315,1723.86,0.25999999046325684,940.194,1779.265,0.9890000224113464,971.404,1748.126,0.25999999046325684,67.171,1411.745,0.8669999837875366,806.687,1749.932,0.996999979019165
833,1036.312,1723.937,0.15199999511241913,940.313,1779.719,0.9739999771118164,971.404,1755.956,0.25,66.833,1411.905,0.9319999814033508,806.687,1750.37,0.9990000128746033
834,1036.255,1723.937,0.11400000005960464,940.313,1779.719,0.8989999890327454,971.404,1756.141,0.6179999709129333,66.833,1412.083,0.7239999771118164,811.255,1754.158,0.9990000128746033
835,948.541,1779.93,0.039000000804662704,947.565,1779.719,0.6110000014305115,964.56,1756.141,0.3919999897480011,67.171,1419.454,0.8330000042915344,806.146,1754.314,0.996999979019165
836,948.393,1779.93,0.03099999949336052,956.166,1772.246,0.04699999839067459,963.916,1756.141,0.41200000047683716,859.881,1747.427,0.7369999885559082,811.255,1754.796,0.9959999918937683
837,948.283,1779.93,0.04500000178813934,956.166,1772.18,0.25600001215934753,955.848,1756.141,0.35100001096725464,866.538,1747.427,0.8169999718666077,811.255,1754.796,1.0
838,939.864,1771.997,0.02500000037252903,956.166,1772.097,0.17800000309944153,955.552,1755.947,0.12999999523162842,866.677,1747.568,0.859000027179718,805.845,1754.796,0.9980000257492065
839,939.864,1771.906,0.03400000184774399,956.166,1770.593,0.8209999799728394,916.141,1731.996,0.3310000002384186,867.0,1747.568,0.9700000286102295,805.845,1754.624,0.9990000128746033
840,939.864,1771.906,0.017999999225139618,956.266,1764.184,0.9190000295639038,916.141,1731.996,0.6209999918937683,867.773,1747.427,0.9919999837875366,811.325,1750.941,0.9990000128746033
841,1020.14,1771.906,0.020999999716877937,963.685,1763.702,0.7580000162124634,908.46,1731.996,0.5789999961853027,868.621,1747.078,0.9580000042915344,812.572,1749.497,0.9980000257492065
842,,,,964.878,1763.699,0.49799999594688416,916.141,1731.87,0.9340000152587891,868.621,1746.471,0.9990000128746033,812.572,1749.494,0.9990000128746033
843,899.847,1907.395,0.24500000476837158,964.878,1755.666,0.8539999723434448,916.495,1732.004,0.3540000021457672,868.621,1746.215,0.9929999709129333,812.572,1749.494,0.9980000257492065
844,,,,964.273,1755.666,0.906000018119812,916.495,1732.004,0.9020000100135803,868.621,1739.376,0.9300000071525574,812.542,1749.494,0.996999979019165
845,923.881,1779.922,0.02800000086426735,964.273,1755.224,0.9869999885559082,916.495,1732.004,0.8899999856948853,868.543,1738.956,0.9819999933242798,812.542,1749.494,0.9950000047683716
846,,,,963.258,1754.39,0.9679999947547913,916.638,1732.004,0.9290000200271606,868.543,1738.889,0.9919999837875366,812.542,1749.429,0.9950000047683716
847,,,,963.258,1749.036,0.8600000143051147,916.638,1732.562,0.4350000023841858,869.151,1738.654,0.9850000143051147,812.636,1748.948,0.9940000176429749
848,,,,963.258,1747.582,0.9729999899864197,916.638,1732.679,0.9100000262260437,869.794,1738.504,0.9940000176429749,812.718,1748.893,0.9959999918937683
849,1004.097,1691.981,0.03400000184774399,972.978,1741.272,0.8650000095367432,916.707,1732.679,0.9829999804496765,869.794,1738.482,0.9769999980926514,812.718,1748.799,0.996999979019165
850,1004.144,1692.018,0.05700000002980232,973.156,1741.023,0.878000020980835,916.638,1732.679,0.5759999752044678,869.794,1738.504,0.906000018119812,812.718,1748.799,0.9940000176429749
851,1036.184,1724.168,0.07900000363588333,973.156,1740.484,0.9700000286102295,916.391,1731.518,0.24500000476837158,867.789,1738.482,0.5410000085830688,812.529,1747.544,0.9869999885559082
852,,,,973.156,1740.484,0.9620000123977661,908.687,1731.518,0.7369999885559082,867.129,1733.124,0.7870000004768372,812.529,1747.301,0.9739999771118164
853,,,,972.674,1740.316,0.9950000047683716,908.672,1731.518,0.8420000076293945,867.129,1733.124,0.8960000276565552,812.529,1747.143,0.9869999885559082
854,,,,972.585,1740.279,0.9940000176429749,908.672,1731.296,0.5440000295639038,867.789,1733.124,0.8059999942779541,813.029,1745.219,0.996999979019165
855,,,,972.526,1740.14,0.9959999918937683,908.412,1724.804,0.7919999957084656,868.176,1732.79,0.9509999752044678,819.822,1745.176,0.9929999709129333
856,,,,970.953,1739.97,0.9980000257492065,908.412,1724.804,0.31299999356269836,868.176,1732.79,0.9779999852180481,821.966,1741.338,0.9950000047683716
857,,,,970.953,1739.222,1.0,908.341,1724.521,0.8080000281333923,868.392,1732.529,0.9929999709129333,822.628,1741.085,0.9890000224113464
858,,,,970.944,1738.254,0.9990000128746033,908.412,1716.104,0.22499999403953552,868.176,1732.529,0.9430000185966492,822.893,1740.814,0.9909999966621399
859,,,,970.944,1736.969,1.0,908.412,1716.104,0.16200000047683716,868.151,1732.109,0.9710000157356262,823.014,1740.676,0.9900000095367432
860,,,,971.087,1734.508,0.9869999885559082,908.047,1716.104,0.16500000655651093,867.852,1731.793,0.9959999918937683,823.014,1740.245,0.9919999837875366
861,,,,971.087,1733.306,0.9589999914169312,908.136,1716.31,0.16500000655651093,867.852,1730.981,0.9769999980926514,823.014,1740.171,0.9919999837875366
862,,,,970.944,1732.867,0.7390000224113464,908.136,1716.31,0.12600000202655792,867.852,1730.837,0.9860000014305115,822.893,1740.171,0.9819999933242798
863,,,,966.062,1732.744,0.9980000257492065,900.439,1716.604,0.06599999964237213,868.148,1730.637,0.9449999928474426,822.759,1740.245,0.9710000157356262
864,,,,965.668,1732.249,0.9990000128746033,900.439,1716.537,0.1420000046491623,868.148,1722.985,0.8579999804496765,821.744,1740.246,0.9850000143051147
865,,,,964.143,1730.369,1.0,908.136,1716.604,0.41100001335144043,868.407,1722.985,0.8840000033378601,821.45,1740.246,0.9950000047683716
866,,,,962.555,1728.87,0.9980000257492065,910.582,1716.604,0.6629999876022339,868.407,1722.985,0.9679999947547913,820.917,1740.246,0.9800000190734863
867,,,,959.578,1725.547,0.9990000128746033,912.966,1723.103,0.8140000104904175,868.73,1723.009,0.9399999976158142,820.283,1740.206,0.9919999837875366
868,,,,959.578,1725.302,0.9990000128746033,912.966,1723.103,0.949999988079071,868.891,1723.19,0.9760000109672546,820.283,1740.183,0.9950000047683716
869,,,,959.578,1724.03,0.9929999709129333,912.966,1723.103,0.9950000047683716,869.69,1723.225,0.9959999918937683,820.965,1740.062,0.9980000257492065
870,,,,961.263,1723.899,1.0,912.966,1715.237,0.8149999976158142,874.429,1723.19,0.9409999847412109,820.518,1740.004,0.9959999918937683
871,,,,965.087,1723.279,0.9959999918937683,912.966,1715.237,0.9869999885559082,874.429,1723.009,0.9819999933242798,820.518,1739.863,0.9900000095367432
872,,,,965.975,1717.635,0.9980000257492065,914.623,1715.237,0.9710000157356262,874.772,1723.399,0.9850000143051147,820.518,1739.717,0.9929999709129333
873,,,,972.089,1715.086,0.9269999861717224,914.694,1715.07,0.30399999022483826,874.708,1723.13,0.9300000071525574,820.518,1739.516,0.9940000176429749
874,,,,972.564,1714.985,0.7820000052452087,914.694,1715.07,0.5830000042915344,874.429,1723.119,0.9319999814033508,820.357,1739.429,0.9919999837875366
875,,,,972.644,1714.756,0.9580000042915344,913.461,1715.07,0.8479999899864197,874.179,1723.119,0.9710000157356262,820.201,1732.874,0.9990000128746033
876,,,,972.644,1714.756,0.9549999833106995,916.053,1708.837,0.9459999799728394,874.179,1723.119,0.9850000143051147,820.329,1732.874,0.996999979019165
877,,,,972.644,1713.826,0.9570000171661377,916.397,1708.216,0.9950000047683716,869.387,1722.198,0.9929999709129333,820.357,1732.467,0.996999979019165
878,,,,972.644,1710.558,0.9739999771118164,913.461,1707.687,0.9909999966621399,868.984,1717.247,0.9950000047683716,820.357,1732.874,0.9879999756813049
879,,,,963.395,1709.626,0.8159999847412109,913.461,1706.057,0.9940000176429749,868.713,1716.925,0.9990000128746033,820.955,1740.25,0.9860000014305115
880,,,,956.469,1699.725,0.9850000143051147,910.972,1701.043,0.9639999866485596,868.459,1716.4,1.0,821.342,1740.524,0.9879999756813049
881,948.172,1603.718,0.035999998450279236,956.25,1699.133,0.9940000176429749,910.972,1700.388,0.972000002861023,868.459,1716.294,0.9990000128746033,826.744,1740.524,0.9940000176429749
882,,,,955.945,1698.231,1.0,910.972,1700.388,0.9649999737739563,868.459,1716.294,0.9990000128746033,826.815,1740.524,0.9909999966621399
883,,,,951.118,1692.847,0.8659999966621399,916.283,1700.388,0.7639999985694885,868.713,1716.4,0.9990000128746033,826.85,1740.498,0.9950000047683716
884,,,,951.118,1692.847,0.8740000128746033,916.48,1701.92,0.9620000123977661,868.81,1716.4,0.9990000128746033,826.891,1740.452,0.9950000047683716
885,,,,955.945,1692.496,0.8389999866485596,916.48,1701.92,0.9580000042915344,868.81,1716.748,0.9980000257492065,826.891,1740.367,0.9959999918937683
886,891.679,1675.918,0.03700000047683716,964.219,1692.283,0.824999988079071,916.48,1701.92,0.8629999756813049,868.81,1716.748,0.9990000128746033,826.891,1740.315,0.9940000176429749
887,891.838,1675.92,0.03500000014901161,964.219,1692.006,0.8949999809265137,899.733,1698.898,0.968999981880188,868.571,1716.748,0.9980000257492065,822.811,1740.315,0.9779999852180481
888,,,,971.485,1692.006,0.9620000123977661,899.733,1697.655,0.9909999966621399,868.571,1715.954,0.9990000128746033,822.271,1740.315,0.9800000190734863
889,899.795,1675.458,0.014000000432133675,971.485,1691.149,0.953000009059906,899.722,1697.594,0.968999981880188,868.511,1715.954,0.9929999709129333,822.079,1740.468,0.9900000095367432
890,,,,971.437,1691.14,0.9869999885559082,899.733,1694.061,0.996999979019165,868.571,1715.182,0.9980000257492065,821.313,1741.035,0.9959999918937683
891,,,,970.589,1686.21,0.9959999918937683,901.697,1693.307,0.9940000176429749,868.658,1715.366,0.9990000128746033,821.206,1741.035,0.9959999918937683
892,,,,971.437,1686.21,0.9950000047683716,908.23,1693.137,0.9959999918937683,869.801,1714.558,0.9890000224113464,821.206,1741.169,0.9810000061988831
893,,,,971.437,1683.428,0.9649999737739563,908.46,1692.897,0.9890000224113464,869.801,1714.558,0.996999979019165,821.206,1741.244,0.9850000143051147
894,,,,970.589,1683.305,0.968999981880188,909.013,1692.378,0.9879999756813049,874.45,1708.682,0.9950000047683716,820.85,1741.444,0.9940000176429749
895,948.068,1587.901,0.9890000224113464,925.065,1675.962,0.8650000095367432,909.093,1692.283,0.996999979019165,874.45,1708.699,0.9909999966621399,820.85,1741.444,0.9909999966621399
896,948.946,1587.901,0.02500000037252903,971.445,1683.305,0.906000018119812,909.093,1691.612,0.9959999918937683,874.45,1708.682,0.9350000023841858,821.485,1741.444,0.9950000047683716
897,948.946,1589.806,0.6629999876022339,925.065,1675.962,0.9919999837875366,909.093,1691.205,0.9789999723434448,870.739,1708.699,0.9860000014305115,820.867,1741.419,0.9919999837875366
898,949.378,1596.044,0.9750000238418579,93.406,1347.631,0.9459999799728394,909.143,1687.462,0.9990000128746033,874.895,1708.682,0.9710000157356262,820.392,1741.419,0.9909999966621399
899,949.378,1596.044,0.03099999949336052,925.065,1675.962,0.9900000095367432,909.093,1687.462,0.996999979019165,874.127,1708.699,0.9179999828338623,819.922,1741.419,0.9959999918937683
900,,,,93.406,1347.631,0.7850000262260437,909.147,1687.462,0.9959999918937683,870.739,1708.83,0.9940000176429749,820.867,1747.122,0.968999981880188
901,948.207,1580.589,0.032999999821186066,93.4,1347.631,0.8289999961853027,909.197,1691.042,0.9810000061988831,869.676,1714.679,0.9829999804496765,820.411,1747.122,0.925000011920929
902,,,,93.4,1347.631,0.3869999945163727,909.578,1691.817,0.8949999809265137,869.5,1715.901,0.9909999966621399,819.817,1747.122,0.9959999918937683
903,949.782,1578.736,0.777999997138977,93.61,1347.494,0.8899999856948853,909.147,1692.013,0.9390000104904175,869.145,1717.388,0.996999979019165,818.781,1747.418,0.9929999709129333
904,956.104,1580.423,0.02800000086426735,93.61,1347.494,0.8840000033378601,909.578,1692.068,0.9340000152587891,868.944,1717.388,0.9959999918937683,820.411,1746.618,0.9769999980926514
905,,,,93.61,1347.298,0.7350000143051147,909.578,1692.547,0.8450000286102295,868.891,1717.388,0.9990000128746033,820.411,1746.618,0.9940000176429749
906,,,,93.61,1347.142,0.8080000281333923,908.659,1692.547,0.8100000023841858,868.891,1717.213,0.9919999837875366,820.811,1747.716,0.9990000128746033
907,,,,93.597,1347.089,0.9440000057220459,908.659,1692.547,0.3070000112056732,868.944,1717.213,0.9409999847412109,820.999,1747.751,1.0
908,955.529,1586.78,0.5600000023841858,93.494,1347.298,0.7680000066757202,909.845,1692.359,0.3449999988079071,869.369,1717.151,0.9779999852180481,820.999,1748.514,1.0
909,,,,93.494,1347.298,0.8399999737739563,909.845,1692.359,0.9179999828338623,869.369,1717.151,0.9950000047683716,820.811,1749.657,0.9990000128746033
910,949.571,1579.823,0.8360000252723694,93.494,1347.321,0.6679999828338623,910.628,1692.359,0.6349999904632568,869.369,1717.266,0.9980000257492065,819.915,1749.657,0.9990000128746033
911,956.093,1587.735,0.9279999732971191,93.65,1347.328,0.8109999895095825,910.814,1693.03,0.828000009059906,873.758,1718.92,0.9990000128746033,818.822,1749.007,0.9990000128746033
912,956.234,1588.312,0.23999999463558197,963.643,1683.451,0.9829999804496765,910.814,1693.31,0.8740000128746033,870.205,1718.92,1.0,818.638,1749.031,0.9990000128746033
913,,,,963.643,1683.451,0.9409999847412109,910.828,1693.398,0.9559999704360962,870.205,1718.92,0.996999979019165,818.638,1749.031,0.9990000128746033
914,,,,963.643,1683.451,0.9319999814033508,910.828,1693.645,0.8640000224113464,873.878,1718.92,0.9990000128746033,818.822,1749.031,1.0
915,,,,963.643,1684.143,0.9549999833106995,910.828,1693.645,0.9729999899864197,873.887,1718.92,0.9950000047683716,818.889,1749.388,1.0
916,,,,970.217,1683.725,0.9020000100135803,910.828,1693.645,0.925000011920929,873.887,1718.977,0.996999979019165,818.889,1749.391,1.0
917,907.948,1676.08,0.039000000804662704,93.592,1347.693,0.8970000147819519,910.768,1693.645,0.7459999918937683,874.066,1719.071,0.9980000257492065,818.889,1750.559,0.9990000128746033
918,,,,93.983,1347.693,0.9900000095367432,910.768,1693.645,0.6449999809265137,874.193,1719.812,0.9980000257492065,818.612,1750.979,0.9990000128746033
919,,,,93.983,1347.707,0.9800000190734863,910.768,1697.277,0.9710000157356262,874.561,1722.616,0.9990000128746033,818.612,1751.604,0.9990000128746033
920,,,,93.874,1347.707,0.9449999928474426,910.797,1698.8,0.9200000166893005,874.926,1723.333,0.9909999966621399,818.612,1751.604,1.0
921,,,,93.771,1347.707,0.9459999799728394,912.405,1698.815,0.9739999771118164,874.926,1723.333,0.9959999918937683,818.79,1751.604,1.0
922,,,,93.771,1347.707,0.8980000019073486,912.405,1699.414,0.9700000286102295,874.926,1723.333,0.9940000176429749,818.92,1750.442,1.0
923,,,,93.765,1347.707,0.9480000138282776,912.405,1699.531,0.9810000061988831,874.722,1722.942,0.9980000257492065,819.16,1750.397,0.9990000128746033
924,,,,93.64,1347.204,0.8069999814033508,912.121,1699.865,0.9599999785423279,874.141,1722.58,0.9990000128746033,818.92,1750.307,1.0
925,,,,93.701,1347.204,0.968999981880188,911.569,1699.936,0.9829999804496765,870.034,1722.58,0.9990000128746033,818.92,1750.307,1.0
926,,,,93.64,1347.007,0.9459999799728394,911.569,1699.936,0.972000002861023,869.239,1722.855,0.9990000128746033,818.913,1750.254,1.0
927,,,,93.64,1347.204,0.8999999761581421,911.569,1699.936,0.9660000205039978,869.239,1722.855,0.9959999918937683,817.929,1750.254,0.9990000128746033
928,,,,93.264,1347.204,0.6769999861717224,915.54,1699.936,0.9850000143051147,869.239,1722.857,0.9959999918937683,812.997,1750.896,0.9980000257492065
929,,,,93.264,1347.007,0.12800000607967377,915.54,1699.936,0.9610000252723694,874.809,1723.274,0.9810000061988831,812.997,1755.13,0.996999979019165
930,,,,92.953,1346.682,0.36500000953674316,915.54,1699.6,0.8379999995231628,875.297,1723.305,0.8999999761581421,812.997,1755.13,0.9879999756813049
931,,,,92.953,1346.682,0.7160000205039978,909.561,1700.014,0.7689999938011169,875.297,1723.305,0.902999997138977,813.09,1755.13,0.9980000257492065
932,,,,93.062,1346.682,0.46399998664855957,909.561,1700.014,0.597000002861023,875.297,1723.274,0.9520000219345093,813.09,1755.13,0.9990000128746033
933,,,,93.062,1346.75,0.609000027179718,909.561,1700.014,0.8040000200271606,868.928,1723.086,0.9760000109672546,813.09,1750.534,0.9990000128746033
934,,,,92.993,1346.835,0.5339999794960022,964.414,1699.687,0.5400000214576721,867.978,1723.086,0.9929999709129333,812.842,1750.212,0.996999979019165
935,,,,92.993,1346.875,0.7239999771118164,964.508,1700.397,0.8370000123977661,867.425,1723.086,0.9990000128746033,812.274,1750.01,0.9980000257492065
936,,,,92.659,1346.875,0.1899999976158142,964.508,1700.397,0.8579999804496765,867.425,1723.139,0.9980000257492065,812.274,1750.212,0.9990000128746033
937,,,,92.58,1347.051,0.27399998903274536,964.414,1705.996,0.8730000257492065,867.978,1723.139,0.9990000128746033,812.274,1750.212,0.9980000257492065
938,,,,92.58,1347.051,0.3709999918937683,941.498,1705.996,0.953000009059906,868.032,1723.139,1.0,812.274,1750.01,0.9990000128746033
939,,,,92.659,1346.971,0.3490000069141388,941.441,1706.42,0.9900000095367432,868.226,1722.44,1.0,812.305,1750.024,0.996999979019165
940,,,,92.706,1346.971,0.5860000252723694,940.288,1706.42,0.9750000238418579,868.226,1722.44,0.9990000128746033,812.305,1750.024,0.9980000257492065
941,,,,92.869,1346.971,0.8169999718666077,932.361,1705.996,0.6830000281333923,868.226,1722.44,0.9990000128746033,811.152,1749.986,0.9980000257492065
942,,,,92.942,1346.971,0.5,932.265,1705.92,0.5979999899864197,866.42,1722.494,0.9990000128746033,806.58,1749.986,0.9980000257492065
943,,,,92.942,1346.939,0.875,931.203,1706.42,0.8859999775886536,866.102,1722.917,0.9959999918937683,806.521,1750.024,0.9990000128746033
944,,,,92.942,1346.939,0.4169999957084656,926.407,1705.92,0.9890000224113464,865.782,1722.917,0.9950000047683716,805.212,1749.986,0.9990000128746033
945,,,,92.959,1346.903,0.6620000004768372,924.805,1705.258,0.996999979019165,865.782,1722.917,0.9980000257492065,804.931,1750.183,0.9990000128746033
946,955.407,1561.412,0.026000000536441803,92.942,1346.903,0.7020000219345093,924.203,1702.994,0.9959999918937683,865.782,1722.618,1.0,804.917,1751.121,0.9990000128746033
947,955.407,1571.927,0.9710000157356262,92.881,1346.885,0.8920000195503235,924.203,1698.72,0.9330000281333923,865.782,1720.275,1.0,802.919,1751.121,0.9990000128746033
948,955.407,1571.927,0.07500000298023224,92.959,1346.885,0.6019999980926514,924.805,1692.448,0.9459999799728394,865.782,1720.275,1.0,802.67,1751.121,0.9990000128746033
949,955.407,1571.927,0.9639999866485596,93.034,1346.885,0.5839999914169312,924.805,1692.448,0.29499998688697815,866.401,1719.339,0.9940000176429749,796.361,1755.981,0.996999979019165
950,955.407,1572.69,0.9890000224113464,92.872,1346.911,0.5509999990463257,925.491,1690.839,0.4749999940395355,866.401,1719.339,0.996999979019165,796.361,1756.202,0.9959999918937683
951,,,,92.872,1346.911,0.8149999976158142,925.491,1691.79,0.8130000233650208,860.062,1720.275,0.9980000257492065,796.361,1756.643,0.996999979019165
952,945.277,1555.427,0.9409999847412109,93.034,1346.98,0.8370000123977661,925.491,1690.839,0.5789999961853027,866.389,1719.339,0.9940000176429749,796.486,1757.169,0.9980000257492065
953,946.947,1555.559,0.6660000085830688,93.034,1346.98,0.847000002861023,914.408,1690.839,0.9409999847412109,866.389,1719.339,0.996999979019165,796.545,1757.169,0.9909999966621399
954,949.366,1556.6,0.6819999814033508,952.685,1612.889,0.9660000205039978,914.408,1686.734,0.9269999861717224,860.737,1722.788,0.9980000257492065,796.545,1757.198,0.984000027179718
955,955.491,1555.559,0.996999979019165,953.035,1613.338,0.9990000128746033,914.408,1686.605,0.9980000257492065,860.062,1722.788,1.0,796.545,1757.324,0.9959999918937683
956,955.491,1556.6,0.9589999914169312,954.912,1614.275,1.0,914.408,1686.605,0.9980000257492065,860.034,1722.799,0.9990000128746033,796.287,1757.336,0.9909999966621399
957,955.66,1555.559,0.9980000257492065,953.035,1613.338,0.996999979019165,913.384,1686.734,0.9990000128746033,859.922,1723.074,0.9950000047683716,795.907,1757.364,0.9869999885559082
958,956.489,1563.018,0.9330000281333923,954.912,1614.275,0.7620000243186951,909.53,1686.736,0.9800000190734863,859.599,1723.399,0.9890000224113464,790.608,1757.716,0.996999979019165
959,956.489,1563.078,0.6100000143051147,995.33,1668.708,0.7419999837875366,909.426,1690.645,0.9860000014305115,859.292,1723.423,0.9950000047683716,790.207,1757.801,0.996999979019165
960,955.126,1563.997,0.9129999876022339,995.345,1675.846,0.0989999994635582,909.426,1691.479,0.996999979019165,859.292,1723.59,0.9810000061988831,790.207,1757.94,0.9990000128746033
961,956.393,1563.828,0.3149999976158142,995.33,1668.708,0.1679999977350235,909.215,1692.639,0.9980000257492065,859.194,1723.714,0.996999979019165,790.207,1761.763,0.9990000128746033
962,956.393,1563.828,0.9440000057220459,995.33,1668.708,0.7250000238418579,908.942,1692.639,0.9980000257492065,859.136,1723.715,0.9929999709129333,790.537,1762.851,0.9990000128746033
963,946.793,1563.828,0.7379999756813049,995.33,1668.434,0.9980000257492065,908.18,1692.639,0.9850000143051147,858.635,1728.688,0.9940000176429749,790.537,1763.175,0.9990000128746033
964,950.427,1563.828,0.9259999990463257,953.096,1628.043,0.9990000128746033,908.18,1691.51,0.9750000238418579,858.057,1729.85,0.9959999918937683,791.78,1763.222,0.9990000128746033
965,956.393,1563.828,0.9810000061988831,953.096,1622.72,0.41200000047683716,908.18,1689.797,0.9559999704360962,858.635,1728.688,1.0,791.78,1763.222,0.9990000128746033
966,955.753,1570.387,0.9700000286102295,953.331,1614.781,0.9990000128746033,908.18,1684.652,0.8399999737739563,853.098,1728.688,0.9990000128746033,791.78,1764.038,0.9990000128746033
967,955.753,1576.494,0.9900000095367432,954.588,1614.781,0.9990000128746033,900.75,1684.652,0.9959999918937683,852.851,1729.85,0.9990000128746033,790.644,1765.419,0.9990000128746033
968,955.753,1576.494,0.9610000252723694,954.068,1613.943,0.9980000257492065,899.073,1684.652,0.9980000257492065,853.014,1730.188,0.9990000128746033,789.468,1765.443,0.9990000128746033
969,955.753,1577.867,0.9700000286102295,954.068,1613.943,0.9909999966621399,897.678,1692.385,0.9990000128746033,853.014,1730.833,0.9890000224113464,788.076,1765.711,0.9990000128746033
970,955.385,1577.978,0.9710000157356262,954.068,1612.983,0.9919999837875366,897.678,1693.031,0.9950000047683716,853.014,1731.561,0.9990000128746033,786.514,1773.385,0.9959999918937683
971,951.572,1577.978,0.39100000262260437,948.064,1612.983,0.07800000160932541,897.678,1695.192,0.9929999709129333,853.014,1731.895,0.9950000047683716,786.514,1773.686,0.9990000128746033
972,951.572,1572.686,0.9769999980926514,948.064,1612.983,0.28999999165534973,899.779,1695.896,0.9980000257492065,853.014,1732.14,0.996999979019165,786.514,1773.76,0.9929999709129333
973,954.398,1572.686,1.0,948.004,1635.17,0.9959999918937683,899.779,1695.896,0.9900000095367432,857.591,1732.771,0.9980000257492065,786.649,1777.798,0.996999979019165
974,955.385,1572.686,0.9990000128746033,948.064,1637.143,0.9779999852180481,899.779,1695.896,0.9459999799728394,857.591,1734.015,0.968999981880188,786.89,1778.254,0.996999979019165
975,955.641,1572.686,1.0,948.064,1676.404,0.9950000047683716,898.825,1696.287,0.9990000128746033,853.433,1739.249,0.9879999756813049,787.563,1779.121,0.9980000257492065
976,,,,977.53,1691.752,0.9800000190734863,898.825,1698.133,0.9990000128746033,853.127,1739.703,0.9990000128746033,788.662,1779.208,1.0
977,947.972,1571.21,0.8949999809265137,948.004,1676.404,0.12300000339746475,898.825,1697.459,0.9909999966621399,853.433,1739.703,0.996999979019165,789.45,1780.171,1.0
978,947.972,1572.987,0.30799999833106995,950.59,1676.404,0.8989999890327454,899.549,1698.133,0.996999979019165,853.433,1739.813,0.9879999756813049,789.862,1780.413,1.0
979,949.31,1574.762,0.9990000128746033,950.59,1644.802,0.9990000128746033,900.309,1699.124,0.9990000128746033,858.148,1739.974,0.9959999918937683,790.42,1781.108,0.9990000128746033
980,949.31,1574.762,1.0,951.106,1644.802,1.0,900.309,1699.124,0.9980000257492065,858.243,1740.455,0.9980000257492065,790.42,1781.94,0.9990000128746033
981,949.31,1575.06,1.0,951.106,1644.802,1.0,899.549,1699.993,0.9810000061988831,858.896,1740.455,0.9980000257492065,790.42,1781.974,0.9990000128746033
982,947.835,1593.918,0.9430000185966492,962.286,1707.568,0.9919999837875366,899.242,1708.781,0.9470000267028809,858.243,1747.054,0.9829999804496765,788.194,1782.023,1.0
983,943.49,1596.293,0.5009999871253967,962.982,1708.012,0.9760000109672546,898.158,1714.503,0.6919999718666077,858.243,1747.419,0.9959999918937683,788.194,1782.671,1.0
984,943.49,1603.803,0.609000027179718,963.19,1708.307,0.9950000047683716,894.324,1716.249,0.9350000023841858,858.243,1747.784,0.996999979019165,788.194,1782.671,0.9990000128746033
985,943.49,1643.847,0.02199999988079071,964.61,1708.307,0.9760000109672546,894.324,1716.249,0.9929999709129333,858.041,1748.008,0.9990000128746033,788.448,1782.192,0.9990000128746033
986,,,,972.379,1716.069,0.9710000157356262,892.655,1718.375,0.9810000061988831,858.022,1748.13,0.9929999709129333,788.448,1782.023,0.9990000128746033
987,907.979,1691.659,0.029999999329447746,972.506,1722.703,0.9599999785423279,892.655,1723.573,0.996999979019165,857.779,1748.183,0.9929999709129333,788.448,1781.448,1.0
988,907.979,1691.659,0.10999999940395355,972.506,1722.703,0.9829999804496765,892.655,1723.573,0.9980000257492065,857.708,1749.231,0.9990000128746033,787.479,1781.448,1.0
989,908.042,1691.711,0.12099999934434891,972.506,1717.401,0.9890000224113464,892.864,1723.815,0.9929999709129333,853.939,1750.17,0.9990000128746033,786.556,1781.448,1.0
990,955.941,1723.362,0.05400000140070915,963.758,1716.154,0.996999979019165,893.309,1724.057,0.9950000047683716,852.135,1754.735,0.9990000128746033,786.556,1782.23,1.0
991,,,,963.758,1717.401,0.9900000095367432,893.781,1724.992,0.9990000128746033,852.135,1754.769,0.9980000257492065,787.479,1782.473,0.9990000128746033
992,,,,963.758,1717.401,0.8569999933242798,894.616,1725.215,0.9980000257492065,852.135,1754.769,1.0,786.709,1787.174,0.9990000128746033
993,908.095,1716.113,0.026000000536441803,963.758,1722.406,0.9169999957084656,895.345,1726.643,0.9890000224113464,852.888,1754.735,0.9980000257492065,786.841,1787.403,0.9990000128746033
994,,,,964.568,1722.406,0.8859999775886536,896.77,1727.118,0.9819999933242798,858.094,1754.509,0.9940000176429749,786.841,1787.768,0.9990000128746033
995,,,,964.703,1723.336,0.7580000162124634,896.77,1727.24,0.9990000128746033,858.315,1754.185,0.9900000095367432,786.841,1787.768,0.9990000128746033
996,,,,964.703,1723.336,0.8740000128746033,896.77,1727.423,0.996999979019165,858.315,1752.142,0.9919999837875366,786.841,1787.654,0.9940000176429749
997,,,,971.573,1722.406,0.8619999885559082,896.77,1727.562,1.0,858.315,1752.142,0.9890000224113464,787.479,1787.654,0.9980000257492065
998,,,,971.573,1722.158,0.6359999775886536,898.228,1727.562,0.9990000128746033,858.315,1752.142,0.9980000257492065,787.663,1787.541,0.9980000257492065
999,,,,971.573,1715.818,0.41499999165534973,900.508,1728.907,0.9890000224113464,858.315,1753.791,0.9800000190734863,788.889,1782.675,0.9990000128746033
1000,,,,963.686,1715.285,0.20600000023841858,900.966,1729.539,0.9570000171661377,853.252,1754.029,0.996999979019165,788.889,1781.64,0.9990000128746033
1001,,,,963.686,1708.251,0.6420000195503235,900.966,1730.317,0.9879999756813049,853.252,1754.029,0.9990000128746033,788.889,1781.64,1.0
1002,,,,963.686,1708.251,0.34299999475479126,900.966,1730.691,0.996999979019165,853.252,1753.791,0.9990000128746033,788.077,1781.64,1.0
1003,,,,963.798,1708.368,0.1720000058412552,902.424,1730.691,0.9909999966621399,854.469,1751.008,0.9990000128746033,787.915,1781.497,0.9990000128746033
1004,,,,963.89,1708.251,0.35199999809265137,907.819,1730.317,0.9990000128746033,854.586,1751.008,0.9990000128746033,787.616,1781.497,0.9980000257492065
1005,,,,963.939,1707.889,0.39100000262260437,907.819,1730.167,0.9990000128746033,854.806,1751.008,1.0,787.915,1781.497,0.996999979019165
1006,,,,972.134,1708.368,0.2879999876022339,902.424,1729.981,0.9990000128746033,854.98,1753.782,0.9990000128746033,787.983,1780.323,0.9980000257492065
1007,,,,972.838,1708.555,0.671999990940094,902.165,1729.469,0.996999979019165,854.98,1754.032,0.9980000257492065,787.616,1780.279,0.9980000257492065
1008,945.327,1620.727,0.949999988079071,980.114,1708.61,0.9629999995231628,901.687,1729.981,0.9900000095367432,854.586,1754.032,0.9909999966621399,787.616,1780.273,0.9990000128746033
1009,945.327,1620.835,0.8569999933242798,989.067,1708.61,0.8209999799728394,901.687,1729.027,0.9940000176429749,853.325,1754.032,0.9940000176429749,780.906,1779.534,0.996999979019165
1010,945.327,1620.857,0.8840000033378601,995.133,1708.61,0.49000000953674316,900.866,1729.027,0.9440000057220459,853.325,1753.978,0.9990000128746033,780.906,1779.534,0.996999979019165
1011,942.331,1620.835,0.7649999856948853,995.287,1707.973,0.03200000151991844,899.319,1724.207,0.6759999990463257,853.325,1751.366,0.9990000128746033,780.906,1779.534,0.996999979019165
1012,941.641,1620.727,0.5580000281333923,995.841,1700.29,0.03500000014901161,899.319,1724.207,0.19300000369548798,853.407,1750.68,0.9990000128746033,787.659,1779.534,0.9990000128746033
1013,941.641,1612.361,0.5210000276565552,995.841,1700.136,0.6330000162124634,892.458,1715.899,0.17499999701976776,853.407,1750.68,0.9990000128746033,787.743,1779.012,0.9990000128746033
1014,941.641,1612.361,0.9929999709129333,995.6,1700.29,0.7639999985694885,892.334,1715.899,0.06199999898672104,854.594,1750.357,0.9950000047683716,795.634,1779.848,0.9980000257492065
1015,941.576,1612.361,0.8019999861717224,995.6,1700.29,0.7820000052452087,892.334,1716.225,0.28299999237060547,859.115,1749.867,0.9980000257492065,795.634,1779.848,0.9980000257492065
1016,941.668,1619.331,0.968999981880188,995.6,1701.145,0.8519999980926514,892.334,1724.299,0.03400000184774399,859.115,1750.357,0.9980000257492065,795.634,1779.848,0.9959999918937683
1017,943.684,1619.426,0.7400000095367432,995.496,1709.196,0.8679999709129333,892.334,1724.523,0.0430000014603138,852.057,1753.432,0.9990000128746033,787.807,1780.673,0.9959999918937683
1018,,,,995.6,1715.868,0.46000000834465027,895.27,1730.854,0.33399999141693115,852.057,1753.898,0.9959999918937683,787.807,1788.78,0.9950000047683716
1019,,,,996.0,1716.247,0.8579999804496765,895.647,1730.854,0.9229999780654907,851.959,1754.811,0.996999979019165,787.807,1788.915,0.9940000176429749
1020,939.641,1619.516,0.20100000500679016,,,,895.647,1731.187,0.9980000257492065,851.873,1755.241,0.9959999918937683,788.015,1789.119,0.9589999914169312
1021,939.641,1620.091,0.5059999823570251,907.664,1724.079,0.04800000041723251,895.647,1730.854,0.9950000047683716,851.959,1755.336,0.9879999756813049,788.986,1788.915,0.9879999756813049
1022,939.641,1621.38,0.48100000619888306,908.38,1724.251,0.08100000023841858,895.647,1730.691,0.9419999718666077,851.959,1755.336,0.9929999709129333,795.717,1788.78,0.984000027179718
1023,899.279,1707.445,0.11900000274181366,913.019,1724.251,0.8820000290870667,895.56,1729.099,0.9980000257492065,852.901,1755.241,0.9879999756813049,796.363,1781.197,0.9639999866485596
1024,899.279,1707.688,0.06599999964237213,914.417,1724.251,0.9700000286102295,894.21,1728.775,0.9929999709129333,852.901,1754.9,0.996999979019165,796.518,1781.197,0.9860000014305115
1025,899.279,1707.826,0.017999999225139618,956.19,1723.657,0.9679999947547913,893.427,1728.643,0.9139999747276306,853.426,1754.715,0.9909999966621399,796.565,1781.197,0.9919999837875366
1026,,,,956.273,1723.393,0.8159999847412109,892.768,1728.194,0.9670000076293945,852.901,1754.527,0.9980000257492065,796.771,1781.738,0.9940000176429749
1027,,,,956.784,1723.393,0.8870000243186951,892.5,1728.194,0.9789999723434448,851.992,1754.527,0.9980000257492065,803.418,1781.738,0.9990000128746033
1028,,,,963.057,1723.393,0.9769999980926514,885.622,1728.194,0.996999979019165,851.505,1754.527,0.9980000257492065,803.418,1782.104,0.9959999918937683
1029,883.535,1715.764,0.03799999877810478,964.432,1724.177,0.9919999837875366,884.398,1730.82,0.9610000252723694,850.104,1754.573,0.9919999837875366,803.418,1787.291,0.9980000257492065
1030,883.664,1715.764,0.029999999329447746,970.043,1730.905,0.996999979019165,883.743,1730.952,0.9309999942779541,850.052,1755.398,0.9959999918937683,795.168,1788.037,0.9629999995231628
1031,891.863,1715.764,0.023000000044703484,971.052,1730.905,0.9990000128746033,877.789,1731.1,0.9819999933242798,849.506,1755.711,0.9879999756813049,795.168,1788.037,0.9919999837875366
1032,891.863,1715.764,0.04100000113248825,971.052,1730.905,0.9890000224113464,877.789,1731.1,0.8820000290870667,849.506,1755.711,0.984000027179718,795.168,1788.037,0.9490000009536743
1033,891.863,1715.981,0.04399999976158142,971.052,1724.836,0.8659999966621399,877.789,1731.1,0.6340000033378601,850.052,1755.15,0.9950000047683716,795.291,1787.994,0.9929999709129333
1034,,,,963.237,1724.429,0.2370000034570694,884.11,1730.514,0.8479999899864197,850.557,1755.15,0.9990000128746033,795.681,1787.921,0.9890000224113464
1035,,,,963.237,1723.891,0.8769999742507935,884.11,1729.955,0.9639999866485596,850.557,1754.558,0.9990000128746033,795.71,1787.81,0.9819999933242798
1036,,,,963.237,1723.374,0.925000011920929,884.213,1729.817,0.6740000247955322,852.023,1754.046,0.9980000257492065,795.71,1787.666,0.953000009059906
1037,,,,963.237,1708.852,0.44200000166893005,893.546,1725.938,0.9120000004768372,853.567,1753.617,0.9990000128746033,804.535,1780.928,0.9950000047683716
1038,,,,979.507,1708.738,0.13899999856948853,893.546,1725.352,0.5529999732971191,853.567,1753.617,0.9990000128746033,804.535,1779.978,0.9980000257492065
1039,,,,987.983,1708.567,0.041999999433755875,893.546,1724.648,0.6899999976158142,850.831,1753.973,0.9959999918937683,804.535,1779.978,0.9959999918937683
1040,,,,995.089,1708.491,0.3050000071525574,893.625,1724.047,0.8999999761581421,850.901,1750.247,0.9959999918937683,796.201,1779.869,0.9639999866485596
1041,,,,995.089,1708.491,0.578000009059906,893.625,1724.047,0.9890000224113464,850.901,1750.101,0.996999979019165,795.728,1779.828,0.9819999933242798
1042,1036.138,1724.075,0.03700000047683716,995.089,1708.491,0.9240000247955322,893.723,1724.047,0.9940000176429749,850.901,1750.101,0.9980000257492065,795.728,1779.049,0.9480000138282776
1043,,,,989.029,1707.621,0.9710000157356262,894.642,1723.953,0.9769999980926514,851.281,1750.057,0.9950000047683716,795.728,1777.934,0.921999990940094
1044,,,,989.029,1707.621,0.8849999904632568,894.89,1718.451,0.9929999709129333,852.095,1748.144,0.9940000176429749,804.169,1777.49,0.996999979019165
1045,,,,988.733,1707.335,0.8420000076293945,894.89,1717.893,0.9919999837875366,852.763,1747.668,0.9959999918937683,804.169,1777.49,0.996999979019165
1046,940.92,1604.198,0.984000027179718,988.733,1706.513,0.7239999771118164,894.89,1716.13,0.9449999928474426,852.763,1747.668,0.9950000047683716,804.169,1777.49,0.9980000257492065
1047,942.386,1604.691,0.9980000257492065,940.294,1661.006,0.9959999918937683,893.782,1715.548,0.9990000128746033,852.763,1747.668,0.9980000257492065,804.022,1777.49,0.9980000257492065
1048,942.386,1604.691,0.9909999966621399,939.754,1660.694,0.9940000176429749,893.306,1715.509,0.9980000257492065,852.206,1748.611,0.9990000128746033,802.446,1778.141,0.9850000143051147
1049,942.386,1609.663,0.9919999837875366,939.754,1660.584,0.9760000109672546,885.961,1715.509,1.0,851.355,1748.701,0.9950000047683716,797.071,1778.492,0.9900000095367432
1050,942.386,1609.663,0.9480000138282776,939.762,1659.892,0.9240000247955322,885.961,1715.509,0.996999979019165,850.037,1748.774,0.9959999918937683,797.071,1778.823,0.9980000257492065
1051,943.947,1610.146,0.925000011920929,939.7,1659.892,0.9710000157356262,885.961,1717.092,0.9869999885559082,850.025,1749.896,0.9869999885559082,797.071,1781.046,0.9950000047683716
1052,943.947,1609.663,0.9670000076293945,939.762,1659.892,0.9229999780654907,893.338,1717.092,0.9200000166893005,850.025,1749.896,0.9900000095367432,796.592,1781.046,0.9990000128746033
1053,945.073,1609.988,0.9350000023841858,939.831,1659.989,0.9789999723434448,893.468,1717.092,0.9959999918937683,850.037,1749.896,0.9990000128746033,796.354,1781.046,0.9929999709129333
1054,946.359,1610.146,0.9919999837875366,939.964,1660.118,0.8360000252723694,893.904,1717.092,0.9990000128746033,851.185,1749.223,0.9990000128746033,796.326,1780.547,0.9919999837875366
1055,946.359,1609.988,0.9879999756813049,940.124,1660.219,0.8410000205039978,894.642,1718.29,0.9940000176429749,851.369,1747.534,0.9990000128746033,796.326,1780.547,0.9909999966621399
1056,945.867,1609.006,0.9919999837875366,946.958,1660.219,0.9369999766349792,895.011,1716.796,0.9909999966621399,851.833,1747.534,0.9980000257492065,796.326,1780.547,0.972000002861023
1057,946.359,1609.988,0.9990000128746033,947.328,1660.971,0.984000027179718,895.544,1715.962,0.9589999914169312,852.76,1747.682,0.9929999709129333,796.045,1788.028,0.9890000224113464
1058,945.867,1606.518,1.0,946.958,1660.333,0.9950000047683716,895.544,1716.271,0.9850000143051147,852.76,1748.49,1.0,795.825,1788.796,0.9240000247955322
1059,944.581,1606.518,0.699999988079071,946.958,1660.337,0.949999988079071,895.544,1716.173,0.9929999709129333,852.76,1748.49,1.0,795.825,1788.99,0.9940000176429749
1060,944.227,1609.358,0.9980000257492065,945.528,1660.337,0.9340000152587891,895.547,1716.134,0.9959999918937683,850.255,1749.871,1.0,795.825,1789.297,0.9950000047683716
1061,944.581,1611.335,0.996999979019165,945.528,1661.133,0.968999981880188,895.547,1716.173,0.9990000128746033,850.255,1749.871,1.0,788.746,1789.469,0.9700000286102295
1062,944.227,1611.335,0.996999979019165,945.528,1661.172,0.9850000143051147,895.901,1716.173,0.9980000257492065,850.255,1749.871,0.9990000128746033,788.746,1789.469,0.9570000171661377
1063,944.121,1611.335,0.9860000014305115,946.39,1661.31,0.9890000224113464,895.901,1716.173,0.9980000257492065,850.656,1749.864,0.9990000128746033,788.63,1789.469,0.9909999966621399
1064,943.766,1611.748,0.984000027179718,946.39,1665.758,0.8629999756813049,895.901,1716.743,0.996999979019165,850.656,1749.864,0.996999979019165,788.63,1789.77,0.9959999918937683
1065,943.434,1611.833,0.3709999918937683,946.39,1668.19,0.8460000157356262,894.72,1717.345,0.9990000128746033,850.656,1749.864,0.9940000176429749,788.63,1789.77,0.9980000257492065
1066,943.434,1612.104,0.9980000257492065,945.657,1668.19,0.9909999966621399,894.173,1719.649,0.996999979019165,850.644,1753.972,0.9959999918937683,789.863,1789.89,0.9990000128746033
1067,943.434,1611.748,0.9980000257492065,940.377,1666.783,0.9810000061988831,886.814,1723.356,0.9959999918937683,850.517,1755.227,0.9850000143051147,795.29,1789.89,0.9980000257492065
1068,945.25,1611.748,0.9860000014305115,940.374,1666.783,0.9779999852180481,886.275,1724.165,0.9990000128746033,850.103,1755.287,0.996999979019165,795.694,1789.89,0.9890000224113464
1069,945.25,1611.727,0.9980000257492065,940.377,1667.499,0.9649999737739563,886.154,1724.165,0.9980000257492065,850.517,1755.287,0.9950000047683716,795.778,1789.999,0.9890000224113464
1070,945.25,1611.727,0.9990000128746033,940.377,1667.499,0.8450000286102295,885.87,1724.48,0.9950000047683716,850.517,1755.227,0.9909999966621399,796.417,1792.924,0.9919999837875366
1071,945.028,1611.727,0.9120000004768372,940.374,1668.495,0.8859999775886536,886.154,1724.634,0.9959999918937683,852.245,1755.34,0.9940000176429749,803.409,1792.924,0.996999979019165
1072,943.49,1612.613,0.9990000128746033,945.478,1669.556,0.9200000166893005,885.87,1725.108,0.9990000128746033,852.245,1755.34,0.996999979019165,805.127,1792.924,0.9980000257492065
1073,943.49,1616.808,0.9990000128746033,945.478,1676.258,0.9629999995231628,885.808,1725.662,0.9959999918937683,852.245,1755.598,0.9959999918937683,805.127,1793.745,0.9829999804496765
1074,943.49,1617.93,0.9890000224113464,939.59,1676.258,0.9959999918937683,885.796,1725.662,0.9980000257492065,852.524,1755.726,0.9919999837875366,805.127,1793.841,0.9940000176429749
1075,943.49,1619.267,0.9929999709129333,939.59,1676.262,0.9869999885559082,885.796,1725.108,0.9789999723434448,852.524,1755.883,0.9879999756813049,803.924,1794.201,0.9950000047683716
1076,943.334,1619.267,0.996999979019165,945.478,1676.355,0.9900000095367432,885.67,1725.087,0.968999981880188,852.016,1756.024,0.9369999766349792,796.94,1794.507,0.984000027179718
1077,943.334,1619.267,0.996999979019165,939.59,1708.559,0.8370000123977661,885.67,1725.087,0.9520000219345093,852.016,1756.024,0.9079999923706055,796.732,1794.507,0.9860000014305115
1078,942.573,1617.37,0.9940000176429749,939.346,1708.559,0.7960000038146973,885.67,1725.087,0.781000018119812,852.217,1764.576,0.9909999966621399,796.354,1795.168,0.9700000286102295
1079,942.419,1617.317,0.9990000128746033,978.297,1708.559,0.8550000190734863,892.341,1730.871,0.9459999799728394,852.217,1764.971,0.9909999966621399,796.288,1795.236,0.9779999852180481
1080,941.727,1617.31,1.0,938.991,1700.686,0.8859999775886536,892.341,1731.255,0.9829999804496765,852.217,1765.022,0.9980000257492065,796.288,1795.236,0.9670000076293945
1081,940.858,1617.31,0.996999979019165,938.991,1700.686,0.9409999847412109,892.431,1731.255,0.6959999799728394,852.635,1764.971,0.984000027179718,796.288,1795.219,0.984000027179718
1082,941.727,1617.31,0.9300000071525574,988.187,1700.686,0.9739999771118164,892.431,1731.474,0.6959999799728394,852.635,1764.576,0.9810000061988831,796.726,1795.219,0.9919999837875366
1083,941.727,1716.085,0.028999999165534973,988.303,1722.944,0.8539999723434448,892.341,1731.474,0.7039999961853027,852.635,1764.432,0.9929999709129333,803.638,1795.007,0.9860000014305115
1084,1027.833,1731.967,0.032999999821186066,988.187,1723.356,0.7630000114440918,878.02,1731.616,0.6269999742507935,851.205,1764.432,0.9679999947547913,805.115,1795.007,0.9959999918937683
1085,1027.887,1739.56,0.04699999839067459,988.303,1724.111,0.8040000200271606,877.304,1731.616,0.6669999957084656,850.623,1764.432,0.9909999966621399,805.802,1795.007,0.9929999709129333
1086,1036.211,1739.683,0.04899999871850014,988.303,1724.111,0.5350000262260437,877.304,1731.616,0.27900001406669617,850.485,1765.323,0.9539999961853027,805.802,1794.92,0.996999979019165
1087,,,,988.106,1731.882,0.04100000113248825,878.02,1731.616,0.1770000010728836,849.478,1769.914,0.9789999723434448,805.802,1794.92,0.996999979019165
1088,1020.05,1740.065,0.032999999821186066,987.942,1731.882,0.652999997138977,923.394,1724.654,0.7540000081062317,848.378,1770.393,0.9940000176429749,805.486,1794.769,0.9919999837875366
1089,1020.183,1748.139,0.0430000014603138,987.271,1732.052,0.8989999890327454,923.394,1724.654,0.8569999933242798,848.378,1770.82,0.9819999933242798,805.486,1794.466,0.984000027179718
1090,,,,980.024,1732.752,0.9589999914169312,923.394,1724.654,0.796999990940094,844.194,1771.078,0.9739999771118164,805.292,1794.466,0.9890000224113464
1091,876.51,1716.3,0.057999998331069946,980.519,1732.793,0.9789999723434448,884.056,1741.689,0.8309999704360962,843.799,1770.82,0.796999990940094,805.486,1794.36,0.9829999804496765
1092,971.961,1740.156,0.04899999871850014,980.024,1732.752,0.9789999723434448,883.432,1741.855,0.843999981880188,843.799,1770.393,0.8730000257492065,805.744,1793.83,0.9909999966621399
1093,,,,979.774,1732.752,0.972000002861023,882.971,1741.855,0.8989999890327454,843.713,1767.017,0.9150000214576721,805.744,1793.361,0.9959999918937683
1094,876.465,1716.373,0.03500000014901161,979.544,1732.219,0.875,877.491,1741.855,0.9950000047683716,843.157,1767.017,0.9639999866485596,805.292,1793.361,0.9980000257492065
1095,,,,979.774,1724.972,0.9660000205039978,877.491,1741.913,0.9909999966621399,842.702,1767.017,0.9649999737739563,805.17,1792.971,0.9980000257492065
1096,876.613,1716.386,0.05299999937415123,908.145,1724.972,0.9150000214576721,877.545,1741.971,0.9810000061988831,842.843,1767.017,0.878000020980835,803.785,1793.361,0.9929999709129333
1097,,,,901.884,1724.972,0.718999981880188,877.109,1741.971,0.972000002861023,842.271,1767.017,0.9890000224113464,780.922,1793.361,0.9120000004768372
1098,,,,898.745,1731.577,0.9480000138282776,877.545,1742.211,0.8610000014305115,842.843,1771.115,0.9879999756813049,780.922,1793.6,0.9259999990463257
1099,,,,897.735,1731.878,0.9829999804496765,877.699,1742.275,0.9020000100135803,842.828,1771.115,0.9829999804496765,780.343,1793.6,0.9419999718666077
1100,,,,893.68,1740.252,0.6790000200271606,877.545,1742.436,0.6690000295639038,842.828,1771.115,0.9929999709129333,780.922,1794.044,0.953000009059906
1101,,,,893.68,1740.252,0.7229999899864197,877.109,1742.669,0.7480000257492065,842.011,1771.088,0.9860000014305115,780.343,1794.044,0.9950000047683716
1102,,,,893.68,1740.261,0.7590000033378601,876.942,1742.691,0.4790000021457672,837.608,1771.088,0.9879999756813049,780.506,1794.754,0.984000027179718
1103,,,,893.68,1740.261,0.9589999914169312,868.607,1746.526,0.7620000243186951,837.608,1771.088,0.9980000257492065,780.506,1794.786,0.9980000257492065
1104,,,,893.726,1740.131,0.9959999918937683,862.459,1746.753,0.875,837.441,1771.088,0.9959999918937683,780.506,1794.786,0.9750000238418579
1105,,,,894.232,1740.131,0.9940000176429749,862.459,1746.753,0.6800000071525574,837.441,1771.088,0.9860000014305115,771.522,1794.786,0.9079999923706055
1106,859.974,1708.216,0.09200000017881393,894.048,1740.131,0.9940000176429749,862.459,1746.776,0.5669999718666077,837.993,1771.221,0.9769999980926514,770.771,1794.786,0.9909999966621399
1107,860.357,1715.744,0.032999999821186066,893.726,1740.131,0.9929999709129333,868.624,1746.858,0.8450000286102295,838.006,1771.336,0.9950000047683716,770.422,1794.786,0.9819999933242798
1108,867.263,1715.928,0.03099999949336052,894.048,1740.438,0.9919999837875366,868.774,1747.568,0.7490000128746033,838.006,1771.336,0.9950000047683716,770.422,1795.116,0.9679999947547913
1109,916.976,1755.028,0.8109999895095825,894.048,1741.182,0.9660000205039978,868.982,1747.685,0.9509999752044678,838.006,1771.389,0.996999979019165,770.422,1795.689,0.925000011920929
1110,916.976,1755.874,0.515999972820282,894.048,1747.114,0.9169999957084656,868.982,1757.137,0.9660000205039978,838.006,1771.436,0.9980000257492065,771.48,1796.179,0.949999988079071
1111,917.243,1763.575,0.7590000033378601,899.249,1747.458,0.9610000252723694,868.982,1757.483,0.9440000057220459,837.957,1771.563,0.9990000128746033,779.541,1796.71,0.9679999947547913
1112,917.243,1764.232,0.9449999928474426,899.729,1757.223,0.7210000157356262,868.105,1757.615,0.9390000104904175,836.573,1771.563,0.996999979019165,779.541,1796.803,0.9769999980926514
1113,917.243,1764.232,0.1679999977350235,900.072,1757.605,0.7099999785423279,867.427,1758.0,0.921999990940094,836.381,1771.972,0.9879999756813049,779.57,1797.418,0.984000027179718
1114,916.118,1764.232,0.20499999821186066,908.66,1772.634,0.7929999828338623,867.427,1758.097,0.9710000157356262,836.175,1781.623,0.996999979019165,779.541,1803.682,0.9940000176429749
1115,923.714,1748.083,0.08399999886751175,909.75,1773.803,0.9909999966621399,867.427,1762.046,0.9480000138282776,836.381,1781.951,0.9919999837875366,779.541,1803.726,0.9810000061988831
1116,876.388,1732.138,0.039000000804662704,909.825,1774.246,0.8790000081062317,867.808,1762.598,0.7929999828338623,836.381,1787.116,0.9440000057220459,779.57,1803.766,0.9800000190734863
1117,876.218,1732.077,0.10999999940395355,961.68,1788.831,0.9580000042915344,877.167,1772.667,0.6489999890327454,842.82,1787.116,0.7239999771118164,787.873,1804.035,0.9810000061988831
1118,876.218,1732.138,0.0430000014603138,961.68,1794.757,0.9480000138282776,877.167,1772.667,0.5879999995231628,842.82,1787.075,0.6539999842643738,787.873,1804.035,0.9860000014305115
1119,867.817,1739.678,0.09799999743700027,961.68,1795.098,0.9750000238418579,877.167,1772.735,0.8830000162124634,842.82,1787.563,0.9890000224113464,788.871,1804.401,0.9789999723434448
1120,867.679,1732.077,0.02800000086426735,961.68,1795.13,0.9810000061988831,868.78,1772.667,0.6809999942779541,842.82,1787.563,0.9890000224113464,788.871,1804.401,0.9599999785423279
1121,860.223,1731.787,0.050999999046325684,957.424,1795.13,0.9160000085830688,868.78,1772.667,0.14399999380111694,842.82,1787.563,0.9649999737739563,787.873,1804.035,0.9779999852180481
1122,860.223,1739.678,0.05000000074505806,956.91,1795.486,0.6650000214576721,868.78,1779.656,0.125,842.88,1787.655,0.8939999938011169,772.463,1797.246,0.9639999866485596
1123,860.223,1747.872,0.019999999552965164,893.677,1795.936,0.9259999990463257,868.26,1779.656,0.07100000232458115,842.88,1787.655,0.5099999904632568,772.463,1797.743,0.9800000190734863
1124,,,,893.677,1795.976,0.925000011920929,955.599,1787.997,0.10100000351667404,842.88,1787.655,0.6710000038146973,772.153,1797.569,0.9929999709129333
1125,868.059,1755.727,0.032999999821186066,893.677,1795.976,0.9800000190734863,955.71,1788.085,0.22599999606609344,842.88,1787.655,0.5440000295639038,772.153,1797.246,0.996999979019165
1126,876.003,1755.878,0.02500000037252903,898.671,1795.976,0.9869999885559082,955.599,1788.085,0.11900000274181366,842.88,1787.801,0.24699999392032623,772.463,1797.553,0.9980000257492065
1127,876.003,1755.878,0.03099999949336052,899.026,1796.306,0.9760000109672546,868.493,1779.908,0.0560000017285347,843.098,1787.936,0.20499999821186066,780.399,1797.553,0.9850000143051147
1128,868.059,1755.878,0.07199999690055847,899.574,1796.584,0.9649999737739563,868.493,1779.908,0.28700000047683716,843.098,1787.936,0.6570000052452087,780.456,1796.861,0.9919999837875366
1129,868.059,1755.915,0.03200000151991844,956.251,1796.584,0.9810000061988831,868.297,1779.879,0.1720000058412552,843.098,1787.936,0.45100000500679016,780.487,1796.381,0.9679999947547913
1130,876.003,1756.02,0.03700000047683716,956.251,1802.028,0.9700000286102295,868.297,1779.879,0.07900000363588333,842.626,1780.414,0.5109999775886536,780.546,1796.096,0.9769999980926514
1131,,,,956.835,1802.028,0.9879999756813049,868.493,1779.879,0.12300000339746475,836.421,1780.412,0.3919999897480011,780.546,1796.096,0.9909999966621399
1132,,,,956.868,1797.736,0.9919999837875366,868.667,1780.004,0.04500000178813934,836.421,1780.412,0.3630000054836273,780.487,1796.096,0.9629999995231628
1133,,,,956.698,1797.736,0.9919999837875366,875.933,1780.133,0.08500000089406967,836.421,1780.414,0.1589999943971634,779.649,1797.016,0.9789999723434448
1134,908.062,1788.369,0.04800000041723251,956.698,1797.736,0.9940000176429749,876.204,1780.133,0.2549999952316284,842.956,1781.734,0.5789999961853027,779.44,1797.447,0.925000011920929
1135,,,,956.698,1797.331,0.996999979019165,876.204,1780.006,0.1379999965429306,843.651,1787.117,0.6129999756813049,771.706,1797.447,0.9829999804496765
1136,,,,956.698,1797.331,0.9980000257492065,892.137,1780.006,0.14399999380111694,843.706,1787.176,0.5830000042915344,779.44,1797.447,0.8939999938011169
1137,,,,956.698,1796.584,0.9980000257492065,892.137,1780.055,0.06700000166893005,843.73,1787.176,0.6380000114440918,772.383,1797.206,0.9710000157356262
1138,,,,956.561,1795.897,0.996999979019165,892.137,1780.055,0.5569999814033508,850.957,1787.176,0.4050000011920929,779.44,1796.229,0.9769999980926514
1139,,,,956.561,1795.897,0.996999979019165,891.976,1787.229,0.10499999672174454,851.288,1787.176,0.6800000071525574,780.504,1795.975,0.9950000047683716
1140,,,,956.303,1795.897,0.9980000257492065,891.97,1787.593,0.46700000762939453,851.717,1787.299,0.8899999856948853,780.504,1794.696,0.9900000095367432
1141,,,,956.232,1798.293,0.9959999918937683,891.952,1787.82,0.9020000100135803,852.27,1787.319,0.9520000219345093,780.472,1794.45,0.9909999966621399
1142,,,,956.232,1798.293,0.9940000176429749,891.952,1788.414,0.5249999761581421,852.291,1787.319,0.8809999823570251,780.504,1794.377,0.9869999885559082
1143,,,,956.302,1798.712,0.9959999918937683,891.638,1788.414,0.25699999928474426,852.291,1787.319,0.6629999876022339,780.472,1794.015,0.9879999756813049
1144,,,,956.2,1802.924,0.9879999756813049,884.67,1788.414,0.13899999856948853,852.291,1787.319,0.19699999690055847,780.326,1794.015,0.9860000014305115
1145,,,,956.08,1802.924,0.9940000176429749,876.295,1780.02,0.041999999433755875,851.949,1787.318,0.16099999845027924,780.472,1794.015,0.9430000185966492
1146,,,,956.104,1802.711,0.9900000095367432,876.295,1779.811,0.26899999380111694,851.946,1787.318,0.48899999260902405,780.509,1794.25,0.9890000224113464
1147,,,,956.104,1802.711,0.9929999709129333,876.295,1779.811,0.3199999928474426,851.946,1787.325,0.6460000276565552,780.326,1794.262,0.9679999947547913
1148,,,,956.08,1802.711,0.9369999766349792,876.403,1779.811,0.35600000619888306,851.949,1787.47,0.7549999952316284,780.276,1794.383,0.8989999890327454
1149,,,,955.967,1802.711,0.9800000190734863,884.477,1780.05,0.44999998807907104,858.67,1787.634,0.5329999923706055,780.276,1794.717,0.9129999876022339
1150,,,,955.967,1802.311,0.9900000095367432,884.726,1787.865,0.7559999823570251,858.981,1787.678,0.3529999852180481,780.244,1795.05,0.9829999804496765
1151,,,,955.967,1798.002,0.9869999885559082,891.904,1787.865,0.43799999356269836,859.221,1787.678,0.0989999994635582,780.123,1795.05,0.9760000109672546
1152,,,,955.967,1798.002,0.9950000047683716,891.904,1780.308,0.421999990940094,859.221,1787.693,0.10300000011920929,780.123,1795.05,0.9549999833106995
1153,,,,956.196,1797.792,0.9779999852180481,891.904,1780.308,0.07000000029802322,859.221,1787.725,0.026000000536441803,780.123,1795.036,0.9750000238418579
1154,,,,956.45,1797.469,0.9800000190734863,884.086,1780.308,0.04500000178813934,843.728,1795.758,0.04500000178813934,780.407,1794.762,0.9679999947547913
1155,,,,956.701,1797.469,0.9829999804496765,883.991,1780.308,0.02800000086426735,843.648,1795.758,0.3659999966621399,780.407,1794.672,0.9769999980926514
1156,,,,956.731,1797.469,0.9760000109672546,883.991,1780.309,0.07900000363588333,843.648,1795.758,0.11699999868869781,787.69,1794.762,0.9810000061988831
1157,,,,956.701,1797.54,0.9760000109672546,884.086,1780.534,0.2199999988079071,843.728,1795.029,0.421999990940094,788.36,1795.036,0.8510000109672546
1158,,,,956.701,1797.54,0.9890000224113464,884.255,1780.738,0.41499999165534973,843.728,1795.029,0.23499999940395355,788.36,1794.672,0.9660000205039978
1159,,,,956.495,1797.54,0.9900000095367432,891.658,1788.281,0.17499999701976776,843.899,1787.902,0.12200000137090683,804.631,1796.303,0.9789999723434448
1160,,,,956.42,1796.696,0.9710000157356262,891.813,1788.281,0.11299999803304672,843.899,1787.902,0.09099999815225601,804.769,1796.349,0.9580000042915344
1161,1020.049,1755.924,0.03700000047683716,956.345,1796.043,0.968999981880188,948.377,1788.281,0.07599999755620956,843.899,1787.924,0.23800000548362732,804.725,1796.349,0.9850000143051147
1162,,,,956.345,1796.035,0.9559999704360962,948.502,1788.128,0.40700000524520874,843.899,1787.924,0.1979999989271164,804.725,1796.441,0.9860000014305115
1163,1020.053,1755.882,0.07400000095367432,956.42,1795.57,0.9909999966621399,948.502,1787.987,0.20800000429153442,844.117,1787.82,0.2240000069141388,804.725,1796.56,0.9909999966621399
1164,1020.208,1755.978,0.03400000184774399,963.398,1795.57,0.9480000138282776,948.502,1787.854,0.40700000524520874,844.117,1787.872,0.1809999942779541,796.813,1796.56,0.9549999833106995
1165,,,,963.398,1795.532,0.8069999814033508,948.502,1780.986,0.30300000309944153,851.743,1787.587,0.1679999977350235,796.546,1796.56,0.9549999833106995
1166,,,,963.398,1795.391,0.9490000009536743,955.73,1780.923,0.25999999046325684,851.935,1787.497,0.1379999965429306,796.546,1796.56,0.9729999899864197
1167,1020.006,1756.029,0.04899999871850014,963.398,1795.57,0.9879999756813049,956.131,1780.299,0.7139999866485596,851.935,1787.474,0.6830000281333923,796.546,1796.282,0.9639999866485596
1168,,,,963.158,1795.391,0.9010000228881836,956.131,1779.529,0.6919999718666077,851.634,1787.272,0.22200000286102295,796.809,1795.907,0.9769999980926514
1169,,,,961.761,1795.054,0.7009999752044678,899.883,1779.529,0.5049999952316284,851.634,1787.272,0.4580000042915344,796.876,1795.57,0.9909999966621399
1170,,,,956.431,1794.594,0.9919999837875366,948.222,1780.619,0.42399999499320984,851.457,1787.405,0.3310000002384186,803.671,1795.509,0.996999979019165
1171,,,,955.592,1794.376,0.9879999756813049,899.883,1779.272,0.09600000083446503,851.312,1787.272,0.27000001072883606,803.786,1795.498,0.9990000128746033
1172,,,,955.592,1794.376,0.9670000076293945,899.883,1780.619,0.14100000262260437,851.312,1787.272,0.26600000262260437,805.095,1795.498,0.9990000128746033
1173,,,,956.431,1794.376,0.9309999942779541,947.486,1781.783,0.703000009059906,851.14,1787.177,0.6050000190734863,805.113,1795.498,0.996999979019165
1174,,,,963.611,1794.808,0.6710000038146973,947.486,1781.912,0.8949999809265137,851.14,1786.973,0.7390000224113464,805.122,1795.498,0.996999979019165
1175,1020.081,1756.014,0.023000000044703484,963.611,1794.808,0.656000018119812,946.59,1781.912,0.9290000200271606,851.14,1786.944,0.6710000038146973,805.709,1794.52,0.9929999709129333
1176,,,,963.611,1794.808,0.8679999709129333,947.486,1787.927,0.7879999876022339,850.957,1780.895,0.6069999933242798,805.709,1794.52,0.9490000009536743
1177,,,,957.309,1794.78,0.5789999961853027,946.59,1788.127,0.7960000038146973,850.916,1780.878,0.48399999737739563,805.709,1794.52,0.9319999814033508
1178,1020.344,1755.733,0.03500000014901161,957.274,1794.57,0.9179999828338623,946.59,1788.127,0.2290000021457672,843.764,1780.878,0.7139999866485596,797.091,1794.652,0.9779999852180481
1179,,,,957.274,1794.57,0.9850000143051147,947.544,1788.127,0.164000004529953,843.764,1780.895,0.7519999742507935,796.547,1794.79,0.9950000047683716
1180,,,,957.003,1794.075,0.890999972820282,947.544,1787.772,0.5120000243186951,850.916,1780.895,0.7080000042915344,796.547,1794.79,0.9869999885559082
1181,,,,957.272,1794.075,0.8399999737739563,939.61,1780.427,0.5529999732971191,851.28,1780.49,0.7990000247955322,797.091,1794.79,0.9950000047683716
1182,,,,957.274,1796.344,0.9950000047683716,917.158,1780.427,0.3779999911785126,851.676,1780.98,0.6340000033378601,803.576,1794.336,0.9980000257492065
1183,,,,957.272,1796.344,0.996999979019165,916.523,1787.772,0.4269999861717224,851.676,1780.455,0.8629999756813049,804.488,1793.319,0.9990000128746033
1184,,,,957.003,1796.278,0.9929999709129333,916.523,1788.046,0.4749999940395355,851.872,1780.398,0.3720000088214874,804.961,1793.198,0.9990000128746033
1185,,,,956.839,1796.278,0.9950000047683716,916.523,1788.046,0.07400000095367432,851.872,1779.466,0.035999998450279236,806.349,1790.148,0.9990000128746033
1186,,,,956.642,1795.758,0.7839999794960022,916.523,1788.046,0.061000000685453415,852.275,1778.896,0.30799999833106995,811.729,1789.14,0.9959999918937683
1187,,,,956.642,1795.573,0.968999981880188,884.101,1772.743,0.4050000011920929,851.872,1778.795,0.8949999809265137,811.729,1788.581,0.9940000176429749
1188,,,,956.602,1795.258,0.9620000123977661,884.072,1772.397,0.4970000088214874,852.275,1771.703,0.7179999947547913,811.729,1788.297,0.9909999966621399
1189,,,,956.602,1795.258,0.9819999933242798,876.126,1772.261,0.21799999475479126,852.275,1771.644,0.6439999938011169,811.534,1780.379,0.9789999723434448
1190,900.182,1796.214,0.3310000002384186,956.609,1795.508,0.902999997138977,884.072,1772.261,0.1940000057220459,852.036,1771.445,0.0989999994635582,811.534,1780.084,0.9670000076293945
1191,900.732,1803.746,0.39399999380111694,956.609,1795.258,0.8870000243186951,875.842,1772.087,0.11599999666213989,852.033,1771.445,0.03400000184774399,806.919,1779.806,0.9769999980926514
1192,900.89,1811.759,0.8360000252723694,956.609,1795.508,0.7390000224113464,884.072,1772.087,0.19499999284744263,852.036,1771.644,0.03500000014901161,805.818,1779.806,0.9760000109672546
1193,907.558,1812.551,0.6729999780654907,956.914,1795.508,0.4169999957084656,939.632,1787.963,0.3440000116825104,852.036,1771.644,0.48899999260902405,805.818,1780.379,0.9869999885559082
1194,,,,956.914,1794.754,0.6480000019073486,939.632,1787.963,0.6690000295639038,852.174,1779.493,0.34599998593330383,805.299,1780.617,0.9789999723434448
1195,,,,956.243,1794.33,0.9629999995231628,939.632,1787.997,0.4059999883174896,852.174,1779.493,0.1850000023841858,804.949,1780.991,0.9909999966621399
1196,,,,956.243,1794.754,0.9890000224113464,939.632,1787.997,0.30799999833106995,852.213,1779.81,0.30000001192092896,804.758,1780.991,0.9900000095367432
1197,,,,956.044,1794.33,0.9589999914169312,891.809,1780.488,0.5199999809265137,852.37,1779.81,0.1889999955892563,804.949,1780.617,0.9950000047683716
1198,,,,883.998,1793.676,0.5170000195503235,891.809,1772.27,0.1509999930858612,859.189,1779.924,0.421999990940094,804.949,1780.617,0.9929999709129333
1199,,,,883.998,1794.33,0.3310000002384186,891.827,1772.483,0.25,859.225,1779.658,0.1340000033378601,804.758,1780.373,0.996999979019165
1200,,,,956.044,1794.873,0.07900000363588333,891.827,1772.483,0.46399998664855957,859.225,1779.924,0.1080000028014183,804.132,1780.373,0.996999979019165
1201,,,,956.156,1789.052,0.6499999761581421,891.827,1772.483,0.6830000281333923,859.225,1779.924,0.5389999747276306,804.111,1780.373,0.9890000224113464
1202,,,,956.156,1789.052,0.6140000224113464,892.149,1779.078,0.746999979019165,859.225,1779.924,0.6340000033378601,804.055,1780.412,0.9940000176429749
1203,,,,956.325,1789.052,0.8700000047683716,892.149,1779.736,0.7200000286102295,859.078,1780.121,0.5019999742507935,804.055,1780.412,0.9900000095367432
1204,,,,956.733,1789.052,0.9950000047683716,940.92,1779.736,0.7900000214576721,859.078,1780.121,0.800000011920929,804.111,1781.914,0.9959999918937683
1205,,,,956.636,1789.052,0.9860000014305115,940.92,1779.685,0.9319999814033508,859.004,1779.747,0.6949999928474426,810.679,1781.864,0.996999979019165
1206,,,,956.733,1789.126,0.9169999957084656,946.166,1779.685,0.9789999723434448,858.848,1779.698,0.164000004529953,812.193,1781.914,0.9980000257492065
1207,,,,956.733,1789.243,0.6740000247955322,947.585,1780.332,0.9700000286102295,853.139,1779.698,0.2540000081062317,812.388,1782.433,0.9980000257492065
1208,,,,956.636,1789.246,0.6100000143051147,947.585,1780.307,0.9380000233650208,853.139,1779.698,0.3529999852180481,812.388,1782.241,0.9959999918937683
1209,,,,956.482,1789.627,0.6299999952316284,947.585,1780.307,0.9549999833106995,853.139,1779.695,0.11299999803304672,812.388,1782.241,0.9990000128746033
1210,,,,955.007,1789.627,0.902999997138977,946.951,1780.307,0.765999972820282,853.81,1780.666,0.5,812.119,1782.241,0.9950000047683716
1211,,,,955.007,1789.627,0.9670000076293945,891.812,1780.019,0.39399999380111694,853.81,1780.705,0.875,805.131,1781.021,0.9990000128746033
1212,,,,950.694,1789.644,0.9950000047683716,891.812,1779.994,0.621999979019165,853.81,1780.666,0.8069999814033508,804.089,1781.021,0.996999979019165
1213,,,,955.007,1789.644,0.9890000224113464,891.812,1779.919,0.5929999947547913,853.783,1780.424,0.734000027179718,804.089,1780.975,0.996999979019165
1214,,,,955.007,1789.644,0.9950000047683716,891.639,1779.748,0.5569999814033508,853.783,1780.424,0.4970000088214874,804.089,1781.021,0.996999979019165
1215,,,,950.694,1789.85,0.9779999852180481,891.625,1779.748,0.7570000290870667,853.783,1779.756,0.8389999866485596,804.094,1781.054,0.9980000257492065
1216,,,,949.069,1789.85,0.9950000047683716,955.787,1779.502,0.7429999709129333,859.075,1779.756,0.824999988079071,804.551,1781.054,0.9980000257492065
1217,,,,949.041,1789.85,0.9860000014305115,900.033,1779.748,0.3160000145435333,859.075,1779.733,0.5419999957084656,804.551,1781.054,0.996999979019165
1218,,,,948.929,1789.85,0.878000020980835,892.081,1779.857,0.26899999380111694,859.075,1779.733,0.7429999709129333,804.551,1781.054,0.9980000257492065
1219,,,,948.929,1789.316,0.9169999957084656,892.081,1780.098,0.24300000071525574,859.075,1779.989,0.890999972820282,804.551,1781.054,0.9980000257492065
1220,,,,947.696,1789.312,0.9649999737739563,892.081,1780.098,0.37700000405311584,858.926,1779.989,0.8029999732971191,804.551,1781.919,0.9950000047683716
1221,,,,947.623,1789.312,0.7630000114440918,892.064,1780.098,0.29899999499320984,858.925,1780.147,0.28600001335144043,804.63,1781.919,0.9940000176429749
1222,,,,947.463,1789.682,0.9900000095367432,892.064,1779.778,0.7319999933242798,858.926,1780.159,0.6710000038146973,804.672,1781.956,0.9980000257492065
1223,,,,946.404,1789.682,0.9959999918937683,892.064,1779.686,0.5490000247955322,859.415,1780.202,0.9210000038146973,804.811,1781.956,0.996999979019165
1224,,,,945.13,1792.185,0.984000027179718,955.57,1772.345,0.3569999933242798,859.375,1780.271,0.4259999990463257,805.045,1781.817,0.9980000257492065
1225,,,,945.13,1792.185,0.9629999995231628,955.57,1772.345,0.34299999475479126,859.375,1780.271,0.1459999978542328,805.045,1781.79,0.9890000224113464
1226,,,,946.404,1793.474,0.9769999980926514,955.57,1772.345,0.6850000023841858,859.458,1787.416,0.578000009059906,804.917,1781.79,0.9890000224113464
1227,,,,946.404,1793.529,0.9210000038146973,948.945,1787.883,0.335999995470047,859.53,1787.633,0.8429999947547913,804.917,1781.79,0.9909999966621399
1228,,,,940.934,1793.529,0.3100000023841858,948.145,1787.883,0.4790000021457672,859.687,1787.416,0.03400000184774399,805.045,1781.79,0.9959999918937683
1229,,,,947.381,1793.433,0.6370000243186951,948.142,1787.883,0.5569999814033508,859.717,1779.942,0.23000000417232513,811.125,1786.347,0.9940000176429749
1230,,,,948.296,1793.433,0.9229999780654907,948.142,1780.661,0.5720000267028809,859.717,1779.942,0.17100000381469727,811.202,1786.347,0.9980000257492065
1231,,,,955.437,1792.791,0.9259999990463257,940.312,1780.661,0.8730000257492065,859.687,1779.81,0.39500001072883606,811.693,1786.347,0.9980000257492065
1232,,,,955.437,1792.791,0.9660000205039978,940.295,1780.488,0.6389999985694885,859.346,1779.81,0.9520000219345093,811.862,1781.989,0.9950000047683716
1233,,,,955.502,1792.791,0.953000009059906,939.65,1780.214,0.9419999718666077,859.258,1779.81,0.925000011920929,812.162,1781.441,0.9959999918937683
1234,,,,955.502,1788.141,0.9900000095367432,884.487,1780.488,0.859000027179718,859.258,1779.182,0.7549999952316284,812.162,1781.073,0.9919999837875366
1235,,,,956.183,1788.141,0.6290000081062317,884.353,1780.488,0.968999981880188,859.346,1778.777,0.8529999852180481,812.111,1780.052,0.9940000176429749
1236,,,,956.183,1787.827,0.8389999866485596,884.353,1780.272,0.7509999871253967,859.587,1778.777,0.3400000035762787,811.862,1779.925,0.9909999966621399
1237,,,,956.183,1787.694,0.9179999828338623,884.487,1780.172,0.20499999821186066,859.827,1778.777,0.12600000202655792,803.216,1779.481,0.9919999837875366
1238,,,,955.455,1787.827,0.9340000152587891,948.106,1779.459,0.09200000017881393,859.925,1780.097,0.04800000041723251,803.033,1779.925,0.9819999933242798
1239,,,,955.386,1787.827,0.8999999761581421,948.106,1779.233,0.5730000138282776,859.925,1780.107,0.06700000166893005,796.488,1780.052,0.9610000252723694
1240,,,,955.386,1788.479,0.7770000100135803,948.106,1779.21,0.8709999918937683,859.94,1780.139,0.028999999165534973,796.193,1781.362,0.9940000176429749
1241,,,,955.455,1788.479,0.906000018119812,947.436,1779.21,0.8840000033378601,859.94,1780.188,0.22499999403953552,796.488,1781.668,0.9750000238418579
1242,891.911,1787.887,0.03999999910593033,955.386,1788.479,0.9750000238418579,947.436,1779.167,0.7149999737739563,,,,803.033,1781.707,0.9789999723434448
1243,,,,955.386,1788.425,0.8610000014305115,947.436,1778.885,0.8949999809265137,859.74,1779.791,0.1289999932050705,802.173,1782.398,0.9959999918937683
1244,,,,955.735,1788.425,0.7039999961853027,947.866,1778.885,0.8700000047683716,,,,803.163,1782.398,0.9990000128746033
1245,,,,908.194,1788.425,0.9309999942779541,948.712,1778.56,0.703000009059906,859.937,1779.929,0.05299999937415123,803.182,1782.398,0.9990000128746033
1246,,,,898.659,1788.466,0.7300000190734863,948.712,1778.885,0.7559999823570251,,,,803.935,1782.078,0.9990000128746033
1247,,,,898.659,1788.844,0.7979999780654907,948.102,1779.229,0.921999990940094,859.982,1780.005,0.02199999988079071,805.455,1782.077,0.9990000128746033
1248,,,,955.377,1788.891,0.718999981880188,947.866,1780.086,0.9350000023841858,859.982,1780.005,0.028999999165534973,805.455,1781.57,0.9980000257492065
1249,,,,954.967,1788.94,0.8629999756813049,940.838,1781.0,0.9589999914169312,860.001,1780.049,0.05700000002980232,805.455,1781.038,0.9990000128746033
1250,,,,954.967,1788.94,0.8980000019073486,940.458,1781.204,0.949999988079071,860.001,1780.049,0.03700000047683716,805.179,1779.166,1.0
1251,,,,954.967,1788.909,0.8299999833106995,940.199,1781.204,0.9760000109672546,995.944,1780.084,0.04800000041723251,804.902,1778.576,0.9990000128746033
1252,,,,954.967,1788.891,0.9440000057220459,940.096,1781.204,0.9890000224113464,,,,804.902,1778.44,0.996999979019165
1253,,,,954.967,1788.671,0.5740000009536743,940.096,1781.02,0.9259999990463257,,,,804.902,1778.154,0.9980000257492065
1254,,,,956.196,1788.132,0.2540000081062317,940.096,1781.02,0.9940000176429749,987.969,1787.61,0.03400000184774399,806.123,1773.196,0.9990000128746033
1255,,,,956.277,1779.25,0.5149999856948853,947.151,1779.188,0.8640000224113464,,,,812.41,1772.84,0.9810000061988831
1256,,,,956.277,1779.007,0.5059999823570251,947.767,1778.99,0.9399999976158142,,,,812.423,1772.84,0.9959999918937683
1257,1068.283,1260.374,0.029999999329447746,956.277,1779.007,0.5220000147819519,947.839,1764.328,0.3089999854564667,947.775,1787.79,0.04399999976158142,812.489,1772.821,0.9959999918937683
1258,1068.29,1260.376,0.03700000047683716,956.173,1772.691,0.041999999433755875,947.839,1764.328,0.05000000074505806,955.584,1787.903,0.024000000208616257,812.803,1772.821,0.9980000257492065
1259,,,,908.145,1772.691,0.17599999904632568,947.839,1764.328,0.3479999899864197,,,,819.416,1772.476,0.9990000128746033
1260,,,,908.145,1779.628,0.0989999994635582,891.943,1777.687,0.5699999928474426,867.572,1771.727,0.032999999821186066,820.613,1772.218,0.9990000128746033
1261,,,,908.145,1787.737,0.09000000357627869,891.943,1777.687,0.890999972820282,867.618,1771.727,0.12700000405311584,820.764,1772.147,0.9990000128746033
1262,,,,,,,891.943,1777.687,0.050999999046325684,867.718,1771.757,0.1120000034570694,820.764,1772.218,0.9950000047683716
1263,,,,99.198,1340.453,0.035999998450279236,939.899,1777.687,0.08100000023841858,867.718,1771.727,0.1899999976158142,820.677,1772.195,0.9909999966621399
1264,,,,99.615,1340.466,0.12099999934434891,948.352,1787.826,0.052000001072883606,932.22,1771.714,0.054999999701976776,820.764,1772.088,0.9940000176429749
1265,,,,99.63,1341.012,0.032999999821186066,,,,932.22,1771.522,0.04899999871850014,820.764,1772.056,0.9990000128746033
1266,,,,,,,923.929,1747.636,0.03700000047683716,932.22,1763.355,0.08500000089406967,821.961,1771.659,0.9990000128746033
1267,,,,,,,932.182,1747.636,0.1420000046491623,932.162,1755.995,0.12200000137090683,821.991,1771.627,0.9990000128746033
1268,,,,100.073,1347.979,0.04800000041723251,932.781,1747.636,0.47999998927116394,932.162,1755.995,0.18799999356269836,822.082,1771.325,0.9990000128746033
1269,,,,940.081,1739.809,0.05900000035762787,932.335,1747.264,0.7699999809265137,932.162,1763.355,0.1809999942779541,822.347,1771.281,0.9980000257492065
1270,,,,940.205,1747.86,0.03200000151991844,932.218,1747.146,0.8809999823570251,932.162,1763.355,0.2809999883174896,822.486,1771.281,0.9990000128746033
1271,,,,,,,932.335,1740.173,0.5770000219345093,916.351,1762.75,0.15700000524520874,822.486,1767.318,0.9990000128746033
1272,,,,99.714,1340.162,0.026000000536441803,932.335,1740.173,0.40299999713897705,916.351,1762.75,0.33899998664855957,822.082,1767.244,0.9990000128746033
1273,,,,,,,932.335,1740.156,0.5440000295639038,899.376,1755.318,0.6290000081062317,820.788,1767.167,0.9990000128746033
1274,,,,,,,939.755,1740.156,0.3479999899864197,899.278,1755.318,0.6970000267028809,819.308,1765.614,0.9959999918937683
1275,,,,,,,939.755,1740.185,0.12999999523162842,892.055,1755.88,0.972000002861023,818.416,1765.379,0.9990000128746033
1276,,,,,,,932.147,1740.193,0.03099999949336052,892.055,1755.832,0.9049999713897705,817.447,1765.313,0.9990000128746033
1277,931.705,1707.925,0.03700000047683716,931.742,1747.611,0.028999999165534973,924.084,1747.082,0.20100000500679016,891.606,1755.832,0.25699999928474426,818.208,1764.935,0.9990000128746033
1278,931.927,1708.005,0.07400000095367432,940.05,1747.611,0.03700000047683716,923.998,1747.082,0.11400000005960464,891.164,1755.832,0.2800000011920929,818.208,1763.905,0.9959999918937683
1279,940.144,1708.047,0.39100000262260437,940.237,1747.611,0.22499999403953552,923.786,1747.082,0.5370000004768372,883.973,1755.698,0.20200000703334808,818.208,1763.905,0.9990000128746033
1280,940.704,1708.13,0.39800000190734863,940.551,1740.335,0.12800000607967377,923.711,1741.14,0.4449999928474426,875.728,1755.628,0.17900000512599945,819.579,1763.501,0.9990000128746033
1281,940.704,1708.13,0.5360000133514404,940.551,1740.302,0.06400000303983688,923.786,1740.44,0.335999995470047,875.606,1749.606,0.20499999821186066,819.579,1763.348,0.9980000257492065
1282,940.704,1708.167,0.6269999742507935,940.626,1740.302,0.3089999854564667,923.677,1740.44,0.7400000095367432,869.614,1749.606,0.9549999833106995,819.579,1763.348,0.9990000128746033
1283,940.499,1708.13,0.38100001215934753,940.237,1740.215,0.07100000232458115,923.677,1741.14,0.4560000002384186,869.614,1749.606,0.9879999756813049,819.239,1763.614,0.9990000128746033
1284,931.974,1708.13,0.3659999966621399,940.082,1740.215,0.25,923.877,1747.141,0.382999986410141,869.614,1749.606,0.9150000214576721,819.0,1763.614,0.9990000128746033
1285,931.974,1708.167,0.09600000083446503,940.082,1739.948,0.06599999964237213,923.877,1747.451,0.34200000762939453,869.614,1749.606,0.9769999980926514,818.953,1764.419,0.9990000128746033
1286,931.658,1708.167,0.06199999898672104,940.082,1739.925,0.10599999874830246,916.641,1747.549,0.671999990940094,869.552,1749.55,0.8889999985694885,818.275,1764.607,0.9980000257492065
1287,931.704,1708.239,0.029999999329447746,940.065,1739.892,0.16300000250339508,916.641,1747.549,0.5550000071525574,875.216,1749.55,0.8799999952316284,818.275,1764.86,0.9950000047683716
1288,931.704,1708.239,0.3179999887943268,940.065,1739.892,0.0989999994635582,916.328,1747.602,0.48399999737739563,875.139,1749.55,0.9179999828338623,818.275,1764.86,0.9959999918937683
1289,931.704,1708.137,0.3659999966621399,940.154,1739.892,0.02500000037252903,916.328,1747.615,0.37400001287460327,874.977,1755.189,0.9279999732971191,820.203,1764.86,0.9980000257492065
1290,931.704,1707.987,0.0689999982714653,,,,916.328,1748.169,0.6859999895095825,874.977,1755.189,0.9290000200271606,820.768,1763.852,0.9959999918937683
1291,940.09,1707.987,0.1469999998807907,940.004,1739.936,0.03500000014901161,916.518,1748.169,0.9380000233650208,875.139,1755.366,0.9670000076293945,821.869,1763.359,0.9980000257492065
1292,940.093,1707.987,0.14100000262260437,940.025,1739.955,0.10199999809265137,916.535,1748.169,0.9200000166893005,874.977,1755.366,0.9449999928474426,822.119,1762.935,0.9990000128746033
1293,940.183,1707.987,0.05900000035762787,940.16,1739.996,0.032999999821186066,916.615,1747.929,0.5870000123977661,869.729,1754.711,0.7900000214576721,822.2,1762.174,0.996999979019165
1294,940.19,1708.003,0.03700000047683716,,,,916.832,1747.929,0.3319999873638153,869.729,1754.711,0.26100000739097595,822.2,1761.882,0.9890000224113464
1295,940.202,1708.041,0.12600000202655792,,,,917.592,1747.929,0.675000011920929,875.564,1747.309,0.13899999856948853,822.119,1756.747,0.996999979019165
1296,940.224,1708.041,0.14900000393390656,,,,923.288,1748.302,0.8360000252723694,875.91,1747.309,0.14300000667572021,820.028,1756.747,0.9890000224113464
1297,940.284,1708.17,0.164000004529953,,,,923.32,1748.302,0.8840000033378601,876.264,1747.729,0.24199999868869781,819.706,1756.747,0.9929999709129333
1298,1068.265,1715.94,0.03200000151991844,,,,923.68,1748.818,0.6489999890327454,907.411,1755.797,0.3089999854564667,819.629,1756.46,0.972000002861023
1299,,,,,,,923.871,1749.397,0.11999999731779099,907.336,1755.781,0.6399999856948853,819.629,1756.294,0.9950000047683716
1300,,,,,,,,,,907.336,1755.781,0.22499999403953552,819.629,1755.982,0.9919999837875366
1301,,,,,,,,,,907.336,1755.781,0.5180000066757202,820.769,1755.982,0.9959999918937683
1302,,,,,,,923.744,1756.04,0.03999999910593033,900.336,1755.523,0.6019999980926514,820.769,1755.982,0.9929999709129333
1303,,,,,,,,,,891.818,1748.884,0.9390000104904175,820.982,1756.128,0.9869999885559082
1304,932.019,1707.9,0.028999999165534973,,,,924.459,1747.537,0.04500000178813934,891.216,1748.139,0.8840000033378601,820.769,1756.128,0.9929999709129333
1305,932.052,1707.948,0.09200000017881393,,,,924.714,1747.537,0.24799999594688416,891.818,1748.437,0.9070000052452087,820.69,1762.269,0.9940000176429749
1306,940.256,1708.09,0.03999999910593033,,,,925.026,1747.616,0.17800000309944153,900.336,1748.437,0.9559999704360962,811.921,1762.269,0.9800000190734863
1307,,,,,,,925.026,1747.616,0.08900000154972076,901.661,1748.437,0.9980000257492065,811.54,1762.269,0.9919999837875366
1308,,,,,,,924.714,1747.841,0.20900000631809235,901.661,1748.437,0.8889999985694885,803.438,1762.269,0.9940000176429749
1309,75.729,1435.836,0.0949999988079071,,,,924.714,1747.178,0.1809999942779541,901.661,1748.437,0.6949999928474426,804.194,1763.069,0.9990000128746033
1310,,,,,,,924.855,1747.178,0.32100000977516174,876.127,1747.833,0.8019999861717224,804.194,1763.145,1.0
1311,75.765,1260.385,0.027000000700354576,940.325,1723.798,0.023000000044703484,924.855,1747.178,0.8560000061988831,868.405,1747.833,0.9679999947547913,804.194,1763.145,0.9990000128746033
1312,940.026,1260.385,0.027000000700354576,947.985,1723.87,0.08299999684095383,924.855,1747.552,0.8700000047683716,868.405,1747.833,0.9359999895095825,804.194,1763.069,0.9990000128746033
1313,1068.247,1260.421,0.03500000014901161,,,,925.006,1747.178,0.050999999046325684,868.405,1747.912,0.8870000243186951,804.316,1762.562,0.9990000128746033
1314,1068.247,1260.421,0.04500000178813934,,,,925.006,1740.884,0.45899999141693115,868.405,1747.912,0.8569999933242798,804.316,1756.422,0.9980000257492065
1315,1068.247,1260.421,0.032999999821186066,,,,925.006,1740.884,0.3919999897480011,867.732,1747.912,0.8999999761581421,803.021,1756.422,0.9959999918937683
1316,76.098,1436.089,0.02500000037252903,956.068,1419.935,0.024000000208616257,925.006,1731.704,0.7749999761581421,867.691,1746.827,0.972000002861023,803.021,1756.405,0.984000027179718
1317,76.098,1443.981,0.2619999945163727,1068.13,1723.934,0.029999999329447746,932.456,1730.785,0.5690000057220459,867.691,1746.783,0.9779999852180481,803.997,1756.314,0.9940000176429749
1318,76.098,1444.026,0.03099999949336052,,,,932.456,1724.65,0.027000000700354576,867.691,1746.652,0.9470000267028809,803.997,1756.172,0.9990000128746033
1319,,,,1068.093,1428.176,0.035999998450279236,932.456,1724.019,0.06300000101327896,867.753,1746.369,0.9819999933242798,806.091,1750.754,1.0
1320,74.91,1444.144,0.3499999940395355,,,,932.018,1724.019,0.6830000281333923,867.753,1739.792,0.9940000176429749,806.091,1750.613,1.0
1321,75.243,1444.205,0.16099999845027924,,,,924.644,1724.288,0.41999998688697815,867.753,1739.732,0.9290000200271606,806.091,1748.74,0.9990000128746033
1322,75.476,1444.443,0.052000001072883606,92.283,1348.098,0.026000000536441803,924.287,1724.288,0.49900001287460327,866.327,1739.585,0.9909999966621399,803.799,1748.693,0.9990000128746033
1323,,,,940.05,1716.241,0.03799999877810478,924.287,1724.288,0.43799999356269836,865.711,1739.187,0.9879999756813049,803.676,1748.693,0.9990000128746033
1324,1068.204,1260.345,0.0560000017285347,947.604,1724.112,0.07000000029802322,924.644,1724.454,0.4180000126361847,865.711,1739.107,0.9229999780654907,802.647,1748.74,0.9990000128746033
1325,1068.247,1260.415,0.03099999949336052,947.893,1716.241,0.039000000804662704,925.148,1724.454,0.7269999980926514,865.711,1739.09,0.9340000152587891,802.647,1748.945,0.996999979019165
1326,,,,947.975,1724.215,0.0430000014603138,925.148,1724.454,0.9589999914169312,865.753,1739.029,0.9570000171661377,802.647,1748.945,0.9990000128746033
1327,75.42,1444.085,0.12200000137090683,955.991,1724.328,0.028999999165534973,925.148,1724.454,0.42899999022483826,865.9,1739.09,0.8330000042915344,802.8,1748.945,0.9990000128746033
1328,75.525,1444.192,0.03999999910593033,,,,924.978,1724.266,0.46399998664855957,865.9,1739.09,0.8880000114440918,802.95,1748.252,0.9990000128746033
1329,956.091,1691.895,0.17000000178813934,939.518,1715.739,0.0989999994635582,923.389,1724.266,0.9470000267028809,865.753,1739.213,0.9950000047683716,804.038,1748.252,0.9990000128746033
1330,956.104,1691.932,0.09399999678134918,940.465,1731.655,0.13899999856948853,923.389,1724.266,0.8870000243186951,860.775,1739.668,0.9990000128746033,804.038,1748.163,0.9980000257492065
1331,956.265,1691.982,0.03400000184774399,940.577,1731.655,0.16599999368190765,916.946,1730.725,0.949999988079071,860.576,1739.668,0.9959999918937683,804.652,1747.805,0.9990000128746033
1332,956.307,1692.114,0.20399999618530273,947.097,1731.655,0.10300000011920929,916.906,1731.307,0.9539999961853027,860.523,1740.181,0.968999981880188,804.652,1747.7,0.9990000128746033
1333,963.805,1699.774,0.16300000250339508,948.144,1732.456,0.8220000267028809,916.906,1731.345,0.9430000185966492,860.258,1740.181,0.9769999980926514,805.703,1747.7,0.9990000128746033
1334,964.012,1700.659,0.020999999716877937,948.144,1732.456,0.8140000104904175,908.757,1739.617,0.7730000019073486,860.169,1740.181,0.9950000047683716,806.419,1747.681,0.9990000128746033
1335,,,,948.144,1732.814,0.7459999918937683,908.38,1739.617,0.8460000157356262,859.962,1740.181,0.9700000286102295,806.419,1747.681,0.9990000128746033
1336,,,,947.626,1733.064,0.9649999737739563,907.977,1739.617,0.8370000123977661,859.311,1747.048,0.8999999761581421,806.419,1747.681,0.9990000128746033
1337,,,,947.626,1733.064,0.9890000224113464,907.977,1731.157,0.9549999833106995,859.311,1747.048,0.9350000023841858,804.611,1747.532,0.9990000128746033
1338,1068.236,1260.413,0.03700000047683716,947.054,1733.064,0.9929999709129333,907.977,1731.157,0.8970000147819519,859.311,1747.048,0.9229999780654907,804.075,1747.642,0.9990000128746033
1339,,,,947.054,1733.618,0.8090000152587891,915.344,1731.157,0.9710000157356262,859.579,1738.715,0.9700000286102295,804.075,1747.532,0.9980000257492065
1340,,,,947.054,1740.157,0.38100001215934753,948.171,1730.93,0.382999986410141,859.579,1738.715,0.9750000238418579,804.075,1747.223,0.9990000128746033
1341,,,,940.843,1740.373,0.31700000166893005,956.205,1729.682,0.7170000076293945,859.696,1738.715,0.9769999980926514,806.355,1740.429,0.9980000257492065
1342,,,,940.732,1740.503,0.48399999737739563,971.878,1724.373,0.765999972820282,859.579,1738.635,0.8240000009536743,806.355,1739.825,0.9950000047683716
1343,76.213,1436.169,0.017999999225139618,940.843,1741.482,0.19099999964237213,971.878,1724.373,0.4519999921321869,859.424,1738.192,0.4729999899864197,806.355,1739.821,0.9940000176429749
1344,,,,940.473,1741.541,0.5659999847412109,971.878,1724.373,0.7979999780654907,859.424,1732.885,0.9779999852180481,806.149,1739.821,0.9929999709129333
1345,883.943,1802.632,0.07900000363588333,940.843,1741.482,0.7870000004768372,964.138,1731.414,0.6890000104904175,859.439,1732.45,0.9700000286102295,805.622,1739.613,0.9850000143051147
1346,884.21,1803.383,0.23000000417232513,947.547,1741.482,0.08699999749660492,955.846,1731.414,0.6899999976158142,859.42,1723.409,0.921999990940094,805.622,1739.59,0.996999979019165
1347,884.21,1803.383,0.7020000219345093,947.64,1740.787,0.30000001192092896,955.846,1731.714,0.5820000171661377,859.427,1723.149,0.7910000085830688,806.149,1739.59,0.9990000128746033
1348,883.943,1802.632,0.05000000074505806,947.547,1740.787,0.5809999704360962,948.447,1731.978,0.029999999329447746,859.427,1723.149,0.8379999995231628,806.149,1739.307,0.9990000128746033
1349,76.127,1443.986,0.07599999755620956,947.64,1740.706,0.6259999871253967,939.615,1731.714,0.11100000143051147,859.42,1723.409,0.8130000233650208,806.388,1733.131,0.9990000128746033
1350,76.127,1443.986,0.05400000140070915,947.547,1740.757,0.9700000286102295,939.615,1731.964,0.17100000381469727,859.066,1730.795,0.9169999957084656,806.388,1731.994,0.9980000257492065
1351,76.127,1443.986,0.035999998450279236,941.732,1740.757,0.8709999918937683,948.078,1731.978,0.024000000208616257,859.066,1730.795,0.9670000076293945,806.142,1730.747,0.9980000257492065
1352,884.24,1803.01,0.11900000274181366,941.732,1740.757,0.9620000123977661,947.219,1731.964,0.5759999752044678,859.066,1730.795,0.9879999756813049,805.718,1730.683,0.9940000176429749
1353,,,,947.72,1740.22,0.5239999890327454,947.219,1731.764,0.7239999771118164,859.747,1723.716,0.953000009059906,806.142,1730.321,0.9909999966621399
1354,,,,947.67,1740.757,0.07500000298023224,948.078,1731.964,0.7009999752044678,860.151,1723.716,0.878000020980835,806.142,1729.704,0.9980000257492065
1355,,,,947.72,1740.571,0.38199999928474426,947.219,1731.764,0.7570000290870667,860.345,1723.716,0.9940000176429749,806.203,1729.686,0.996999979019165
1356,,,,948.233,1740.234,0.29499998688697815,940.551,1731.737,0.8610000014305115,860.345,1723.791,0.996999979019165,806.464,1725.523,0.9940000176429749
1357,,,,948.881,1740.234,0.7260000109672546,940.345,1731.454,0.7039999961853027,860.404,1723.791,1.0,812.12,1725.523,0.9900000095367432
1358,,,,948.881,1740.571,0.7450000047683716,940.345,1731.243,0.7900000214576721,860.424,1723.791,0.996999979019165,812.176,1725.231,0.9929999709129333
1359,,,,954.873,1740.571,0.164000004529953,940.345,1731.111,0.5609999895095825,866.186,1723.576,0.9980000257492065,812.254,1725.231,0.996999979019165
1360,,,,955.725,1740.719,0.4169999957084656,940.345,1731.111,0.6460000276565552,867.788,1723.215,0.9819999933242798,821.028,1725.198,1.0
1361,,,,,,,940.296,1731.314,0.48100000619888306,868.016,1723.084,0.9950000047683716,821.242,1725.025,0.9990000128746033
1362,,,,947.301,1731.667,0.18000000715255737,932.14,1731.111,0.2750000059604645,868.861,1721.828,1.0,822.381,1724.569,0.9990000128746033
1363,,,,948.669,1731.667,0.7260000109672546,932.14,1731.314,0.5830000042915344,870.805,1721.349,1.0,822.381,1724.503,0.9990000128746033
1364,76.052,1451.911,0.0560000017285347,955.925,1731.667,0.7879999876022339,932.14,1731.314,0.2840000092983246,870.805,1721.132,1.0,822.178,1724.207,0.9980000257492065
1365,,,,964.11,1716.081,0.017000000923871994,940.026,1725.055,0.041999999433755875,871.065,1718.757,1.0,822.178,1724.207,0.9959999918937683
1366,76.001,1451.83,0.07100000232458115,964.11,1715.802,0.02800000086426735,940.026,1709.352,0.10000000149011612,871.065,1717.747,0.9779999852180481,822.178,1724.255,0.9980000257492065
1367,,,,964.11,1708.298,0.052000001072883606,940.026,1708.939,0.5680000185966492,874.579,1716.687,0.9990000128746033,822.178,1724.255,0.9980000257492065
1368,75.755,1444.031,0.052000001072883606,956.337,1708.298,0.11100000143051147,924.846,1708.745,0.871999979019165,874.758,1716.687,0.9990000128746033,827.564,1725.142,0.9950000047683716
1369,,,,940.344,1708.298,0.1080000028014183,924.846,1708.816,0.8920000195503235,874.886,1716.635,0.996999979019165,828.066,1725.296,0.9940000176429749
1370,,,,940.344,1715.696,0.02199999988079071,924.846,1708.816,0.9390000104904175,875.1,1716.417,0.9929999709129333,828.215,1725.341,0.9850000143051147
1371,75.792,1444.014,0.07699999958276749,940.344,1715.696,0.027000000700354576,924.883,1708.745,0.9739999771118164,875.221,1716.417,0.9940000176429749,828.278,1725.341,0.9959999918937683
1372,,,,,,,925.418,1708.745,0.9890000224113464,883.19,1716.48,0.996999979019165,828.379,1725.341,0.9929999709129333
1373,,,,,,,925.418,1708.816,0.9039999842643738,883.928,1716.48,0.9290000200271606,828.573,1725.364,0.9950000047683716
1374,,,,,,,925.967,1709.04,0.9380000233650208,884.257,1716.662,0.9769999980926514,828.573,1725.341,0.9990000128746033
1375,,,,,,,925.941,1709.402,0.5450000166893005,884.512,1716.734,0.9850000143051147,828.573,1725.255,0.9959999918937683
1376,67.944,1444.183,0.06199999898672104,,,,925.967,1709.402,0.9660000205039978,884.512,1716.734,0.9549999833106995,828.504,1725.255,0.9959999918937683
1377,,,,,,,925.971,1709.402,0.7419999837875366,891.744,1722.508,0.9570000171661377,828.443,1725.364,0.9950000047683716
1378,,,,,,,932.038,1708.61,0.5839999914169312,892.279,1722.508,0.9639999866485596,828.347,1729.667,0.9980000257492065
1379,,,,,,,940.28,1707.942,0.25600001215934753,892.629,1722.601,0.9879999756813049,828.443,1729.971,0.9990000128746033
1380,,,,,,,940.28,1707.942,0.21299999952316284,892.629,1722.82,0.9829999804496765,828.504,1729.971,0.9990000128746033
1381,,,,,,,940.28,1708.61,0.10300000011920929,892.514,1722.957,0.9269999861717224,828.495,1730.208,0.996999979019165
1382,,,,979.785,1716.166,0.10100000351667404,940.304,1708.557,0.578000009059906,892.375,1722.957,0.9200000166893005,828.571,1729.971,0.9980000257492065
1383,,,,,,,941.389,1708.621,0.8479999899864197,892.375,1722.957,0.8270000219345093,828.652,1729.955,0.9990000128746033
1384,,,,,,,941.389,1708.699,0.5389999747276306,884.143,1717.079,0.9520000219345093,828.571,1726.519,0.996999979019165
1385,,,,972.436,1708.104,0.028999999165534973,941.389,1715.852,0.49300000071525574,882.899,1717.079,0.9120000004768372,828.495,1726.519,0.996999979019165
1386,,,,979.753,1708.122,0.035999998450279236,932.597,1715.852,0.41600000858306885,876.701,1717.079,0.9200000166893005,828.332,1726.519,0.9980000257492065
1387,,,,979.753,1715.848,0.2759999930858612,932.597,1716.664,0.6320000290870667,876.682,1718.036,0.8399999737739563,827.09,1728.368,0.9990000128746033
1388,76.124,1444.154,0.03099999949336052,972.436,1716.028,0.3440000116825104,932.597,1717.122,0.9800000190734863,876.682,1722.913,0.9850000143051147,822.803,1728.435,1.0
1389,,,,972.436,1716.047,0.07500000298023224,937.863,1716.664,0.902999997138977,876.682,1723.32,0.9850000143051147,822.803,1728.886,1.0
1390,,,,979.753,1716.275,0.04899999871850014,937.863,1717.122,0.6520000100135803,876.682,1723.32,0.9769999980926514,822.552,1729.874,1.0
1391,,,,,,,937.863,1717.148,0.5189999938011169,876.219,1723.32,0.9869999885559082,822.552,1730.216,1.0
1392,,,,,,,933.607,1717.122,0.8849999904632568,875.773,1719.268,0.9950000047683716,822.66,1730.569,1.0
1393,,,,,,,930.598,1716.479,0.8360000252723694,875.773,1719.268,0.9980000257492065,822.66,1730.604,1.0
1394,,,,,,,924.588,1715.796,0.9049999713897705,875.121,1718.926,0.9980000257492065,822.51,1730.604,1.0
1395,,,,,,,924.418,1714.751,0.9580000042915344,874.852,1718.926,0.996999979019165,822.51,1730.569,1.0
1396,,,,,,,924.418,1707.892,0.8880000114440918,875.121,1718.327,0.9940000176429749,822.126,1730.51,1.0
1397,76.03,1444.029,0.03700000047683716,,,,924.201,1707.892,0.671999990940094,875.222,1718.327,0.9860000014305115,822.077,1730.378,1.0
1398,,,,979.782,1700.264,0.02199999988079071,922.633,1707.892,0.5320000052452087,874.991,1718.327,0.9829999804496765,821.569,1730.176,1.0
1399,,,,979.88,1700.348,0.164000004529953,922.633,1707.892,0.8920000195503235,874.991,1717.84,0.9929999709129333,821.569,1730.156,0.9990000128746033
1400,,,,979.88,1700.348,0.04500000178813934,924.201,1707.494,0.8690000176429749,874.991,1717.84,0.9950000047683716,822.126,1730.156,0.9990000128746033
1401,,,,980.013,1700.348,0.08699999749660492,924.407,1707.244,0.746999979019165,874.378,1717.84,0.9980000257492065,822.211,1729.433,0.9990000128746033
1402,75.396,1451.218,0.07900000363588333,980.013,1700.293,0.1550000011920929,924.407,1707.244,0.9769999980926514,874.358,1715.895,0.9959999918937683,822.211,1729.433,1.0
1403,75.396,1451.218,0.2329999953508377,980.043,1700.293,0.03099999949336052,924.407,1706.989,0.9929999709129333,874.318,1715.895,0.9990000128746033,822.211,1730.156,0.9990000128746033
1404,75.396,1451.338,0.4020000100135803,980.043,1700.293,0.02800000086426735,921.729,1706.989,0.996999979019165,874.241,1715.895,0.9990000128746033,821.786,1730.243,0.9990000128746033
1405,75.396,1451.338,0.5419999957084656,988.071,1700.452,0.014999999664723873,921.324,1706.848,0.972000002861023,874.241,1715.899,1.0,821.486,1730.063,0.9990000128746033
1406,75.329,1451.218,0.39399999380111694,,,,918.284,1706.848,0.9710000157356262,874.241,1716.164,1.0,820.937,1730.243,0.9990000128746033
1407,75.329,1451.338,0.23899999260902405,,,,918.284,1705.987,0.9800000190734863,874.393,1716.895,1.0,820.937,1730.251,1.0
1408,75.542,1451.569,0.492000013589859,,,,917.084,1705.987,0.9980000257492065,874.884,1716.895,0.9990000128746033,821.229,1730.251,1.0
1409,75.542,1451.569,0.29499998688697815,979.974,1684.452,0.03099999949336052,917.084,1705.987,0.8240000009536743,874.921,1717.204,0.9990000128746033,821.486,1730.07,1.0
1410,75.329,1450.99,0.2800000011920929,979.987,1692.045,0.0560000017285347,917.084,1706.174,0.9959999918937683,874.921,1717.204,0.3190000057220459,821.229,1730.078,1.0
1411,74.843,1450.65,0.36399999260902405,988.042,1707.838,0.03099999949336052,919.17,1706.174,0.9750000238418579,874.884,1716.659,0.9779999852180481,821.229,1730.07,1.0
1412,74.843,1450.65,0.3930000066757202,,,,921.978,1706.174,0.984000027179718,874.369,1716.54,0.9959999918937683,821.021,1729.423,1.0
1413,74.843,1444.87,0.33500000834465027,956.2,1683.7,0.09099999815225601,922.159,1706.143,0.9940000176429749,874.012,1716.28,0.9959999918937683,821.021,1729.932,0.9990000128746033
1414,75.017,1444.87,0.0989999994635582,956.49,1692.009,0.061000000685453415,922.159,1705.693,0.9679999947547913,873.841,1714.519,0.996999979019165,821.021,1729.932,0.9990000128746033
1415,75.536,1450.544,0.6679999828338623,956.49,1700.302,0.04899999871850014,922.159,1705.693,0.9980000257492065,871.155,1715.021,0.9990000128746033,821.021,1729.932,0.9990000128746033
1416,75.591,1451.118,0.6700000166893005,956.2,1700.416,0.14100000262260437,919.067,1706.143,0.9980000257492065,868.975,1715.021,0.9940000176429749,821.021,1729.932,0.9980000257492065
1417,75.842,1451.118,0.33500000834465027,940.441,1715.696,0.1850000023841858,917.229,1709.033,0.9380000233650208,868.362,1714.519,0.9990000128746033,820.566,1729.932,0.9990000128746033
1418,75.867,1451.173,0.1850000023841858,940.441,1715.696,0.3109999895095825,917.221,1715.46,0.9959999918937683,868.362,1714.365,0.9589999914169312,819.928,1730.453,0.9990000128746033
1419,,,,940.264,1715.731,0.08500000089406967,916.102,1715.851,0.9890000224113464,868.362,1715.021,0.9890000224113464,819.272,1730.304,0.9990000128746033
1420,,,,940.191,1715.907,0.12999999523162842,915.279,1715.851,0.9620000123977661,869.365,1714.365,0.9990000128746033,813.266,1729.903,0.9959999918937683
1421,,,,940.191,1716.379,0.11500000208616257,915.279,1715.851,0.9459999799728394,869.365,1714.365,0.9990000128746033,813.183,1730.304,0.9980000257492065
1422,,,,948.218,1716.379,0.46000000834465027,915.258,1715.303,0.9900000095367432,869.365,1714.117,1.0,813.045,1730.508,0.9990000128746033
1423,,,,940.238,1716.379,0.39899998903274536,915.258,1715.137,0.9440000057220459,868.9,1714.117,0.9990000128746033,812.921,1730.508,0.9990000128746033
1424,,,,940.238,1716.288,0.1940000057220459,912.931,1715.123,0.699999988079071,868.497,1714.117,1.0,812.347,1731.444,0.9990000128746033
1425,,,,948.218,1716.288,0.06599999964237213,909.372,1715.123,0.9900000095367432,866.957,1714.399,0.9959999918937683,812.347,1732.098,0.9980000257492065
1426,,,,956.222,1716.288,0.18000000715255737,909.372,1715.123,0.9959999918937683,866.957,1714.726,0.9929999709129333,812.347,1732.098,0.9990000128746033
1427,,,,,,,909.958,1715.123,0.996999979019165,866.957,1714.726,0.9959999918937683,812.495,1732.18,0.996999979019165
1428,,,,,,,912.931,1715.123,1.0,866.957,1714.726,0.9980000257492065,812.536,1732.098,0.9959999918937683
1429,75.631,1444.38,0.14300000667572021,,,,915.06,1706.575,0.9559999704360962,868.089,1714.726,0.996999979019165,812.692,1731.341,0.9869999885559082
1430,75.639,1451.526,0.13300000131130219,,,,916.895,1706.514,0.9919999837875366,868.861,1714.726,0.996999979019165,822.165,1730.223,0.9990000128746033
1431,76.361,1452.061,0.08399999886751175,,,,917.947,1705.97,0.921999990940094,869.395,1714.094,0.9959999918937683,822.165,1729.18,1.0
1432,,,,,,,917.947,1705.802,0.9190000295639038,869.395,1707.251,0.996999979019165,822.165,1729.17,1.0
1433,,,,,,,917.947,1705.713,0.9810000061988831,873.911,1707.849,0.9729999899864197,822.133,1728.993,1.0
1434,,,,979.471,1699.658,0.02199999988079071,917.947,1705.802,0.9350000023841858,874.224,1707.849,0.746999979019165,822.133,1728.178,1.0
1435,,,,979.471,1700.031,0.020999999716877937,916.391,1705.802,0.9769999980926514,874.192,1707.849,0.996999979019165,822.133,1725.409,0.9990000128746033
1436,,,,979.78,1700.031,0.42500001192092896,915.952,1700.429,0.9639999866485596,874.192,1713.492,0.9940000176429749,823.236,1725.409,0.9990000128746033
1437,,,,979.471,1699.658,0.7860000133514404,915.305,1700.429,0.953000009059906,874.687,1713.492,0.9959999918937683,823.768,1725.409,0.9990000128746033
1438,,,,979.471,1699.595,0.6050000190734863,915.305,1700.429,0.9879999756813049,874.192,1713.492,0.9959999918937683,823.768,1725.409,0.9990000128746033
1439,,,,979.78,1699.563,0.628000020980835,912.338,1695.122,0.9629999995231628,873.657,1706.955,0.9919999837875366,823.236,1725.219,1.0
1440,,,,988.312,1699.13,0.16300000250339508,911.372,1695.122,0.9539999961853027,869.466,1706.512,0.9480000138282776,822.398,1724.488,0.9990000128746033
1441,76.035,1451.826,0.11900000274181366,988.312,1699.13,0.414000004529953,911.372,1695.122,0.9549999833106995,869.466,1706.507,0.9800000190734863,822.036,1724.488,0.9990000128746033
1442,76.22,1451.985,0.03799999877810478,988.372,1699.13,0.2669999897480011,911.372,1700.232,0.9010000228881836,869.466,1706.277,0.9950000047683716,821.53,1724.488,0.9990000128746033
1443,,,,988.702,1707.718,0.023000000044703484,911.102,1700.232,0.9549999833106995,869.873,1705.99,0.9940000176429749,821.53,1724.488,0.996999979019165
1444,,,,,,,910.831,1700.232,0.984000027179718,870.369,1705.99,0.996999979019165,821.53,1724.488,0.9490000009536743
1445,,,,,,,915.88,1706.417,0.968999981880188,870.471,1705.99,0.9959999918937683,821.671,1723.625,0.9990000128746033
1446,,,,,,,914.792,1699.188,0.9620000123977661,874.706,1707.26,0.9739999771118164,821.671,1723.31,1.0
1447,76.218,1452.116,0.03799999877810478,,,,913.812,1694.391,0.7770000100135803,874.706,1707.26,0.9589999914169312,821.671,1722.959,1.0
1448,,,,,,,913.812,1692.982,0.8669999837875366,874.706,1707.343,0.972000002861023,821.635,1722.941,1.0
1449,,,,,,,914.792,1692.977,0.9660000205039978,874.884,1707.26,0.968999981880188,820.127,1719.95,1.0
1450,,,,,,,914.792,1692.977,0.9900000095367432,874.706,1707.151,0.9850000143051147,820.127,1719.362,1.0
1451,,,,,,,917.969,1692.892,0.9990000128746033,874.706,1707.136,0.9950000047683716,820.127,1719.049,1.0
1452,,,,,,,922.051,1692.775,0.9990000128746033,874.605,1706.508,0.9980000257492065,820.588,1718.705,1.0
1453,,,,956.29,1660.223,0.028999999165534973,922.619,1692.775,0.9929999709129333,874.273,1706.441,0.9990000128746033,821.16,1718.697,1.0
1454,,,,963.536,1676.217,0.023000000044703484,924.068,1696.06,0.9419999718666077,874.134,1703.121,0.9950000047683716,821.16,1718.162,1.0
1455,956.07,1652.232,0.02500000037252903,963.536,1699.923,0.10100000351667404,924.456,1698.172,0.9829999804496765,874.134,1703.121,0.9959999918937683,821.16,1718.033,1.0
1456,,,,963.715,1692.201,0.061000000685453415,926.391,1700.208,0.9390000104904175,873.848,1703.121,0.9950000047683716,820.148,1717.098,1.0
1457,76.028,1443.986,0.035999998450279236,963.715,1692.201,0.07699999958276749,930.677,1706.474,0.9879999756813049,869.504,1706.546,0.996999979019165,820.148,1717.098,1.0
1458,76.037,1444.049,0.04800000041723251,979.958,1692.708,0.08299999684095383,930.717,1707.144,0.9980000257492065,869.422,1706.621,0.9980000257492065,820.148,1717.098,1.0
1459,,,,980.121,1692.708,0.10999999940395355,931.177,1707.144,0.9860000014305115,869.504,1706.807,0.9940000176429749,820.472,1717.726,1.0
1460,,,,987.457,1692.201,0.05000000074505806,930.717,1707.144,0.9620000123977661,869.504,1706.989,0.9950000047683716,821.371,1717.726,1.0
1461,76.112,1443.943,0.04500000178813934,987.457,1692.166,0.03799999877810478,930.717,1707.144,0.9020000100135803,868.61,1706.996,0.9819999933242798,821.371,1717.726,1.0
1462,76.147,1443.976,0.050999999046325684,988.236,1692.166,0.06400000303983688,924.078,1690.959,0.9570000171661377,868.61,1706.989,0.9879999756813049,821.371,1716.545,1.0
1463,,,,988.243,1692.166,0.04600000008940697,909.84,1686.87,0.9919999837875366,868.336,1706.989,0.9879999756813049,821.343,1716.196,1.0
1464,,,,,,,909.84,1686.87,0.9940000176429749,868.336,1706.669,0.9700000286102295,820.375,1715.592,1.0
1465,,,,,,,909.84,1686.87,0.9980000257492065,868.336,1706.345,0.9580000042915344,820.375,1715.446,1.0
1466,,,,987.852,1692.276,0.029999999329447746,915.629,1692.191,0.9819999933242798,869.159,1701.868,0.9919999837875366,820.375,1715.446,1.0
1467,,,,988.15,1699.259,0.11400000005960464,916.613,1692.191,0.9620000123977661,869.159,1701.043,0.9879999756813049,820.375,1715.592,1.0
1468,75.973,1443.919,0.0689999982714653,988.15,1699.506,0.0989999994635582,924.554,1693.151,0.9079999923706055,869.159,1700.151,0.996999979019165,820.375,1716.165,1.0
1469,75.984,1443.922,0.08699999749660492,987.852,1699.506,0.25600001215934753,924.634,1693.151,0.9679999947547913,869.343,1699.492,0.9959999918937683,820.085,1716.165,1.0
1470,,,,987.852,1699.259,0.04399999976158142,924.634,1692.1,0.9860000014305115,869.343,1699.492,0.9980000257492065,819.536,1716.165,1.0
1471,,,,988.15,1699.506,0.06599999964237213,924.025,1692.1,0.9919999837875366,868.973,1699.834,0.9990000128746033,819.371,1715.71,1.0
1472,,,,988.217,1699.72,0.07999999821186066,924.634,1693.151,0.9950000047683716,869.644,1699.702,0.9990000128746033,819.286,1715.575,1.0
1473,75.065,1642.95,0.03500000014901161,988.22,1692.155,0.11800000071525574,924.025,1698.009,0.9620000123977661,869.812,1699.702,0.9990000128746033,818.913,1714.568,1.0
1474,75.121,1642.95,0.04800000041723251,988.22,1692.155,0.1940000057220459,924.025,1698.379,0.9520000219345093,869.644,1699.702,0.9980000257492065,818.63,1712.736,1.0
1475,75.297,1642.95,0.04699999839067459,988.22,1692.155,0.06300000101327896,924.025,1698.379,0.9539999961853027,869.644,1698.01,0.9980000257492065,818.5,1711.042,1.0
1476,75.685,1451.345,0.14300000667572021,988.227,1692.155,0.027000000700354576,924.402,1698.379,0.9620000123977661,869.812,1698.01,0.9980000257492065,818.059,1711.042,0.996999979019165
1477,75.693,1444.399,0.07500000298023224,988.572,1692.155,0.054999999701976776,924.402,1699.272,0.972000002861023,874.173,1697.971,0.9980000257492065,817.99,1710.815,0.996999979019165
1478,76.13,1444.174,0.15399999916553497,,,,924.45,1698.866,0.9769999980926514,874.323,1692.052,0.9710000157356262,812.984,1711.042,1.0
1479,76.13,1444.134,0.28200000524520874,963.801,1692.173,0.017000000923871994,924.45,1698.866,0.9829999804496765,874.979,1691.029,0.9890000224113464,812.633,1710.815,0.9990000128746033
1480,76.165,1444.38,0.10300000011920929,964.086,1699.819,0.11299999803304672,931.716,1700.629,0.9660000205039978,874.979,1690.973,0.906000018119812,812.379,1709.606,0.9990000128746033
1481,76.178,1444.067,0.04100000113248825,972.125,1700.09,0.039000000804662704,931.716,1698.866,0.9470000267028809,874.979,1690.908,0.9800000190734863,812.36,1709.606,0.996999979019165
1482,76.258,1444.055,0.3100000023841858,987.612,1700.204,0.039000000804662704,923.257,1698.866,0.8519999980926514,874.743,1690.7,0.9879999756813049,812.252,1712.761,0.9950000047683716
1483,76.374,1444.031,0.14100000262260437,,,,923.226,1698.231,0.9049999713897705,867.636,1690.7,0.9800000190734863,806.23,1714.692,0.9980000257492065
1484,76.374,1443.869,0.3190000057220459,,,,922.855,1699.391,0.9340000152587891,867.05,1690.908,0.9700000286102295,805.8,1714.692,1.0
1485,76.306,1443.869,0.28600001335144043,,,,922.855,1699.391,0.9950000047683716,860.525,1690.592,0.949999988079071,805.326,1714.692,0.9990000128746033
1486,76.374,1443.869,0.2709999978542328,980.043,1684.063,0.019999999552965164,917.697,1699.391,0.996999979019165,859.8,1690.592,0.9950000047683716,805.8,1709.105,0.9959999918937683
1487,76.443,1443.947,0.07599999755620956,988.092,1684.104,0.026000000536441803,917.697,1698.231,0.9629999995231628,859.77,1690.306,0.9959999918937683,806.165,1709.105,0.9980000257492065
1488,,,,988.435,1684.104,0.04800000041723251,916.325,1692.731,0.9480000138282776,859.8,1690.306,0.9940000176429749,806.165,1709.105,0.9959999918937683
1489,75.838,1443.918,0.06599999964237213,988.435,1684.104,0.1379999965429306,916.325,1691.794,0.7289999723434448,859.8,1690.306,0.9959999918937683,806.379,1709.312,0.9980000257492065
1490,75.86,1443.925,0.03400000184774399,988.435,1684.063,0.13199999928474426,916.325,1691.784,0.6890000104904175,859.77,1690.417,0.996999979019165,806.448,1709.564,0.9980000257492065
1491,75.939,1443.956,0.028999999165534973,971.903,1684.016,0.03999999910593033,924.29,1691.794,0.6060000061988831,859.393,1690.837,0.996999979019165,811.807,1710.082,0.9980000257492065
1492,,,,971.903,1684.016,0.05000000074505806,923.409,1691.794,0.6299999952316284,858.558,1698.747,0.9779999852180481,811.807,1710.082,0.9940000176429749
1493,,,,954.992,1684.016,0.13199999928474426,923.409,1691.794,0.7929999828338623,858.558,1698.747,0.9760000109672546,812.44,1709.966,0.9959999918937683
1494,76.039,1443.629,0.11999999731779099,954.716,1683.946,0.057999998331069946,923.409,1692.57,0.9909999966621399,858.558,1699.111,0.9909999966621399,812.44,1709.966,0.9940000176429749
1495,76.248,1451.733,0.2709999978542328,947.871,1683.925,0.17800000309944153,916.895,1692.57,0.9629999995231628,858.292,1699.111,0.9950000047683716,812.44,1709.966,0.9959999918937683
1496,,,,947.816,1682.215,0.9810000061988831,915.058,1690.595,0.718999981880188,858.267,1699.854,0.9929999709129333,812.443,1709.966,0.9800000190734863
1497,76.062,1452.021,0.032999999821186066,945.304,1681.492,0.9929999709129333,893.482,1683.603,0.19599999487400055,858.267,1699.534,0.9610000252723694,812.494,1713.0,0.9990000128746033
1498,,,,945.304,1681.492,0.9890000224113464,893.238,1683.032,0.4869999885559082,858.028,1699.534,0.9929999709129333,812.625,1713.207,0.9990000128746033
1499,76.167,1444.023,0.1720000058412552,942.633,1678.81,0.9980000257492065,883.785,1681.851,0.9779999852180481,857.835,1699.534,0.9959999918937683,812.625,1713.802,1.0
1500,76.167,1444.023,0.27799999713897705,945.304,1678.81,0.9959999918937683,883.561,1678.356,0.9800000190734863,857.835,1698.564,0.9980000257492065,812.722,1714.427,1.0
1501,76.386,1444.121,0.02500000037252903,946.662,1682.388,0.9829999804496765,883.223,1678.197,0.9700000286102295,857.83,1698.564,0.9990000128746033,812.722,1715.014,1.0
1502,875.675,1651.989,0.04100000113248825,955.076,1683.832,0.9950000047683716,883.561,1678.197,0.9710000157356262,854.235,1698.454,0.9980000257492065,812.722,1715.197,1.0
1503,875.948,1652.021,0.10300000011920929,955.95,1684.636,0.9980000257492065,883.561,1677.965,0.9390000104904175,857.835,1692.402,0.9990000128746033,812.722,1716.815,0.9990000128746033
1504,875.948,1652.021,0.11400000005960464,955.95,1685.862,0.8989999890327454,883.65,1677.93,0.9490000009536743,854.235,1692.402,0.9990000128746033,818.454,1717.196,1.0
1505,955.325,1771.682,0.5809999704360962,955.076,1685.862,0.9900000095367432,883.65,1677.826,0.968999981880188,853.696,1692.675,0.9679999947547913,820.503,1717.434,1.0
1506,955.325,1771.682,0.878000020980835,954.762,1685.862,0.9990000128746033,883.65,1677.826,0.9200000166893005,852.611,1692.675,0.996999979019165,820.503,1719.209,1.0
1507,955.325,1771.682,0.8569999933242798,954.762,1685.862,0.9980000257492065,883.506,1677.93,0.8489999771118164,851.174,1692.52,0.9980000257492065,820.503,1723.95,0.9990000128746033
1508,924.65,1652.013,0.03200000151991844,954.762,1683.446,0.9959999918937683,883.506,1677.534,0.8399999737739563,851.174,1692.52,0.9980000257492065,820.503,1723.977,1.0
1509,924.65,1627.523,0.7789999842643738,955.62,1682.828,0.9980000257492065,883.506,1677.001,0.9629999995231628,851.174,1692.52,0.9990000128746033,820.219,1724.086,0.9990000128746033
1510,924.65,1627.523,0.5210000276565552,955.62,1676.827,0.9980000257492065,884.268,1677.214,0.9909999966621399,853.188,1691.607,0.9980000257492065,820.123,1724.194,0.9980000257492065
1511,932.676,1627.523,0.9739999771118164,955.62,1676.827,0.9850000143051147,885.775,1677.214,0.9850000143051147,858.23,1691.552,0.996999979019165,820.123,1724.313,0.9990000128746033
1512,932.676,1643.295,0.8019999861717224,950.803,1676.365,0.9739999771118164,893.423,1677.214,0.9909999966621399,858.23,1691.389,0.9890000224113464,820.123,1724.194,0.9990000128746033
1513,955.928,1643.936,0.26899999380111694,925.805,1668.702,0.9179999828338623,893.658,1677.214,0.9070000052452087,858.398,1691.139,0.9950000047683716,819.952,1724.275,0.9990000128746033
1514,955.928,1643.936,0.10199999809265137,925.052,1668.702,0.9039999842643738,899.428,1678.871,0.9350000023841858,858.398,1691.139,0.9940000176429749,818.924,1724.194,0.9990000128746033
1515,907.927,1643.295,0.041999999433755875,925.052,1668.702,0.9750000238418579,901.161,1683.95,0.8289999961853027,858.719,1690.615,0.9869999885559082,818.924,1723.742,0.9980000257492065
1516,907.927,1605.424,0.23499999940395355,925.052,1668.702,0.6439999938011169,916.733,1691.719,0.7599999904632568,865.684,1691.139,0.9829999804496765,818.924,1723.042,0.9990000128746033
1517,926.235,1595.956,0.47999998927116394,940.491,1676.317,0.38199999928474426,916.733,1691.719,0.7749999761581421,868.895,1691.524,0.9990000128746033,821.932,1722.981,0.9990000128746033
1518,926.235,1595.956,0.9430000185966492,947.992,1676.317,0.6200000047683716,916.733,1691.719,0.8889999985694885,875.023,1691.524,0.9900000095367432,821.932,1722.981,0.9990000128746033
1519,932.535,1605.424,0.30000001192092896,948.057,1676.317,0.017000000923871994,916.332,1689.221,0.9459999799728394,875.037,1691.524,0.9980000257492065,821.932,1722.981,0.9990000128746033
1520,,,,948.057,1676.317,0.014999999664723873,916.332,1689.156,0.9950000047683716,875.037,1691.806,0.9919999837875366,821.231,1723.037,0.9990000128746033
1521,,,,979.799,1700.118,0.032999999821186066,915.987,1685.208,0.9929999709129333,875.023,1691.806,0.9909999966621399,821.074,1723.495,0.9990000128746033
1522,,,,987.853,1700.118,0.07800000160932541,915.549,1685.208,0.9810000061988831,875.011,1692.151,0.9980000257492065,820.323,1723.514,1.0
1523,,,,987.893,1707.849,0.02500000037252903,915.394,1689.156,0.9879999756813049,874.759,1692.597,0.9860000014305115,819.2,1723.514,0.9990000128746033
1524,76.045,1443.96,0.3959999978542328,987.991,1707.949,0.023000000044703484,915.549,1689.156,0.9869999885559082,873.785,1698.833,0.9990000128746033,819.2,1723.514,0.9990000128746033
1525,76.203,1443.967,0.03500000014901161,,,,915.549,1690.693,0.9929999709129333,873.785,1698.833,0.996999979019165,818.752,1723.495,0.9990000128746033
1526,76.203,1443.967,0.1509999930858612,932.143,1652.465,0.05700000002980232,916.347,1690.693,0.9959999918937683,873.638,1698.833,0.9909999966621399,819.2,1723.514,0.9980000257492065
1527,76.203,1443.967,0.2680000066757202,940.289,1659.914,0.06700000166893005,917.109,1690.693,0.9940000176429749,873.638,1698.833,0.9929999709129333,819.294,1723.579,0.9990000128746033
1528,76.309,1444.003,0.2549999952316284,947.668,1659.977,0.1509999930858612,917.109,1688.5,0.996999979019165,873.547,1698.466,0.9980000257492065,819.7,1723.971,0.9980000257492065
1529,76.309,1444.073,0.0430000014603138,947.668,1660.082,0.039000000804662704,917.498,1686.863,0.9729999899864197,873.547,1698.466,0.9900000095367432,820.851,1724.211,0.9980000257492065
1530,,,,988.061,1691.841,0.026000000536441803,917.583,1686.863,0.9990000128746033,874.48,1698.466,0.8849999904632568,821.5,1724.644,0.9980000257492065
1531,,,,988.064,1691.852,0.06700000166893005,921.517,1688.5,0.9980000257492065,874.556,1700.189,0.9769999980926514,823.06,1730.716,0.9990000128746033
1532,,,,988.095,1691.915,0.03400000184774399,921.517,1690.011,0.996999979019165,874.48,1701.785,0.9789999723434448,827.53,1731.165,0.9959999918937683
1533,,,,,,,922.772,1690.326,0.9980000257492065,874.556,1701.999,0.9919999837875366,827.667,1731.346,0.9980000257492065
1534,,,,956.471,1676.086,0.0949999988079071,922.772,1690.827,0.9900000095367432,874.731,1702.414,0.9950000047683716,827.729,1731.165,0.9980000257492065
1535,,,,956.471,1676.086,0.17399999499320984,921.517,1690.827,0.9850000143051147,874.556,1702.414,0.9940000176429749,827.729,1730.716,0.9980000257492065
1536,,,,963.86,1683.806,0.039000000804662704,918.697,1690.354,0.9829999804496765,874.497,1702.648,0.984000027179718,827.848,1728.91,0.9940000176429749
1537,,,,963.86,1676.086,0.04399999976158142,918.697,1690.827,0.9959999918937683,874.497,1702.648,0.9520000219345093,827.848,1728.91,0.9990000128746033
1538,,,,963.892,1683.806,0.014000000432133675,918.697,1690.354,0.9919999837875366,869.368,1701.202,0.9769999980926514,827.505,1728.91,0.9990000128746033
1539,,,,963.892,1683.806,0.020999999716877937,921.085,1690.329,0.9750000238418579,869.368,1700.841,0.9879999756813049,826.733,1729.976,0.9990000128746033
1540,,,,,,,921.661,1689.873,0.9700000286102295,869.368,1700.836,0.9950000047683716,826.591,1730.905,0.9990000128746033
1541,,,,,,,921.661,1689.25,0.9940000176429749,869.343,1700.743,0.9929999709129333,822.964,1732.52,0.9990000128746033
1542,76.19,1444.155,0.06800000369548798,,,,921.085,1689.188,0.9940000176429749,869.368,1700.743,0.9819999933242798,822.776,1732.907,0.9990000128746033
1543,,,,955.952,1667.941,0.03099999949336052,920.788,1686.062,1.0,869.516,1700.743,0.9760000109672546,822.721,1732.907,0.9990000128746033
1544,,,,972.244,1691.747,0.035999998450279236,920.179,1686.062,0.9990000128746033,869.812,1700.108,0.9860000014305115,821.936,1732.907,0.9990000128746033
1545,,,,979.92,1691.747,0.03400000184774399,920.179,1686.062,0.9980000257492065,874.281,1699.7,0.984000027179718,821.089,1732.269,0.9990000128746033
1546,,,,979.92,1691.884,0.06700000166893005,919.58,1688.254,0.9929999709129333,874.281,1699.014,0.972000002861023,820.607,1732.018,0.9990000128746033
1547,,,,980.158,1691.775,0.2409999966621399,919.488,1688.254,0.9919999837875366,873.751,1698.583,0.9940000176429749,820.607,1731.36,0.9959999918937683
1548,,,,980.158,1691.884,0.23600000143051147,919.488,1688.254,0.9950000047683716,873.751,1698.566,0.9990000128746033,820.607,1731.306,0.9959999918937683
1549,,,,979.899,1691.775,0.15000000596046448,919.244,1683.586,0.9990000128746033,873.751,1691.743,0.9990000128746033,820.213,1730.319,0.9980000257492065
1550,,,,979.815,1691.775,0.09000000357627869,919.244,1683.586,0.9990000128746033,870.077,1691.691,0.9990000128746033,821.121,1730.263,0.9990000128746033
1551,,,,979.899,1691.687,0.0860000029206276,918.263,1683.484,0.9980000257492065,869.55,1691.473,0.9980000257492065,821.233,1725.312,0.9980000257492065
1552,75.98,1443.917,0.03700000047683716,979.527,1667.004,0.11400000005960464,918.263,1683.329,0.968999981880188,869.521,1691.473,0.9980000257492065,821.233,1724.829,0.9980000257492065
1553,76.109,1452.072,0.02500000037252903,979.56,1667.004,0.6840000152587891,918.263,1681.053,0.9940000176429749,869.064,1691.399,1.0,821.429,1724.581,0.9980000257492065
1554,,,,972.352,1667.004,0.30300000309944153,917.239,1674.627,0.9990000128746033,868.129,1691.252,0.9990000128746033,821.429,1724.581,0.9980000257492065
1555,,,,972.352,1683.202,0.11900000274181366,910.628,1673.683,0.9819999933242798,867.426,1691.252,0.9990000128746033,821.429,1724.581,0.996999979019165
1556,76.292,1443.936,0.07900000363588333,972.352,1683.202,0.23600000143051147,910.212,1669.455,0.9919999837875366,866.886,1691.252,0.9990000128746033,821.011,1725.085,0.9980000257492065
1557,940.399,1547.243,0.7269999980926514,979.364,1683.202,0.367000013589859,909.302,1669.455,0.9750000238418579,866.886,1691.415,0.9919999837875366,820.676,1729.079,0.9980000257492065
1558,940.399,1547.243,0.9980000257492065,971.829,1668.201,0.16099999845027924,900.689,1669.22,0.8579999804496765,866.721,1691.576,0.9869999885559082,820.676,1729.231,0.9990000128746033
1559,940.399,1547.243,0.9980000257492065,971.829,1667.92,0.2199999988079071,899.257,1668.917,0.6060000061988831,866.7,1698.557,0.9800000190734863,820.676,1730.186,0.9990000128746033
1560,940.565,1549.673,0.08900000154972076,971.829,1659.896,0.09300000220537186,899.257,1669.455,0.9940000176429749,858.931,1699.664,0.9980000257492065,821.225,1731.497,0.9990000128746033
1561,941.026,1550.149,0.04100000113248825,971.822,1659.896,0.3240000009536743,899.257,1668.136,0.9610000252723694,858.931,1699.664,0.9950000047683716,821.887,1731.503,1.0
1562,,,,963.741,1667.92,0.039000000804662704,899.929,1667.412,0.9539999961853027,858.931,1699.664,0.9980000257492065,821.887,1731.503,0.9990000128746033
1563,,,,956.428,1668.153,0.10700000077486038,910.832,1666.96,0.9879999756813049,866.76,1700.127,0.9990000128746033,821.887,1731.503,0.9990000128746033
1564,,,,956.428,1675.881,0.12800000607967377,911.134,1666.96,0.9729999899864197,867.601,1700.127,0.9990000128746033,821.861,1731.576,0.9990000128746033
1565,,,,963.741,1675.881,0.29499998688697815,911.134,1666.96,0.9909999966621399,868.031,1700.127,0.9990000128746033,821.836,1731.576,0.9980000257492065
1566,,,,963.741,1675.019,0.5180000066757202,910.832,1668.561,0.9959999918937683,867.601,1701.105,1.0,821.836,1731.576,0.9990000128746033
1567,,,,956.428,1668.195,0.39500001072883606,910.312,1674.657,0.9860000014305115,868.068,1701.169,0.9990000128746033,821.836,1731.576,0.9990000128746033
1568,76.266,1443.971,0.03200000151991844,949.292,1675.019,0.27000001072883606,909.638,1675.761,0.8550000190734863,867.601,1701.169,0.9990000128746033,822.369,1731.576,0.9990000128746033
1569,,,,948.162,1675.019,0.6539999842643738,909.608,1675.761,0.9800000190734863,868.068,1701.105,0.9990000128746033,824.34,1730.997,1.0
1570,,,,947.763,1675.228,0.8550000190734863,909.567,1676.197,0.9440000057220459,868.068,1701.72,0.9990000128746033,824.34,1730.997,1.0
1571,,,,947.763,1675.262,0.9110000133514404,909.567,1676.197,0.9810000061988831,868.068,1701.72,0.9990000128746033,824.34,1730.743,0.9990000128746033
1572,,,,941.396,1675.262,0.9789999723434448,909.567,1676.522,0.9750000238418579,868.202,1700.982,0.9990000128746033,823.6,1729.828,1.0
1573,,,,941.099,1675.228,0.9800000190734863,914.612,1678.868,0.9940000176429749,868.671,1701.262,0.9990000128746033,821.899,1729.615,1.0
1574,,,,941.06,1667.996,0.9369999766349792,915.119,1682.563,0.9909999966621399,868.671,1701.262,0.9980000257492065,821.899,1729.509,1.0
1575,,,,941.06,1667.996,0.04699999839067459,916.59,1682.911,0.9700000286102295,868.591,1701.262,0.9980000257492065,822.437,1729.509,1.0
1576,,,,941.396,1667.996,0.01899999938905239,916.819,1683.214,0.9359999895095825,868.591,1701.262,0.9929999709129333,822.437,1729.615,1.0
1577,,,,,,,916.819,1683.214,0.9589999914169312,867.817,1707.248,0.9649999737739563,822.726,1730.474,1.0
1578,923.968,1651.902,0.014999999664723873,924.478,1659.992,0.3630000054836273,916.672,1682.933,0.7929999828338623,867.817,1707.248,0.921999990940094,822.726,1731.103,1.0
1579,,,,925.053,1676.066,0.039000000804662704,916.672,1682.933,0.925000011920929,867.817,1707.248,0.968999981880188,822.726,1731.136,0.9990000128746033
1580,,,,940.342,1676.575,0.041999999433755875,915.77,1680.843,0.9679999947547913,869.169,1701.401,0.9869999885559082,823.052,1732.442,0.9990000128746033
1581,924.186,1643.936,0.03700000047683716,947.726,1683.776,0.03999999910593033,915.77,1680.843,0.9860000014305115,874.522,1701.401,0.9649999737739563,823.069,1732.442,0.9990000128746033
1582,,,,972.145,1683.826,0.04600000008940697,915.77,1680.843,0.996999979019165,874.625,1700.954,0.9710000157356262,823.128,1732.442,0.9990000128746033
1583,,,,972.146,1683.827,0.03400000184774399,923.441,1683.663,0.953000009059906,874.803,1701.401,0.9589999914169312,823.348,1732.307,0.9990000128746033
1584,76.807,1435.936,0.13699999451637268,972.204,1683.827,0.03200000151991844,924.158,1683.851,0.9959999918937683,874.836,1701.042,0.9909999966621399,823.513,1732.128,1.0
1585,76.98,1436.024,0.041999999433755875,972.302,1691.804,0.057999998331069946,924.285,1688.999,0.9959999918937683,874.893,1701.042,0.9890000224113464,823.513,1731.343,1.0
1586,,,,972.302,1691.804,0.27300000190734863,924.411,1688.999,0.9990000128746033,875.143,1700.303,0.9629999995231628,823.57,1731.323,1.0
1587,,,,972.302,1691.882,0.1420000046491623,924.411,1699.209,0.9980000257492065,875.189,1700.303,0.8410000205039978,823.59,1730.937,0.9990000128746033
1588,77.422,1435.777,0.2529999911785126,972.286,1691.804,0.07900000363588333,926.04,1699.209,0.9869999885559082,875.391,1700.303,0.9390000104904175,823.57,1730.91,0.9990000128746033
1589,,,,972.108,1683.983,0.06800000369548798,925.429,1689.411,0.9810000061988831,875.574,1700.303,0.9539999961853027,823.114,1729.947,0.9990000128746033
1590,,,,972.108,1683.948,0.026000000536441803,925.164,1689.411,0.9919999837875366,875.709,1701.052,0.8880000114440918,821.9,1725.218,0.9980000257492065
1591,,,,972.274,1683.983,0.04399999976158142,925.164,1689.411,0.9940000176429749,875.913,1701.36,0.984000027179718,821.887,1725.076,0.9990000128746033
1592,,,,972.267,1683.948,0.16899999976158142,925.429,1689.117,0.996999979019165,875.913,1701.44,0.972000002861023,821.887,1725.076,0.9990000128746033
1593,,,,972.274,1683.983,0.2290000021457672,925.333,1689.117,0.9900000095367432,884.829,1701.385,0.984000027179718,821.9,1725.045,0.9980000257492065
1594,,,,972.399,1684.027,0.039000000804662704,925.333,1689.117,0.9819999933242798,885.043,1701.385,0.9919999837875366,828.608,1725.045,0.9959999918937683
1595,,,,972.399,1684.059,0.09099999815225601,928.926,1689.117,0.9829999804496765,890.212,1701.44,0.9599999785423279,828.608,1725.101,0.996999979019165
1596,,,,972.399,1691.782,0.07999999821186066,930.282,1690.16,0.8939999938011169,890.212,1701.385,0.8669999837875366,828.608,1725.106,0.9959999918937683
1597,,,,972.399,1691.955,0.06199999898672104,931.859,1690.338,0.9300000071525574,890.212,1700.458,0.8180000185966492,828.251,1725.106,0.9909999966621399
1598,,,,972.626,1692.034,0.19099999964237213,932.1,1690.348,0.9589999914169312,883.756,1700.441,0.9580000042915344,828.251,1725.234,0.9860000014305115
1599,76.705,1443.686,0.10300000011920929,972.39,1691.955,0.3240000009536743,932.825,1690.792,0.9789999723434448,883.756,1700.288,0.9940000176429749,828.163,1725.234,0.9850000143051147
1600,,,,972.56,1691.955,0.2669999897480011,932.825,1690.915,0.9940000176429749,883.756,1699.935,0.996999979019165,828.091,1725.234,0.9810000061988831
1601,,,,972.549,1691.94,0.14499999582767487,932.825,1697.74,0.9710000157356262,884.705,1700.288,0.9829999804496765,828.163,1725.904,0.996999979019165
1602,,,,972.56,1684.05,0.1850000023841858,931.185,1697.74,0.9909999966621399,884.755,1700.244,0.9900000095367432,828.416,1725.926,0.9950000047683716
1603,,,,972.549,1684.039,0.17900000512599945,930.507,1699.479,0.9950000047683716,884.755,1699.909,0.8360000252723694,828.685,1725.926,0.9950000047683716
1604,,,,972.549,1684.039,0.21299999952316284,924.94,1699.479,0.9269999861717224,884.755,1700.244,0.9900000095367432,828.867,1725.904,0.9950000047683716
1605,,,,972.466,1683.885,0.1940000057220459,921.362,1699.573,0.9800000190734863,883.797,1700.267,0.9850000143051147,828.867,1725.904,0.9980000257492065
1606,,,,972.466,1683.885,0.1599999964237213,921.362,1698.279,0.9980000257492065,883.745,1700.267,0.968999981880188,828.867,1725.926,0.9990000128746033
1607,,,,972.466,1683.822,0.20900000631809235,921.362,1699.985,0.9890000224113464,875.377,1701.163,0.9779999852180481,828.316,1728.401,1.0
1608,,,,972.466,1683.822,0.4790000021457672,920.938,1699.985,0.9959999918937683,874.539,1701.569,0.9959999918937683,828.312,1728.763,1.0
1609,,,,972.466,1683.822,0.3190000057220459,921.602,1699.985,0.9959999918937683,873.91,1702.033,0.9449999928474426,827.781,1730.942,1.0
1610,,,,972.442,1683.964,0.3479999899864197,921.602,1698.279,0.9929999709129333,867.934,1702.033,0.9829999804496765,827.738,1732.264,0.9990000128746033
1611,,,,972.442,1683.964,0.19699999690055847,920.829,1689.569,0.996999979019165,867.934,1702.033,0.9789999723434448,827.485,1732.8,0.9990000128746033
1612,,,,972.442,1683.964,0.057999998331069946,920.829,1687.76,0.9980000257492065,867.934,1701.042,0.996999979019165,827.472,1733.011,0.9990000128746033
1613,76.329,1627.563,0.03500000014901161,972.731,1683.964,0.028999999165534973,920.829,1687.719,0.9990000128746033,867.904,1701.042,0.9990000128746033,823.707,1733.876,0.9990000128746033
1614,76.339,1627.732,0.10400000214576721,973.026,1683.953,0.7689999938011169,919.678,1683.42,0.9990000128746033,867.904,1700.947,0.9980000257492065,822.923,1733.876,1.0
1615,,,,978.429,1683.953,0.7089999914169312,916.8,1683.273,1.0,867.285,1700.947,0.996999979019165,820.772,1734.224,1.0
1616,,,,978.429,1683.953,0.5609999895095825,915.374,1680.987,0.9990000128746033,867.107,1700.947,0.9980000257492065,820.306,1734.264,1.0
1617,,,,978.746,1684.052,0.8050000071525574,914.75,1675.591,0.9660000205039978,866.598,1700.947,0.9950000047683716,820.306,1734.264,0.9990000128746033
1618,,,,979.057,1684.282,0.36500000953674316,914.75,1675.591,0.9570000171661377,867.107,1700.947,0.9919999837875366,820.306,1734.264,0.9990000128746033
1619,,,,979.578,1691.912,0.0989999994635582,909.672,1674.438,0.9520000219345093,866.598,1701.166,0.9919999837875366,820.78,1732.955,0.9990000128746033
1620,,,,979.578,1691.912,0.039000000804662704,910.009,1674.438,0.9660000205039978,866.843,1700.717,0.9980000257492065,821.943,1732.955,1.0
1621,908.05,1643.546,0.09099999815225601,979.578,1691.912,0.16099999845027924,910.009,1674.97,0.9729999899864197,866.518,1700.878,0.9909999966621399,821.943,1732.955,1.0
1622,,,,972.093,1690.786,0.16899999976158142,909.424,1674.596,0.9580000042915344,858.637,1701.177,0.9929999709129333,821.943,1732.95,1.0
1623,899.5,1643.337,0.1379999965429306,972.093,1683.232,0.33000001311302185,899.041,1674.438,0.9599999785423279,858.551,1701.177,0.996999979019165,822.159,1733.006,1.0
1624,899.643,1643.811,0.03200000151991844,971.876,1676.058,0.5669999718666077,899.041,1674.054,0.9909999966621399,858.476,1700.878,0.9959999918937683,822.159,1733.006,1.0
1625,,,,971.876,1675.143,0.37599998712539673,899.041,1674.244,0.9900000095367432,858.476,1701.177,0.9959999918937683,822.616,1732.907,1.0
1626,,,,971.876,1675.143,0.28700000047683716,899.803,1674.054,0.9940000176429749,858.476,1701.177,0.9940000176429749,823.139,1732.785,0.9990000128746033
1627,,,,971.876,1676.058,0.6779999732971191,900.218,1672.982,0.9929999709129333,866.508,1700.738,0.9990000128746033,823.139,1732.907,0.9990000128746033
1628,908.195,1644.054,0.02800000086426735,971.624,1668.016,0.3700000047683716,909.572,1670.402,0.9879999756813049,869.226,1698.737,0.9929999709129333,822.616,1732.907,1.0
1629,,,,964.271,1667.908,0.5920000076293945,913.519,1670.402,0.9940000176429749,869.273,1698.737,0.9990000128746033,822.19,1732.907,0.9990000128746033
1630,,,,955.896,1668.016,0.6890000104904175,914.53,1670.402,0.9980000257492065,869.651,1698.737,0.9980000257492065,821.888,1732.913,0.9990000128746033
1631,,,,955.896,1668.016,0.12099999934434891,915.516,1675.772,0.9980000257492065,869.836,1699.746,0.9990000128746033,821.552,1733.942,0.9990000128746033
1632,,,,931.507,1668.016,0.2240000069141388,916.153,1676.058,0.9990000128746033,870.039,1700.221,0.9990000128746033,821.038,1733.942,0.9990000128746033
1633,971.972,1627.844,0.04500000178813934,931.507,1668.538,0.2160000056028366,916.153,1678.28,0.9980000257492065,870.039,1700.347,0.9990000128746033,820.417,1732.913,0.9950000047683716
1634,,,,931.507,1668.973,0.07999999821186066,916.153,1681.517,0.9980000257492065,870.039,1700.432,0.9959999918937683,820.115,1732.913,0.9959999918937683
1635,,,,,,,916.43,1682.8,0.996999979019165,868.261,1701.23,0.9980000257492065,812.155,1731.566,0.9890000224113464
1636,,,,979.839,1691.922,0.04100000113248825,916.43,1683.755,0.9919999837875366,867.77,1706.595,0.949999988079071,812.155,1731.566,0.9909999966621399
1637,,,,979.852,1691.926,0.028999999165534973,916.43,1691.508,0.9940000176429749,867.667,1706.742,0.9940000176429749,812.026,1731.566,0.9940000176429749
1638,,,,980.051,1700.236,0.03099999949336052,920.248,1703.363,0.9950000047683716,866.527,1706.798,0.968999981880188,812.026,1733.264,0.9950000047683716
1639,,,,,,,920.34,1704.235,0.9959999918937683,866.527,1706.945,0.9819999933242798,812.155,1734.165,0.9959999918937683
1640,,,,979.996,1700.102,0.01600000075995922,921.879,1704.236,0.9990000128746033,866.527,1707.037,0.9940000176429749,812.026,1739.564,0.9959999918937683
1641,,,,980.043,1700.19,0.017999999225139618,924.025,1705.088,0.9919999837875366,867.371,1707.383,0.9639999866485596,812.026,1739.564,0.9980000257492065
1642,,,,,,,924.026,1705.088,0.9800000190734863,867.558,1707.383,0.5139999985694885,819.195,1739.761,0.9829999804496765
1643,,,,979.972,1700.42,0.024000000208616257,924.55,1705.52,0.9629999995231628,867.575,1707.21,0.5920000076293945,821.567,1739.761,0.9980000257492065
1644,,,,980.022,1700.467,0.020999999716877937,924.55,1705.52,0.9909999966621399,867.575,1707.383,0.9190000295639038,821.567,1739.761,0.9980000257492065
1645,,,,,,,924.025,1705.643,0.9539999961853027,868.084,1707.281,0.9800000190734863,821.567,1739.479,0.9980000257492065
1646,,,,,,,923.617,1714.654,0.9660000205039978,868.452,1707.281,0.9909999966621399,821.461,1739.558,0.996999979019165
1647,,,,972.087,1691.858,0.023000000044703484,923.057,1714.654,0.9829999804496765,869.312,1707.312,0.9890000224113464,821.012,1739.558,0.9980000257492065
1648,,,,972.087,1691.884,0.027000000700354576,923.057,1714.654,0.9950000047683716,870.263,1707.437,0.9919999837875366,820.77,1739.558,0.9990000128746033
1649,,,,972.087,1692.168,0.026000000536441803,923.057,1705.944,0.9789999723434448,874.064,1714.814,0.9710000157356262,820.109,1739.63,0.9990000128746033
1650,,,,956.869,1692.168,0.25600001215934753,924.068,1705.575,0.9980000257492065,874.435,1715.293,0.9959999918937683,820.138,1739.63,0.9990000128746033
1651,,,,956.723,1699.926,0.0430000014603138,925.354,1705.575,0.9940000176429749,874.892,1715.316,0.871999979019165,820.138,1739.63,0.9990000128746033
1652,,,,956.723,1699.958,0.2150000035762787,929.874,1705.689,0.9879999756813049,875.216,1715.449,0.8119999766349792,820.138,1739.405,0.9990000128746033
1653,,,,956.723,1699.958,0.1420000046491623,930.016,1705.575,0.9980000257492065,875.631,1715.449,0.3190000057220459,820.138,1739.369,0.9950000047683716
1654,,,,963.927,1699.994,0.09799999743700027,930.593,1705.595,0.9879999756813049,890.25,1715.67,0.6930000185966492,821.842,1739.302,0.9990000128746033
1655,,,,972.439,1699.994,0.09099999815225601,930.98,1705.689,0.996999979019165,890.572,1715.887,0.9520000219345093,822.044,1739.247,0.9990000128746033
1656,,,,972.439,1699.994,0.057999998331069946,931.272,1705.917,0.968999981880188,900.032,1716.206,0.9620000123977661,822.091,1739.299,0.9990000128746033
1657,,,,972.439,1699.98,0.0949999988079071,931.272,1705.653,0.9779999852180481,900.032,1715.887,0.9940000176429749,822.044,1739.247,0.9990000128746033
1658,,,,972.298,1691.893,0.04100000113248825,930.993,1705.653,0.9449999928474426,899.297,1715.67,0.9940000176429749,821.887,1733.926,0.9990000128746033
1659,,,,972.298,1691.893,0.09200000017881393,930.993,1706.016,0.9580000042915344,900.182,1715.445,0.996999979019165,822.044,1733.55,0.9990000128746033
1660,,,,972.298,1691.893,0.03200000151991844,930.993,1705.659,0.9649999737739563,900.349,1715.112,0.9890000224113464,822.091,1733.468,0.9990000128746033
1661,,,,,,,930.924,1705.659,0.7289999723434448,901.225,1708.254,0.9929999709129333,821.887,1732.801,0.9990000128746033
1662,,,,972.209,1691.801,0.02199999988079071,930.993,1706.156,0.984000027179718,906.263,1708.254,0.7960000038146973,821.769,1732.287,0.9990000128746033
1663,,,,,,,930.924,1706.6,0.9020000100135803,906.331,1707.874,0.984000027179718,821.507,1732.287,0.9990000128746033
1664,,,,972.136,1700.026,0.014999999664723873,930.92,1706.61,0.9419999718666077,906.331,1707.874,0.5709999799728394,821.502,1732.287,0.9980000257492065
1665,,,,,,,930.461,1707.177,0.6759999990463257,906.263,1707.724,0.8799999952316284,821.502,1732.605,0.9980000257492065
1666,,,,,,,924.492,1707.4,0.6420000195503235,859.742,1700.252,0.45100000500679016,821.048,1734.947,0.9990000128746033
1667,,,,,,,924.492,1707.177,0.1120000034570694,859.742,1700.252,0.9559999704360962,820.479,1738.685,0.9990000128746033
1668,,,,,,,924.492,1706.61,0.41999998688697815,859.742,1699.699,0.45100000500679016,820.066,1739.098,0.9990000128746033
1669,,,,,,,924.984,1706.488,0.8709999918937683,868.051,1700.252,0.5130000114440918,818.785,1739.163,0.996999979019165
1670,,,,,,,924.984,1706.488,0.8450000286102295,884.002,1707.775,0.4729999899864197,811.509,1739.853,0.9919999837875366
1671,,,,,,,924.984,1706.488,0.6660000085830688,891.082,1707.927,0.6209999918937683,811.309,1740.038,0.9950000047683716
1672,,,,,,,924.891,1706.488,0.17399999499320984,899.299,1707.927,0.597000002861023,811.227,1740.038,0.996999979019165
1673,,,,603.757,1779.905,0.020999999716877937,924.891,1706.488,0.3149999976158142,906.348,1707.927,0.6380000114440918,811.227,1740.09,0.9959999918937683
1674,,,,,,,924.469,1701.701,0.27799999713897705,906.527,1707.927,0.6150000095367432,811.227,1740.038,0.9959999918937683
1675,,,,,,,924.469,1701.701,0.6629999876022339,906.527,1707.927,0.8510000109672546,811.194,1739.883,0.9929999709129333
1676,924.154,1643.785,0.12200000137090683,924.011,1651.938,0.054999999701976776,924.469,1701.701,0.5540000200271606,906.348,1708.032,0.765999972820282,182.127,851.612,0.996999979019165
1677,,,,,,,924.924,1706.866,0.30000001192092896,901.978,1707.89,0.8299999833106995,182.127,851.612,0.9980000257492065
1678,,,,915.954,1652.197,0.017999999225139618,924.829,1706.866,0.7820000052452087,901.978,1707.819,0.3779999911785126,182.127,851.612,0.9980000257492065
1679,,,,,,,924.829,1707.376,0.2619999945163727,901.978,1707.815,0.9789999723434448,811.398,1740.399,0.9919999837875366
1680,,,,924.027,1643.936,0.057999998331069946,924.703,1707.264,0.42899999022483826,901.978,1707.815,0.9950000047683716,811.434,1740.665,0.9940000176429749
1681,,,,,,,924.829,1707.264,0.335999995470047,901.978,1707.815,0.9829999804496765,811.44,1740.714,0.996999979019165
1682,,,,,,,924.829,1706.822,0.6990000009536743,901.853,1708.539,0.9739999771118164,811.642,1740.665,0.9959999918937683
1683,,,,,,,924.703,1706.822,0.8040000200271606,900.596,1709.127,0.9819999933242798,811.738,1740.441,0.9959999918937683
1684,,,,,,,924.479,1706.353,0.8109999895095825,900.596,1709.127,0.9959999918937683,811.881,1740.658,0.9980000257492065
1685,,,,,,,923.068,1705.803,0.9160000085830688,900.993,1708.539,0.9509999752044678,812.023,1740.658,0.9940000176429749
1686,,,,,,,923.055,1705.803,0.8600000143051147,900.993,1708.539,0.9580000042915344,812.023,1740.441,0.9919999837875366
1687,940.105,1596.2,0.10400000214576721,,,,922.762,1705.803,0.6299999952316284,900.402,1709.127,0.9440000057220459,812.023,1740.658,0.9929999709129333
1688,940.314,1596.456,0.07000000029802322,,,,922.762,1705.803,0.6140000224113464,900.402,1715.464,0.8180000185966492,812.053,1740.973,0.9879999756813049
1689,940.372,1596.506,0.16099999845027924,923.956,1651.986,0.13600000739097595,923.068,1705.803,0.7900000214576721,899.554,1715.464,0.5509999990463257,812.219,1741.313,0.9929999709129333
1690,,,,923.973,1652.055,0.05299999937415123,916.827,1705.924,0.8069999814033508,899.554,1715.642,0.8790000081062317,812.251,1745.486,0.9980000257492065
1691,939.873,1595.702,0.1120000034570694,923.978,1652.09,0.12700000405311584,931.897,1705.924,0.48500001430511475,899.512,1715.644,0.984000027179718,812.327,1745.702,0.9990000128746033
1692,940.235,1603.843,0.6740000247955322,923.978,1660.063,0.09300000220537186,932.705,1707.75,0.2980000078678131,899.512,1716.042,0.9710000157356262,817.505,1746.073,0.9990000128746033
1693,,,,,,,948.357,1708.401,0.07400000095367432,899.554,1716.496,0.9810000061988831,818.071,1746.073,0.9990000128746033
1694,,,,923.836,1660.183,0.12600000202655792,948.362,1708.425,0.03799999877810478,899.512,1723.34,0.5619999766349792,818.071,1746.073,0.9990000128746033
1695,,,,923.873,1660.452,0.20999999344348907,948.417,1708.425,0.06400000303983688,892.01,1723.614,0.7350000143051147,817.754,1745.683,1.0
1696,,,,923.902,1660.458,0.13600000739097595,948.511,1708.401,0.16300000250339508,891.906,1723.637,0.824999988079071,817.505,1745.614,1.0
1697,,,,923.911,1660.458,0.23199999332427979,948.417,1708.425,0.07599999755620956,891.579,1723.649,0.6079999804496765,812.883,1745.614,1.0
1698,,,,923.972,1660.452,0.03400000184774399,948.362,1708.534,0.09200000017881393,891.194,1723.703,0.8700000047683716,812.611,1745.683,0.9990000128746033
1699,924.03,1596.833,0.04600000008940697,939.839,1660.452,0.020999999716877937,955.585,1708.138,0.11900000274181366,891.194,1730.51,0.925000011920929,812.339,1745.683,0.9990000128746033
1700,940.102,1668.147,0.039000000804662704,947.698,1660.604,0.10199999809265137,948.216,1708.573,0.13699999451637268,891.194,1730.51,0.9679999947547913,812.182,1746.212,0.9980000257492065
1701,,,,947.698,1660.604,0.12800000607967377,948.216,1708.573,0.23399999737739563,891.234,1724.64,0.9610000252723694,812.182,1746.31,0.996999979019165
1702,923.99,1603.963,0.06599999964237213,947.597,1660.606,0.2759999930858612,948.141,1692.025,0.12099999934434891,891.234,1724.64,0.984000027179718,811.996,1746.212,0.9980000257492065
1703,924.041,1668.118,0.03400000184774399,947.597,1660.91,0.6340000033378601,1075.97,1428.152,0.2840000092983246,899.714,1723.331,0.6669999957084656,805.873,1746.212,0.996999979019165
1704,924.21,1668.151,0.08500000089406967,947.627,1660.91,0.4950000047683716,948.148,1692.025,0.19099999964237213,899.714,1723.331,0.9039999842643738,805.873,1746.605,0.9980000257492065
1705,940.056,1668.194,0.035999998450279236,947.597,1660.91,0.38999998569488525,948.148,1692.025,0.15700000524520874,899.714,1723.331,0.6710000038146973,805.873,1747.637,0.9990000128746033
1706,,,,947.627,1660.703,0.35499998927116394,940.131,1699.837,0.14399999380111694,891.906,1723.918,0.7630000114440918,805.86,1747.696,0.9990000128746033
1707,924.167,1603.796,0.07400000095367432,947.853,1660.461,0.4490000009536743,940.094,1699.837,0.35899999737739563,883.934,1724.554,0.9990000128746033,805.86,1747.82,0.9990000128746033
1708,939.839,1668.34,0.08299999684095383,947.627,1660.461,0.27000001072883606,940.069,1707.993,0.2590000033378601,883.339,1724.554,0.9950000047683716,805.67,1747.82,0.9990000128746033
1709,,,,947.631,1660.432,0.12800000607967377,940.069,1699.837,0.052000001072883606,883.339,1724.554,0.996999979019165,805.446,1747.696,1.0
1710,923.997,1659.423,0.03799999877810478,947.631,1660.432,0.24500000476837158,940.094,1699.837,0.09399999678134918,883.339,1723.809,0.9829999804496765,804.771,1747.696,1.0
1711,923.997,1659.423,0.03500000014901161,947.48,1660.648,0.11100000143051147,939.479,1707.993,0.10000000149011612,883.967,1723.643,0.949999988079071,805.446,1747.663,1.0
1712,924.078,1659.614,0.0689999982714653,939.946,1667.454,0.1459999978542328,939.479,1708.477,0.3409999907016754,883.967,1723.503,0.9879999756813049,805.669,1745.448,1.0
1713,924.078,1659.423,0.09399999678134918,939.777,1667.454,0.5759999752044678,940.239,1708.503,0.20999999344348907,884.611,1723.252,0.9959999918937683,804.805,1745.295,1.0
1714,924.078,1659.423,0.039000000804662704,939.777,1667.454,0.1860000044107437,940.67,1708.71,0.1850000023841858,884.549,1723.252,0.9950000047683716,804.855,1745.272,1.0
1715,940.203,1659.614,0.054999999701976776,939.793,1660.277,0.12800000607967377,940.67,1708.789,0.19200000166893005,884.549,1723.057,0.9980000257492065,804.855,1742.452,0.9990000128746033
1716,,,,939.793,1660.277,0.039000000804662704,940.67,1708.789,0.23499999940395355,884.549,1722.802,0.9990000128746033,804.805,1742.375,1.0
1717,,,,939.793,1660.139,0.014999999664723873,940.67,1708.789,0.30300000309944153,884.611,1722.791,0.9980000257492065,802.573,1742.229,0.9990000128746033
1718,,,,963.891,1660.139,0.017000000923871994,938.116,1708.616,0.6259999871253967,889.726,1722.562,0.925000011920929,802.573,1741.82,0.9990000128746033
1719,,,,1075.788,1708.371,0.03799999877810478,932.638,1707.326,0.8899999856948853,889.952,1717.849,0.9750000238418579,802.573,1741.229,1.0
1720,,,,,,,932.031,1706.999,0.7889999747276306,889.726,1717.47,0.9909999966621399,802.7,1741.151,1.0
1721,,,,,,,926.263,1706.996,0.4359999895095825,889.726,1717.001,0.9710000157356262,802.7,1741.129,1.0
1722,,,,,,,925.615,1706.996,0.5989999771118164,889.653,1717.001,0.9829999804496765,802.7,1741.025,1.0
1723,,,,923.939,1660.059,0.05000000074505806,924.869,1706.498,0.8730000257492065,876.002,1717.226,0.875,802.401,1741.129,1.0
1724,,,,931.775,1660.084,0.05000000074505806,917.723,1705.632,0.9990000128746033,868.692,1717.001,0.9509999752044678,800.899,1741.129,1.0
1725,,,,931.795,1660.451,0.16899999976158142,916.767,1705.632,0.9940000176429749,867.044,1717.226,0.9890000224113464,796.174,1740.874,0.9990000128746033
1726,,,,,,,916.711,1705.632,0.9940000176429749,866.521,1717.324,0.996999979019165,796.174,1740.874,0.9990000128746033
1727,,,,,,,916.086,1706.231,0.9950000047683716,860.178,1717.491,0.9980000257492065,796.174,1740.877,0.9990000128746033
1728,940.066,1612.381,0.032999999821186066,,,,916.086,1706.56,0.9860000014305115,859.955,1722.792,0.9950000047683716,796.895,1740.877,1.0
1729,940.214,1619.751,0.032999999821186066,,,,916.502,1706.623,0.9940000176429749,859.955,1723.428,0.9990000128746033,796.895,1741.868,0.9980000257492065
1730,940.658,1619.787,0.5379999876022339,,,,915.777,1706.816,0.9959999918937683,860.178,1723.428,0.9819999933242798,796.895,1741.873,0.9980000257492065
1731,,,,,,,915.611,1707.853,0.9649999737739563,866.902,1723.428,0.9739999771118164,796.654,1741.873,0.9980000257492065
1732,,,,,,,915.777,1709.543,0.9890000224113464,866.902,1716.845,0.9670000076293945,796.359,1741.889,0.9940000176429749
1733,,,,,,,915.611,1712.725,0.8889999985694885,866.902,1716.786,0.9760000109672546,796.301,1741.926,0.9909999966621399
1734,,,,,,,914.529,1712.857,0.968999981880188,859.312,1716.539,0.9919999837875366,796.077,1742.245,0.9990000128746033
1735,,,,916.146,1660.075,0.02199999988079071,911.898,1709.543,0.9789999723434448,859.312,1716.539,0.9950000047683716,790.866,1745.004,0.9990000128746033
1736,,,,923.855,1660.327,0.0560000017285347,910.377,1713.435,0.9940000176429749,859.312,1716.302,0.9869999885559082,790.239,1745.399,0.9990000128746033
1737,,,,955.214,1668.114,0.0430000014603138,910.162,1714.5,0.984000027179718,860.035,1716.371,0.875,790.631,1745.871,1.0
1738,,,,,,,910.377,1713.435,0.8640000224113464,860.035,1716.539,0.9789999723434448,790.631,1745.871,0.9990000128746033
1739,,,,979.772,1692.012,0.023000000044703484,911.898,1708.726,0.8669999837875366,860.035,1716.661,0.9729999899864197,790.239,1745.871,1.0
1740,,,,,,,915.984,1708.726,0.8709999918937683,859.983,1716.371,0.9819999933242798,789.622,1745.222,1.0
1741,,,,,,,915.984,1708.726,0.9869999885559082,859.846,1716.661,0.9950000047683716,788.972,1744.963,0.9990000128746033
1742,411.674,1724.242,0.04899999871850014,,,,923.192,1708.693,0.984000027179718,859.846,1717.444,0.9909999966621399,788.649,1744.963,0.9990000128746033
1743,411.813,1724.378,0.12800000607967377,,,,923.192,1708.726,0.9620000123977661,859.846,1717.444,0.9890000224113464,787.84,1744.963,0.9980000257492065
1744,412.055,1724.695,0.07100000232458115,955.363,1676.037,0.050999999046325684,915.984,1714.801,0.9959999918937683,859.846,1724.296,0.9940000176429749,786.05,1746.465,1.0
1745,,,,,,,915.6,1714.813,0.9599999785423279,859.956,1724.296,0.9929999709129333,786.05,1748.145,1.0
1746,,,,963.801,1692.015,0.03400000184774399,915.6,1716.006,0.9380000233650208,859.956,1724.432,0.9929999709129333,785.695,1748.477,1.0
1747,,,,963.939,1700.254,0.02199999988079071,909.124,1716.478,0.9739999771118164,859.375,1724.432,0.9909999966621399,785.34,1748.655,1.0
1748,,,,,,,909.124,1716.686,0.9909999966621399,859.342,1730.553,0.8519999980926514,785.34,1748.865,1.0
1749,76.521,1434.881,0.05299999937415123,924.172,1667.895,0.03500000014901161,909.124,1716.808,0.9950000047683716,859.342,1730.553,0.9470000267028809,785.34,1748.897,0.9990000128746033
1750,76.669,1444.194,0.061000000685453415,932.07,1676.111,0.050999999046325684,909.251,1718.967,0.9950000047683716,859.342,1730.635,0.9169999957084656,784.666,1748.897,1.0
1751,931.869,1628.683,0.10700000077486038,932.098,1676.219,0.06400000303983688,909.348,1721.484,0.9769999980926514,860.543,1730.635,0.6970000267028809,780.922,1748.897,0.9990000128746033
1752,,,,,,,909.632,1723.373,0.2160000056028366,883.714,1730.764,0.8579999804496765,780.922,1748.809,0.9980000257492065
1753,932.786,1619.945,0.9390000104904175,939.686,1668.195,0.03200000151991844,910.693,1723.373,0.10999999940395355,883.714,1730.933,0.8410000205039978,780.265,1748.809,0.996999979019165
1754,939.73,1626.517,0.2329999953508377,939.843,1668.254,0.06800000369548798,911.476,1723.377,0.07900000363588333,883.714,1731.129,0.890999972820282,780.175,1748.809,0.9980000257492065
1755,,,,,,,911.476,1723.377,0.6019999980926514,867.728,1731.129,0.9629999995231628,779.866,1749.664,0.9990000128746033
1756,76.416,1433.994,0.34200000762939453,924.166,1676.584,0.164000004529953,911.377,1723.156,0.9490000009536743,867.666,1731.3,0.9879999756813049,779.651,1750.129,0.9990000128746033
1757,76.491,1434.311,0.4320000112056732,924.166,1677.05,0.4869999885559082,910.693,1722.731,0.9419999718666077,867.666,1731.331,0.9549999833106995,779.581,1750.296,0.9980000257492065
1758,76.744,1434.509,0.5479999780654907,924.166,1677.708,0.843999981880188,910.929,1722.731,0.8489999771118164,867.728,1731.68,0.9120000004768372,779.531,1756.544,0.9980000257492065
1759,933.8,1620.177,0.9589999914169312,923.571,1677.912,0.9539999961853027,910.929,1722.731,0.8299999833106995,868.671,1731.986,0.9049999713897705,779.48,1756.744,0.9990000128746033
1760,939.636,1622.204,0.9399999976158142,923.571,1678.028,0.9570000171661377,911.377,1723.664,0.6079999804496765,869.019,1732.122,0.9559999704360962,779.462,1756.781,0.9980000257492065
1761,939.636,1626.155,0.8289999961853027,923.571,1678.028,0.9279999732971191,910.929,1723.664,0.7480000257492065,869.019,1732.544,0.9829999804496765,779.462,1756.865,0.9980000257492065
1762,939.685,1626.642,0.7850000262260437,923.92,1677.912,0.9549999833106995,910.929,1723.914,0.5920000076293945,869.019,1732.544,0.9919999837875366,779.198,1756.922,0.9950000047683716
1763,939.685,1626.707,0.9269999861717224,923.996,1677.525,0.8970000147819519,910.345,1724.101,0.7760000228881836,860.377,1732.544,0.9490000009536743,773.541,1756.922,0.9990000128746033
1764,931.819,1626.707,0.453000009059906,924.157,1677.525,0.6320000290870667,910.026,1724.353,0.925000011920929,859.785,1731.856,0.7979999780654907,771.898,1756.922,0.9980000257492065
1765,931.814,1626.707,0.06300000101327896,930.436,1677.525,0.061000000685453415,909.791,1724.353,0.9599999785423279,859.408,1731.827,0.7789999842643738,771.623,1756.82,0.9990000128746033
1766,77.95,1434.736,0.7139999866485596,,,,909.683,1724.443,0.7570000290870667,859.188,1731.559,0.6869999766349792,771.355,1756.795,0.9980000257492065
1767,77.57,1434.208,0.45100000500679016,,,,909.55,1724.443,0.6880000233650208,852.064,1731.827,0.5789999961853027,771.061,1756.727,0.9980000257492065
1768,77.57,1434.018,0.9049999713897705,,,,900.929,1724.443,0.906000018119812,851.609,1731.856,0.9200000166893005,771.061,1756.709,1.0
1769,77.619,1434.018,0.5339999794960022,931.843,1675.826,0.11500000208616257,900.929,1724.025,0.9879999756813049,843.333,1731.34,0.8759999871253967,770.665,1756.709,1.0
1770,77.619,1434.018,0.7990000247955322,947.893,1676.371,0.1979999989271164,900.929,1721.548,1.0,843.333,1731.553,0.8759999871253967,769.258,1756.709,1.0
1771,77.564,1434.018,0.6859999895095825,948.129,1684.27,0.03799999877810478,909.2,1718.256,0.9670000076293945,843.333,1731.553,0.7369999885559082,764.047,1756.84,0.9990000128746033
1772,77.564,1434.072,0.4189999997615814,,,,909.2,1714.335,0.9729999899864197,843.31,1731.34,0.8149999976158142,764.047,1756.852,0.9990000128746033
1773,77.374,1434.402,0.6729999780654907,924.16,1667.853,0.03200000151991844,909.2,1713.657,0.9319999814033508,843.364,1731.237,0.8949999809265137,764.047,1756.88,0.9990000128746033
1774,77.118,1434.402,0.04699999839067459,924.176,1667.941,0.0430000014603138,900.679,1710.05,0.9769999980926514,843.398,1731.156,0.9380000233650208,764.047,1756.907,0.9990000128746033
1775,77.118,1434.33,0.1459999978542328,924.213,1676.099,0.05000000074505806,900.644,1710.05,0.984000027179718,843.398,1731.065,0.7549999952316284,764.298,1756.88,0.9990000128746033
1776,76.937,1434.538,0.20499999821186066,924.213,1676.148,0.0689999982714653,900.644,1709.799,0.921999990940094,843.398,1731.065,0.9369999766349792,764.329,1756.88,0.9990000128746033
1777,76.815,1434.538,0.7789999842643738,,,,900.679,1709.53,0.953000009059906,843.699,1730.964,0.746999979019165,768.977,1756.678,1.0
1778,76.79,1434.83,0.09300000220537186,,,,909.387,1709.53,0.8330000042915344,843.949,1730.959,0.949999988079071,769.077,1756.678,1.0
1779,76.815,1434.83,0.08500000089406967,,,,909.387,1709.799,0.6769999861717224,850.917,1730.613,0.7960000038146973,769.611,1756.678,1.0
1780,76.724,1434.952,0.057999998331069946,,,,909.387,1714.344,0.3540000021457672,851.33,1730.377,0.984000027179718,769.611,1756.937,1.0
1781,76.69,1434.973,0.3889999985694885,,,,909.359,1714.85,0.9950000047683716,852.088,1730.377,0.9810000061988831,769.611,1757.181,1.0
1782,76.69,1435.04,0.0430000014603138,,,,909.359,1715.226,0.9940000176429749,852.088,1730.613,0.9539999961853027,769.611,1757.754,0.9990000128746033
1783,76.865,1435.1,0.04899999871850014,,,,907.15,1716.174,0.9440000057220459,852.088,1731.329,0.9850000143051147,769.845,1757.797,1.0
1784,,,,955.592,1683.939,0.03799999877810478,907.15,1717.996,0.968999981880188,852.088,1732.459,0.9909999966621399,769.845,1757.936,1.0
1785,,,,979.634,1739.848,0.0430000014603138,908.911,1718.606,0.9990000128746033,852.088,1732.489,0.9919999837875366,769.861,1757.965,1.0
1786,,,,,,,908.743,1718.606,0.9959999918937683,852.203,1732.74,0.9959999918937683,770.275,1757.981,1.0
1787,,,,,,,908.743,1717.996,0.9589999914169312,853.022,1732.74,0.9980000257492065,770.66,1758.264,1.0
1788,,,,,,,908.743,1718.702,0.9610000252723694,853.022,1732.74,0.9919999837875366,770.78,1758.264,0.9990000128746033
1789,,,,,,,908.796,1718.702,0.9710000157356262,852.365,1731.286,0.9940000176429749,770.846,1758.264,0.9990000128746033
1790,,,,924.29,1676.624,0.1679999977350235,908.743,1721.8,0.9850000143051147,852.365,1731.204,0.9919999837875366,770.846,1758.241,1.0
1791,,,,924.29,1676.624,0.1509999930858612,908.716,1722.162,0.9959999918937683,851.902,1731.204,0.9890000224113464,770.981,1757.945,0.9990000128746033
1792,915.759,1668.19,0.017999999225139618,924.29,1676.624,0.4169999957084656,908.365,1722.408,0.996999979019165,851.086,1731.204,0.9869999885559082,771.434,1757.94,0.9990000128746033
1793,,,,924.29,1676.624,0.10700000077486038,908.365,1723.386,0.9980000257492065,851.019,1731.694,0.9829999804496765,770.981,1757.94,0.9990000128746033
1794,,,,924.629,1677.07,0.03200000151991844,908.365,1723.422,0.9879999756813049,844.265,1732.368,0.953000009059906,770.149,1757.945,0.9990000128746033
1795,,,,,,,908.365,1723.422,0.9909999966621399,844.265,1732.994,0.9810000061988831,770.58,1758.06,0.9990000128746033
1796,,,,,,,908.992,1723.422,0.9890000224113464,844.253,1732.994,0.984000027179718,770.149,1758.077,0.9990000128746033
1797,,,,,,,909.292,1723.28,0.9980000257492065,844.265,1732.591,0.9879999756813049,769.918,1758.118,0.9990000128746033
1798,,,,,,,909.523,1722.733,0.9959999918937683,844.428,1732.589,0.9750000238418579,764.434,1758.504,0.996999979019165
1799,,,,,,,915.062,1722.091,0.9959999918937683,844.428,1732.591,0.9909999966621399,764.394,1758.621,0.9980000257492065
1800,,,,,,,915.322,1715.653,0.9509999752044678,844.081,1732.591,0.9509999752044678,764.323,1759.983,0.996999979019165
1801,,,,,,,915.53,1715.653,0.9900000095367432,850.826,1732.589,0.9559999704360962,763.905,1760.204,0.9980000257492065
1802,,,,931.101,1739.206,0.023000000044703484,915.53,1715.415,0.9760000109672546,843.801,1733.014,0.9200000166893005,763.401,1762.251,0.9980000257492065
1803,,,,931.749,1739.489,0.020999999716877937,915.53,1715.653,0.9190000295639038,843.792,1733.44,0.9160000085830688,763.213,1762.989,0.9980000257492065
1804,,,,932.026,1739.489,0.07800000160932541,915.53,1715.653,0.7179999947547913,843.414,1734.127,0.9629999995231628,758.065,1764.445,0.9990000128746033
1805,,,,932.026,1739.489,0.18799999356269836,916.764,1715.683,0.7609999775886536,843.4,1739.284,0.9440000057220459,756.3,1764.904,1.0
1806,,,,939.834,1739.715,0.03500000014901161,909.18,1715.303,0.9779999852180481,837.072,1739.284,0.9959999918937683,755.687,1765.262,1.0
1807,,,,940.135,1739.737,0.0430000014603138,909.871,1715.519,0.972000002861023,836.939,1739.284,0.9940000176429749,755.687,1765.262,1.0
1808,,,,940.211,1739.729,0.017000000923871994,909.871,1715.303,0.9290000200271606,836.939,1739.284,0.9959999918937683,756.3,1765.341,1.0
1809,,,,940.211,1739.735,0.04399999976158142,909.18,1714.936,0.8209999799728394,836.939,1739.08,0.9769999980926514,756.114,1765.539,1.0
1810,,,,955.923,1739.729,0.041999999433755875,909.129,1714.936,0.7929999828338623,843.514,1739.057,0.9760000109672546,756.681,1765.597,1.0
1811,,,,955.923,1739.729,0.02800000086426735,908.267,1715.519,0.9639999866485596,843.704,1739.08,0.9710000157356262,757.73,1765.727,1.0
1812,,,,972.073,1739.729,0.052000001072883606,908.096,1715.698,0.890999972820282,843.716,1739.294,0.9169999957084656,757.73,1766.674,1.0
1813,,,,972.073,1739.735,0.07900000363588333,908.096,1716.878,0.9440000057220459,843.716,1739.294,0.9129999876022339,759.48,1767.822,0.9990000128746033
1814,,,,,,,908.267,1722.431,0.746999979019165,843.716,1739.294,0.8119999766349792,761.871,1768.108,0.9990000128746033
1815,,,,1068.099,1428.156,0.014000000432133675,917.312,1722.431,0.9629999995231628,843.716,1739.294,0.9350000023841858,761.871,1768.108,1.0
1816,,,,,,,917.312,1722.431,0.7279999852180481,843.716,1739.294,0.8949999809265137,759.48,1768.108,0.9990000128746033
1817,,,,,,,917.312,1722.309,0.9810000061988831,843.762,1739.3,0.9929999709129333,758.731,1768.108,1.0
1818,,,,955.762,1699.847,0.03200000151991844,908.266,1722.309,0.7860000133514404,843.762,1739.649,0.9900000095367432,758.572,1770.382,1.0
1819,,,,963.857,1700.214,0.020999999716877937,907.456,1721.952,0.9950000047683716,843.762,1739.741,0.9620000123977661,758.556,1771.089,1.0
1820,,,,,,,906.639,1721.527,0.9990000128746033,843.208,1745.965,0.9869999885559082,758.49,1771.1,1.0
1821,,,,955.555,1692.15,0.04399999976158142,905.174,1721.952,0.9819999933242798,836.272,1745.965,0.9950000047683716,758.49,1771.356,1.0
1822,,,,,,,903.669,1722.439,0.9980000257492065,835.822,1745.965,0.9869999885559082,758.368,1771.718,1.0
1823,,,,,,,902.018,1722.713,0.9980000257492065,835.822,1740.211,0.953000009059906,758.368,1771.769,1.0
1824,,,,955.64,1692.883,0.10599999874830246,901.355,1723.78,0.9990000128746033,835.677,1740.211,0.7670000195503235,758.368,1771.769,1.0
1825,,,,955.64,1692.883,0.08299999684095383,901.355,1727.772,1.0,836.188,1740.211,0.9789999723434448,758.253,1771.769,0.9980000257492065
1826,,,,955.64,1692.883,0.25699999928474426,901.071,1729.144,1.0,836.188,1740.509,0.9879999756813049,758.368,1771.857,0.9990000128746033
1827,924.174,1668.153,0.05000000074505806,955.64,1700.262,0.09300000220537186,901.071,1730.59,1.0,836.194,1746.2,0.9670000076293945,762.721,1771.857,0.9990000128746033
1828,,,,955.816,1709.081,0.057999998331069946,901.953,1730.59,0.9990000128746033,842.691,1747.671,0.921999990940094,763.648,1772.884,0.9959999918937683
1829,,,,,,,902.947,1730.59,0.9980000257492065,842.837,1748.024,0.9279999732971191,763.803,1772.993,0.9959999918937683
1830,,,,,,,902.947,1730.59,1.0,842.952,1748.024,0.9909999966621399,773.27,1773.596,0.9980000257492065
1831,,,,,,,902.947,1730.59,1.0,842.952,1749.017,0.9739999771118164,773.27,1773.769,0.9980000257492065
1832,,,,964.019,1739.805,0.03400000184774399,901.851,1732.611,1.0,842.952,1749.966,0.9819999933242798,773.27,1773.971,0.9990000128746033
1833,,,,972.047,1739.969,0.029999999329447746,901.851,1736.359,1.0,842.962,1749.581,0.9309999942779541,772.293,1773.894,0.9990000128746033
1834,,,,,,,901.851,1736.359,1.0,843.082,1749.581,0.9810000061988831,772.001,1773.917,0.9990000128746033
1835,,,,972.022,1739.791,0.07000000029802322,901.851,1736.484,0.9990000128746033,843.082,1750.115,0.9890000224113464,772.001,1773.981,0.9990000128746033
1836,,,,972.034,1739.847,0.04600000008940697,901.851,1736.734,0.9990000128746033,843.087,1750.127,0.9760000109672546,772.293,1773.981,0.9990000128746033
1837,,,,972.07,1739.88,0.020999999716877937,902.985,1737.294,0.9919999837875366,843.087,1750.237,0.9409999847412109,774.894,1773.981,0.9990000128746033
1838,,,,,,,904.255,1737.612,0.9909999966621399,843.172,1750.465,0.7829999923706055,774.982,1778.124,1.0
1839,,,,716.765,1773.01,0.5540000200271606,899.119,1738.225,0.8830000162124634,844.416,1754.58,0.9670000076293945,775.28,1778.248,0.9990000128746033
1840,,,,,,,899.119,1738.567,0.9580000042915344,844.416,1754.881,0.875,777.359,1779.595,1.0
1841,,,,,,,899.233,1746.108,0.9990000128746033,844.416,1755.001,0.7200000286102295,777.548,1779.898,0.9990000128746033
1842,,,,,,,899.233,1746.456,0.9810000061988831,844.288,1755.003,0.8009999990463257,777.548,1779.898,0.9990000128746033
1843,,,,,,,899.233,1746.956,0.9950000047683716,844.043,1755.203,0.8600000143051147,777.553,1779.998,0.9990000128746033
1844,,,,,,,900.474,1750.212,0.9929999709129333,844.022,1755.203,0.5950000286102295,777.553,1779.998,0.9980000257492065
1845,,,,,,,901.014,1755.56,0.8700000047683716,843.905,1755.203,0.8100000023841858,777.553,1780.346,0.996999979019165
1846,,,,,,,901.014,1755.56,0.972000002861023,836.476,1755.186,0.9259999990463257,773.912,1782.331,0.9990000128746033
1847,,,,908.078,1700.029,0.050999999046325684,900.474,1755.56,0.9670000076293945,836.476,1754.867,0.9089999794960022,772.639,1783.694,1.0
1848,908.14,1665.996,0.04500000178813934,908.678,1700.029,0.37700000405311584,899.983,1754.875,0.9990000128746033,836.362,1754.673,0.9819999933242798,772.639,1784.71,1.0
1849,908.19,1665.996,0.0560000017285347,914.798,1700.151,0.5019999742507935,899.983,1754.875,0.9990000128746033,836.362,1754.609,0.9879999756813049,771.53,1786.443,1.0
1850,924.62,1665.996,0.9399999976158142,915.663,1700.204,0.9369999766349792,899.983,1754.626,0.9959999918937683,836.306,1754.609,0.996999979019165,771.53,1786.443,1.0
1851,924.62,1665.996,0.9860000014305115,915.663,1700.204,0.8870000243186951,900.523,1754.626,0.875,836.362,1754.867,0.9959999918937683,770.526,1786.443,0.9980000257492065
1852,924.62,1660.731,0.4359999895095825,914.798,1699.423,0.44999998807907104,900.523,1754.305,0.6290000081062317,836.362,1755.205,0.9789999723434448,764.846,1787.147,0.9959999918937683
1853,924.465,1660.46,0.01899999938905239,915.663,1700.258,0.17599999904632568,900.535,1754.002,0.8820000290870667,836.429,1755.393,0.9750000238418579,764.732,1788.517,0.996999979019165
1854,924.118,1660.312,0.17499999701976776,915.663,1700.254,0.3269999921321869,900.535,1749.091,0.9760000109672546,836.429,1755.405,0.9279999732971191,763.606,1788.547,0.9959999918937683
1855,924.118,1660.312,0.2549999952316284,915.669,1700.254,0.05999999865889549,896.983,1749.536,0.9879999756813049,836.429,1755.607,0.8709999918937683,763.446,1788.547,0.996999979019165
1856,924.465,1660.312,0.032999999821186066,915.669,1700.377,0.32100000977516174,894.42,1749.536,0.9440000057220459,836.106,1755.607,0.777999997138977,763.399,1788.663,0.9980000257492065
1857,,,,,,,893.57,1749.536,0.996999979019165,835.917,1755.98,0.6639999747276306,763.399,1788.663,0.9990000128746033
1858,,,,,,,892.18,1749.536,0.9980000257492065,827.649,1756.06,0.6380000114440918,763.135,1788.663,0.9990000128746033
1859,,,,900.008,1762.966,0.04800000041723251,891.743,1749.536,0.9700000286102295,826.951,1755.98,0.6420000195503235,762.9,1788.974,0.9990000128746033
1860,,,,908.031,1763.423,0.11800000071525574,891.743,1748.823,0.875,819.726,1755.914,0.5630000233650208,761.616,1789.303,0.9990000128746033
1861,,,,,,,891.743,1748.634,0.9520000219345093,819.595,1755.914,0.4189999997615814,761.587,1789.512,1.0
1862,,,,979.68,1764.11,0.01899999938905239,893.754,1748.132,0.9210000038146973,819.726,1755.751,0.6359999775886536,760.517,1789.899,0.9990000128746033
1863,,,,987.867,1771.908,0.02199999988079071,924.011,1739.994,0.6629999876022339,819.726,1755.614,0.7329999804496765,760.517,1789.899,0.9990000128746033
1864,,,,,,,924.011,1739.994,0.8209999799728394,820.002,1755.584,0.9639999866485596,760.428,1789.899,1.0
1865,,,,892.085,1692.322,0.027000000700354576,924.011,1739.746,0.39100000262260437,820.002,1748.782,0.5950000286102295,760.188,1789.899,0.9990000128746033
1866,,,,916.007,1692.575,0.10400000214576721,916.475,1739.994,0.8009999990463257,820.202,1748.782,0.628000020980835,760.188,1789.899,0.9990000128746033
1867,,,,931.58,1692.575,0.26600000262260437,908.73,1739.994,0.8709999918937683,820.202,1748.782,0.6520000100135803,759.286,1789.903,0.9980000257492065
1868,,,,931.689,1692.575,0.20600000023841858,899.905,1740.336,0.9819999933242798,826.972,1755.251,0.4390000104904175,759.286,1790.042,0.996999979019165
1869,,,,931.864,1692.575,0.061000000685453415,899.498,1744.773,0.8679999709129333,836.4,1755.999,0.19699999690055847,759.286,1790.042,0.9980000257492065
1870,,,,,,,899.498,1746.553,0.9959999918937683,842.82,1756.428,0.47699999809265137,759.968,1790.182,0.9980000257492065
1871,,,,,,,899.905,1748.017,0.9980000257492065,843.476,1764.363,0.4059999883174896,759.968,1790.647,0.9959999918937683
1872,,,,,,,899.498,1749.487,0.9990000128746033,843.476,1764.363,0.41999998688697815,759.968,1793.991,0.9990000128746033
1873,,,,,,,899.498,1749.775,0.9980000257492065,842.82,1765.015,0.5350000262260437,758.857,1795.55,0.9990000128746033
1874,,,,,,,900.625,1749.775,0.9980000257492065,836.276,1771.204,0.4749999940395355,758.783,1796.423,1.0
1875,,,,,,,900.625,1753.016,0.9990000128746033,835.884,1771.289,0.39500001072883606,758.551,1797.821,1.0
1876,,,,,,,898.479,1753.082,0.9980000257492065,835.884,1778.535,0.597000002861023,758.551,1804.092,1.0
1877,,,,,,,900.625,1753.082,0.9990000128746033,835.884,1778.871,0.6869999766349792,758.551,1805.193,1.0
1878,,,,971.979,1779.507,0.05299999937415123,898.479,1753.082,0.9959999918937683,835.508,1779.852,0.4020000100135803,759.236,1805.194,0.9990000128746033
1879,,,,972.093,1779.507,0.026000000536441803,898.479,1754.77,0.9850000143051147,835.508,1779.888,0.5440000295639038,759.236,1805.196,0.9990000128746033
1880,,,,972.093,1779.557,0.10000000149011612,898.479,1754.704,0.9520000219345093,835.545,1779.888,0.5199999809265137,759.236,1806.583,1.0
1881,,,,971.979,1779.557,0.04699999839067459,898.479,1754.704,0.9829999804496765,835.545,1779.888,0.3269999921321869,757.633,1808.278,0.9990000128746033
1882,,,,971.979,1779.557,0.050999999046325684,898.473,1754.704,0.9940000176429749,835.651,1779.57,0.5080000162124634,756.05,1808.278,1.0
1883,947.969,1707.66,0.028999999165534973,972.093,1779.817,0.039000000804662704,898.067,1755.216,0.984000027179718,835.681,1779.557,0.4569999873638153,755.688,1808.278,0.9990000128746033
1884,,,,,,,898.067,1755.216,0.9959999918937683,835.681,1779.557,0.3569999933242798,755.446,1807.171,0.9990000128746033
1885,,,,,,,897.728,1755.577,0.9909999966621399,835.681,1779.557,0.5400000214576721,755.276,1807.087,0.9990000128746033
1886,,,,,,,897.642,1755.626,0.9879999756813049,827.928,1781.533,0.7749999761581421,754.697,1806.598,0.9990000128746033
1887,955.898,1707.795,0.05400000140070915,940.211,1739.931,0.22300000488758087,897.53,1755.731,0.984000027179718,827.889,1781.533,0.890999972820282,753.972,1806.083,0.9980000257492065
1888,955.898,1707.957,0.210999995470047,940.211,1740.263,0.23899999260902405,895.234,1755.933,0.9940000176429749,827.889,1781.533,0.9279999732971191,748.476,1805.867,0.9959999918937683
1889,955.898,1707.957,0.11800000071525574,940.211,1740.271,0.3199999928474426,894.404,1757.386,0.9810000061988831,827.928,1781.271,0.7710000276565552,748.291,1805.355,0.9980000257492065
1890,955.862,1707.795,0.04399999976158142,940.301,1740.756,0.414000004529953,893.399,1757.386,0.9900000095367432,835.104,1780.112,0.984000027179718,748.291,1805.295,0.9980000257492065
1891,955.862,1707.9,0.052000001072883606,940.301,1740.756,0.41499999165534973,893.399,1757.386,0.9900000095367432,836.559,1779.785,0.8600000143051147,748.147,1804.627,0.9990000128746033
1892,955.862,1707.9,0.035999998450279236,940.301,1740.756,0.3100000023841858,893.399,1756.314,0.9860000014305115,836.583,1778.768,0.9629999995231628,747.858,1804.51,0.9980000257492065
1893,956.197,1707.9,0.05400000140070915,940.512,1731.843,0.0860000029206276,898.271,1756.314,0.9829999804496765,836.583,1778.768,0.8659999966621399,747.858,1804.081,0.9980000257492065
1894,,,,940.512,1731.34,0.06599999964237213,898.908,1755.689,0.9589999914169312,836.559,1778.768,0.8410000205039978,748.437,1802.959,0.9980000257492065
1895,955.326,1700.496,0.12099999934434891,940.616,1731.155,0.36000001430511475,899.76,1755.689,0.8600000143051147,836.047,1778.751,0.8360000252723694,752.088,1802.959,1.0
1896,955.96,1700.695,0.7540000081062317,940.616,1731.155,0.49300000071525574,899.76,1747.776,0.9350000023841858,836.047,1778.751,0.8600000143051147,752.203,1798.847,0.9990000128746033
1897,955.96,1700.695,0.609000027179718,940.44,1730.971,0.5239999890327454,898.908,1747.355,0.9480000138282776,836.041,1778.48,0.890999972820282,752.827,1798.769,0.9990000128746033
1898,955.857,1700.496,0.04600000008940697,940.044,1730.722,0.8500000238418579,894.26,1747.355,0.9139999747276306,836.047,1778.291,0.9409999847412109,753.067,1798.359,1.0
1899,955.857,1700.695,0.16500000655651093,940.044,1730.722,0.4779999852180481,894.26,1747.776,0.8709999918937683,836.04,1772.408,0.9589999914169312,753.191,1798.129,0.9990000128746033
1900,955.714,1700.576,0.039000000804662704,940.044,1724.679,0.9490000009536743,894.26,1747.812,0.9639999866485596,836.04,1772.135,0.8510000109672546,753.191,1798.129,1.0
1901,955.714,1700.256,0.22100000083446503,940.302,1724.291,0.5400000214576721,894.91,1747.812,0.968999981880188,835.215,1772.135,0.828000009059906,753.191,1798.129,0.9990000128746033
1902,955.714,1700.256,0.32100000977516174,940.447,1724.291,0.7139999866485596,894.933,1747.812,0.996999979019165,835.205,1772.102,0.7149999737739563,752.965,1799.213,0.9990000128746033
1903,955.376,1700.576,0.07199999690055847,940.587,1724.679,0.41499999165534973,898.077,1751.104,0.9980000257492065,835.053,1772.102,0.8519999980926514,752.965,1799.281,0.9990000128746033
1904,955.362,1700.42,0.3100000023841858,940.447,1724.802,0.4059999883174896,898.077,1749.289,0.9990000128746033,827.716,1772.135,0.8309999704360962,752.93,1799.912,1.0
1905,955.376,1700.42,0.3009999990463257,947.369,1724.967,0.14900000393390656,898.077,1749.289,0.9990000128746033,827.269,1779.199,0.9269999861717224,752.965,1799.975,1.0
1906,955.376,1700.42,0.2240000069141388,947.454,1724.974,0.210999995470047,898.81,1751.104,0.9919999837875366,827.269,1779.199,0.9309999942779541,753.221,1799.975,1.0
1907,955.676,1700.578,0.5130000114440918,947.667,1731.646,0.3179999887943268,900.141,1753.767,0.9819999933242798,827.146,1779.784,0.9259999990463257,753.918,1799.912,1.0
1908,955.707,1700.578,0.164000004529953,955.588,1731.7,0.22100000083446503,900.97,1753.767,0.9940000176429749,827.146,1779.979,0.9039999842643738,754.224,1799.912,0.9990000128746033
1909,956.063,1707.807,0.07100000232458115,955.588,1731.7,0.1340000033378601,900.97,1753.767,0.9990000128746033,827.013,1780.541,0.9539999961853027,754.247,1802.518,0.9990000128746033
1910,,,,955.588,1731.7,0.17100000381469727,900.97,1753.767,0.9990000128746033,827.013,1780.541,0.9200000166893005,755.257,1803.181,1.0
1911,77.502,1433.237,0.12200000137090683,948.521,1731.7,0.5550000071525574,900.649,1753.767,0.9950000047683716,827.013,1780.686,0.9819999933242798,756.061,1803.521,0.9990000128746033
1912,77.502,1433.392,0.4659999907016754,947.884,1731.775,0.7879999876022339,899.042,1753.535,0.9909999966621399,827.331,1780.686,0.7910000085830688,756.098,1803.857,1.0
1913,81.672,1433.98,0.8759999871253967,947.743,1731.775,0.6549999713897705,899.042,1753.535,0.9580000042915344,827.441,1780.541,0.9179999828338623,756.481,1804.217,1.0
1914,81.625,1433.392,0.7369999885559082,947.555,1731.775,0.6859999895095825,899.071,1753.535,0.996999979019165,827.994,1780.313,0.9509999752044678,757.545,1804.217,0.9990000128746033
1915,81.625,1433.392,0.8040000200271606,947.405,1731.57,0.6600000262260437,899.288,1753.535,0.9829999804496765,834.039,1780.313,0.9789999723434448,758.147,1804.217,0.9990000128746033
1916,81.672,1433.711,0.8640000224113464,947.047,1731.482,0.6209999918937683,899.288,1753.535,0.996999979019165,834.039,1780.313,0.9330000281333923,757.335,1804.217,0.9990000128746033
1917,82.342,1433.711,0.7120000123977661,941.629,1731.482,0.6190000176429749,907.53,1753.596,0.9860000014305115,834.039,1780.313,0.6159999966621399,757.335,1804.217,0.996999979019165
1918,82.342,1433.358,0.6169999837875366,941.629,1731.57,0.7039999961853027,908.216,1753.596,0.9829999804496765,827.456,1781.457,0.7900000214576721,757.666,1804.34,0.9990000128746033
1919,82.342,1432.721,0.9480000138282776,941.629,1731.775,0.4620000123977661,908.216,1753.596,0.9089999794960022,827.456,1781.457,0.9710000157356262,757.666,1804.469,1.0
1920,81.985,1432.721,0.8610000014305115,940.992,1731.775,0.3230000138282776,908.478,1755.385,0.6129999756813049,827.456,1781.85,0.7440000176429749,757.371,1804.469,1.0
1921,81.841,1432.721,0.9039999842643738,940.992,1731.844,0.531000018119812,908.216,1756.102,0.6150000095367432,827.55,1781.457,0.7440000176429749,757.371,1804.34,1.0
1922,81.604,1432.721,0.8799999952316284,940.707,1731.775,0.2750000059604645,908.799,1756.263,0.3889999985694885,835.063,1781.059,0.6679999828338623,757.371,1804.112,1.0
1923,80.579,1432.603,0.9490000009536743,947.041,1731.844,0.3190000057220459,908.851,1756.174,0.5379999876022339,835.733,1780.836,0.7070000171661377,757.354,1803.798,1.0
1924,77.563,1432.696,0.9580000042915344,947.041,1731.844,0.36000001430511475,908.851,1756.174,0.9480000138282776,835.881,1780.814,0.31700000166893005,755.947,1803.784,1.0
1925,77.392,1432.687,0.9480000138282776,948.083,1739.933,0.24799999594688416,908.169,1756.102,0.8889999985694885,842.435,1780.697,0.8029999732971191,755.717,1803.471,0.9990000128746033
1926,77.036,1432.527,0.843999981880188,948.083,1739.933,0.8610000014305115,907.932,1754.59,0.9819999933242798,842.435,1780.633,0.9010000228881836,755.03,1803.172,1.0
1927,77.036,1432.527,0.8379999995231628,948.083,1739.933,0.2759999930858612,907.657,1753.593,0.9900000095367432,836.335,1780.633,0.9319999814033508,755.03,1799.755,0.9990000128746033
1928,77.036,1432.527,0.8349999785423279,940.852,1731.262,0.5730000138282776,907.657,1753.593,0.9900000095367432,836.335,1780.697,0.9419999718666077,755.03,1799.437,0.9990000128746033
1929,77.148,1431.989,0.9319999814033508,940.609,1731.171,0.8199999928474426,907.657,1753.593,0.9549999833106995,834.775,1780.506,0.7300000190734863,755.169,1798.665,0.9990000128746033
1930,77.235,1431.956,0.9150000214576721,940.609,1731.171,0.746999979019165,909.475,1753.841,0.8930000066757202,834.516,1779.694,0.8700000047683716,755.169,1798.652,0.9990000128746033
1931,77.276,1431.956,0.9459999799728394,940.81,1731.018,0.46000000834465027,909.475,1753.841,0.8640000224113464,834.127,1779.406,0.8740000128746033,755.169,1798.445,0.9990000128746033
1932,77.379,1431.956,0.9750000238418579,940.712,1731.018,0.7080000042915344,909.475,1753.841,0.8949999809265137,834.127,1778.875,0.9480000138282776,754.155,1798.378,1.0
1933,77.379,1431.245,0.9440000057220459,940.81,1731.018,0.8379999995231628,899.091,1739.967,0.9430000185966492,834.127,1778.875,0.9909999966621399,754.155,1798.378,0.9990000128746033
1934,80.75,1432.097,0.9520000219345093,940.81,1730.256,0.9610000252723694,899.091,1739.967,0.8579999804496765,834.069,1778.875,0.9700000286102295,754.155,1798.652,1.0
1935,80.908,1432.209,0.9399999976158142,940.712,1730.167,0.9010000228881836,899.091,1739.967,0.7229999899864197,827.855,1779.411,0.9470000267028809,756.123,1798.708,0.9990000128746033
1936,82.275,1433.295,0.6980000138282776,940.512,1724.858,0.7239999771118164,916.047,1746.898,0.9229999780654907,827.682,1779.514,0.953000009059906,758.812,1804.044,0.9990000128746033
1937,82.275,1433.555,0.7789999842643738,940.286,1724.858,0.5529999732971191,916.312,1747.326,0.8870000243186951,827.562,1779.756,0.8939999938011169,758.812,1804.41,0.9990000128746033
1938,82.293,1433.765,0.6869999766349792,940.286,1724.858,0.42899999022483826,916.568,1747.488,0.7070000171661377,827.562,1779.756,0.9539999961853027,758.812,1804.517,0.9990000128746033
1939,82.275,1433.555,0.8420000076293945,940.286,1740.372,0.1420000046491623,924.544,1748.347,0.49399998784065247,827.562,1780.254,0.8999999761581421,757.829,1804.722,0.9990000128746033
1940,82.275,1433.617,0.7450000047683716,940.286,1740.48,0.6389999985694885,924.708,1748.747,0.6380000114440918,835.086,1780.254,0.9599999785423279,755.958,1804.722,0.9990000128746033
1941,82.528,1433.617,0.8180000185966492,940.624,1746.625,0.44999998807907104,924.797,1756.779,0.20600000023841858,835.086,1780.496,0.9729999899864197,755.317,1804.722,0.9990000128746033
1942,82.726,1433.617,0.5799999833106995,940.716,1747.209,0.5960000157356262,924.797,1757.114,0.23999999463558197,835.086,1787.042,0.9589999914169312,755.317,1804.474,0.9990000128746033
1943,82.528,1433.603,0.39800000190734863,940.716,1747.363,0.5009999871253967,924.708,1757.114,0.7839999794960022,834.84,1787.042,0.968999981880188,755.317,1804.425,1.0
1944,82.528,1433.603,0.5730000138282776,948.14,1747.502,0.5529999732971191,917.559,1757.114,0.7630000114440918,827.616,1787.042,0.8889999985694885,755.473,1804.425,1.0
1945,82.249,1432.942,0.8270000219345093,948.633,1747.502,0.20399999618530273,878.164,1756.014,0.5770000219345093,827.525,1786.932,0.8410000205039978,756.433,1804.474,1.0
1946,77.17,1432.942,0.847000002861023,962.568,1747.57,0.23600000143051147,876.103,1748.361,0.02199999988079071,827.525,1781.289,0.8560000061988831,756.689,1804.7,0.9990000128746033
1947,77.06,1432.942,0.6940000057220459,962.568,1747.821,0.49799999594688416,876.103,1747.458,0.11500000208616257,827.525,1781.07,0.6570000052452087,757.373,1804.81,1.0
1948,76.979,1432.975,0.7630000114440918,962.568,1747.57,0.5270000100135803,876.103,1747.458,0.07699999958276749,827.189,1781.289,0.8050000071525574,757.428,1805.017,1.0
1949,76.764,1432.998,0.6370000243186951,956.075,1747.57,0.49900001287460327,876.226,1756.014,0.09300000220537186,827.189,1781.289,0.9160000085830688,757.428,1805.271,1.0
1950,76.764,1433.033,0.8289999961853027,956.075,1747.821,0.34700000286102295,,,,827.189,1781.816,0.9559999704360962,757.428,1805.271,0.9990000128746033
1951,76.764,1433.033,0.7070000171661377,956.075,1740.637,0.2800000011920929,,,,827.223,1781.816,0.8550000190734863,756.71,1805.017,0.9990000128746033
1952,76.784,1432.975,0.699999988079071,956.243,1740.637,0.48899999260902405,923.532,1779.263,0.367000013589859,827.223,1781.816,0.8690000176429749,756.71,1804.918,0.9990000128746033
1953,76.821,1431.889,0.9190000295639038,963.241,1780.044,0.5979999899864197,924.365,1779.263,0.2199999988079071,827.29,1781.629,0.9039999842643738,756.691,1804.838,0.9990000128746033
1954,76.835,1431.776,0.9150000214576721,963.884,1780.044,0.21799999475479126,924.458,1780.026,0.0820000022649765,827.29,1781.629,0.6980000138282776,756.71,1804.393,0.9990000128746033
1955,77.183,1431.772,0.9629999995231628,963.884,1779.888,0.0820000022649765,924.624,1780.026,0.039000000804662704,835.087,1781.333,0.7789999842643738,756.715,1804.119,0.9990000128746033
1956,77.183,1431.693,0.972000002861023,963.884,1779.888,0.06400000303983688,924.624,1771.947,0.4339999854564667,835.117,1780.327,0.8399999737739563,756.847,1803.837,0.9990000128746033
1957,77.183,1431.582,0.9670000076293945,956.328,1740.269,0.054999999701976776,924.624,1756.58,0.22599999606609344,836.367,1780.821,0.5170000195503235,757.294,1803.733,0.9990000128746033
1958,77.183,1431.582,0.9629999995231628,956.013,1739.71,0.22499999403953552,916.667,1756.58,0.1379999965429306,836.367,1780.821,0.7879999876022339,757.301,1803.733,0.9990000128746033
1959,77.183,1431.582,0.9639999866485596,940.454,1739.433,0.3449999988079071,916.092,1747.778,0.17299999296665192,836.367,1780.821,0.9409999847412109,758.118,1803.733,0.9990000128746033
1960,77.939,1432.114,0.9129999876022339,940.454,1739.433,0.28700000047683716,916.092,1747.608,0.7329999804496765,835.117,1780.93,0.9559999704360962,758.118,1804.072,0.9990000128746033
1961,77.939,1432.468,0.968999981880188,940.454,1739.71,0.40400001406669617,916.092,1747.608,0.7490000128746033,834.834,1781.141,0.9810000061988831,758.118,1804.084,0.9990000128746033
1962,77.939,1432.468,0.9480000138282776,940.454,1740.26,0.5580000281333923,915.856,1747.608,0.5460000038146973,834.543,1781.154,0.9940000176429749,758.374,1804.184,1.0
1963,77.382,1432.468,0.8399999737739563,940.454,1740.314,0.3880000114440918,915.856,1747.608,0.07599999755620956,834.543,1781.141,0.9739999771118164,758.485,1804.184,0.9990000128746033
1964,77.382,1432.468,0.906000018119812,954.837,1747.564,0.4059999883174896,915.856,1763.723,0.3240000009536743,827.958,1780.93,0.9850000143051147,758.374,1804.184,0.9990000128746033
1965,77.382,1432.375,0.8009999990463257,962.845,1747.993,0.6140000224113464,915.856,1763.723,0.5490000247955322,827.545,1781.154,0.9869999885559082,758.682,1804.102,0.996999979019165
1966,77.711,1432.069,0.9580000042915344,963.547,1755.598,0.36399999260902405,916.077,1763.723,0.13500000536441803,827.397,1780.893,0.9919999837875366,758.805,1804.102,0.9990000128746033
1967,77.711,1432.001,0.9739999771118164,963.547,1755.598,0.48100000619888306,916.077,1747.485,0.05000000074505806,826.902,1780.893,0.9800000190734863,758.805,1804.022,0.9990000128746033
1968,77.711,1432.001,0.9639999866485596,963.547,1755.598,0.6779999732971191,916.232,1747.485,0.4779999852180481,826.704,1780.968,0.996999979019165,756.672,1804.022,0.996999979019165
1969,77.711,1432.001,0.9480000138282776,962.812,1748.24,0.3070000112056732,916.232,1747.252,0.07699999958276749,826.502,1780.968,0.9959999918937683,758.805,1803.555,0.9980000257492065
1970,77.464,1432.001,0.984000027179718,955.253,1740.513,0.3160000145435333,916.077,1747.484,0.057999998331069946,821.95,1780.052,0.9929999709129333,181.205,850.13,0.996999979019165
1971,77.464,1432.049,0.9909999966621399,947.438,1740.513,0.3019999861717224,915.614,1747.484,0.6489999890327454,820.722,1779.303,0.9829999804496765,181.205,850.13,0.9929999709129333
1972,77.519,1432.098,0.9919999837875366,908.569,1740.513,0.9620000123977661,916.079,1747.437,0.6869999766349792,820.722,1779.303,0.996999979019165,763.153,1803.555,0.9950000047683716
1973,77.723,1432.098,0.9900000095367432,908.453,1739.718,0.9409999847412109,861.23,1747.437,0.5989999771118164,819.652,1772.122,0.996999979019165,763.26,1803.725,0.9909999966621399
1974,77.782,1432.098,0.9480000138282776,908.453,1740.09,0.8980000019073486,861.196,1747.484,0.3149999976158142,819.652,1772.122,0.8320000171661377,763.26,1803.725,0.9919999837875366
1975,78.47,1432.169,0.9520000219345093,908.453,1740.198,0.9850000143051147,861.196,1747.437,0.12700000405311584,820.456,1779.415,0.6579999923706055,763.296,1803.725,0.9950000047683716
1976,78.66,1432.169,0.9729999899864197,909.001,1740.198,0.8700000047683716,907.498,1746.981,0.04899999871850014,820.456,1779.566,0.3619999885559082,763.296,1803.436,0.9950000047683716
1977,78.66,1432.609,0.9789999723434448,909.001,1740.198,0.8510000109672546,859.975,1756.013,0.19300000369548798,819.485,1779.663,0.8190000057220459,770.999,1797.802,0.9990000128746033
1978,78.66,1432.169,0.9909999966621399,909.001,1740.405,0.45100000500679016,907.498,1746.981,0.5979999899864197,820.456,1779.663,0.47600001096725464,770.999,1797.802,0.9980000257492065
1979,79.092,1432.365,0.9950000047683716,909.001,1740.405,0.6859999895095825,907.649,1746.981,0.057999998331069946,820.456,1780.405,0.6800000071525574,770.999,1797.732,0.9980000257492065
1980,79.581,1432.365,0.9909999966621399,908.552,1740.648,0.2669999897480011,907.805,1747.475,0.5139999985694885,820.763,1780.986,0.7670000195503235,770.612,1797.611,0.996999979019165
1981,79.837,1432.39,0.9789999723434448,908.549,1747.384,0.0560000017285347,924.029,1748.393,0.29899999499320984,827.256,1781.076,0.902999997138977,763.874,1797.27,0.9909999966621399
1982,80.376,1432.39,0.9819999933242798,908.549,1747.48,0.7519999742507935,932.138,1748.393,0.07800000160932541,827.312,1781.611,0.9470000267028809,763.874,1797.611,0.9940000176429749
1983,80.611,1432.824,0.9610000252723694,908.303,1756.217,0.3479999899864197,932.364,1748.817,0.4189999997615814,827.335,1781.636,0.9419999718666077,763.789,1797.248,0.9980000257492065
1984,80.845,1442.968,0.9810000061988831,899.692,1756.44,0.23399999737739563,932.364,1748.817,0.03799999877810478,827.335,1781.636,0.9459999799728394,763.874,1797.611,0.996999979019165
1985,80.845,1443.132,0.9919999837875366,898.826,1756.537,0.3919999897480011,932.465,1748.817,0.9409999847412109,827.381,1781.636,0.9800000190734863,763.933,1797.248,0.9959999918937683
1986,80.845,1443.252,0.9860000014305115,898.826,1756.537,0.9190000295639038,932.465,1747.954,0.7760000228881836,827.655,1781.076,0.9319999814033508,771.795,1796.987,0.9980000257492065
1987,80.589,1444.149,0.9940000176429749,899.692,1756.537,0.984000027179718,932.466,1747.954,0.8259999752044678,827.655,1780.749,0.9800000190734863,771.795,1796.949,0.9990000128746033
1988,78.037,1444.149,0.9959999918937683,915.59,1740.987,0.12700000405311584,939.507,1747.915,0.15800000727176666,828.207,1780.749,0.9890000224113464,772.024,1796.949,0.9990000128746033
1989,77.791,1444.149,0.9950000047683716,924.296,1731.218,0.28700000047683716,939.507,1747.88,0.2409999966621399,828.431,1780.972,0.996999979019165,772.4,1796.596,0.9990000128746033
1990,77.511,1443.525,0.9940000176429749,924.485,1731.218,0.39500001072883606,932.278,1747.832,0.29499998688697815,828.431,1780.972,0.9950000047683716,772.2,1796.949,0.9990000128746033
1991,77.262,1443.525,0.9909999966621399,924.779,1731.218,0.06199999898672104,932.278,1747.915,0.6060000061988831,828.207,1781.301,0.9829999804496765,772.024,1796.862,0.9990000128746033
1992,77.205,1443.525,0.9950000047683716,,,,932.264,1747.915,0.9589999914169312,828.207,1781.352,0.9869999885559082,772.2,1796.862,0.9990000128746033
1993,77.181,1443.558,0.9850000143051147,,,,932.264,1748.1,0.8330000042915344,828.408,1781.301,0.9819999933242798,772.2,1796.862,0.9990000128746033
1994,77.133,1443.558,0.9900000095367432,876.129,1740.402,0.03700000047683716,932.278,1756.014,0.4180000126361847,828.184,1781.301,0.9829999804496765,771.824,1796.862,1.0
1995,77.133,1443.558,0.9829999804496765,924.034,1740.402,0.019999999552965164,932.378,1756.014,0.6700000166893005,828.184,1780.679,0.9850000143051147,771.824,1794.996,0.9990000128746033
1996,77.133,1442.574,0.9700000286102295,924.106,1740.402,0.2630000114440918,939.591,1756.108,0.30300000309944153,827.784,1779.615,0.9010000228881836,180.062,851.0,0.9990000128746033
1997,79.997,1433.009,0.9319999814033508,924.243,1740.402,0.04600000008940697,939.799,1756.108,0.0729999989271164,827.784,1779.615,0.7829999923706055,180.062,850.979,0.9980000257492065
1998,80.119,1432.559,0.9649999737739563,924.638,1740.402,0.0860000029206276,,,,827.784,1779.615,0.8489999771118164,180.451,851.0,0.9980000257492065
1999,80.406,1432.559,0.9649999737739563,931.605,1756.217,0.25099998712539673,,,,827.924,1780.578,0.9279999732971191,779.253,1794.991,0.9980000257492065
2000,80.406,1432.559,0.9670000076293945,931.605,1763.944,0.6449999809265137,,,,834.704,1780.578,0.8790000081062317,778.932,1794.991,0.9950000047683716
2001,80.119,1433.519,0.8980000019073486,939.979,1763.944,0.17800000309944153,,,,835.5,1781.07,0.9810000061988831,779.018,1794.991,0.9959999918937683
2002,80.119,1433.541,0.8889999985694885,940.106,1763.944,0.4099999964237213,,,,835.674,1780.578,0.3529999852180481,779.253,1794.991,0.9990000128746033
2003,80.963,1443.326,0.9710000157356262,939.979,1739.886,0.21400000154972076,,,,835.684,1780.07,0.257999986410141,779.148,1794.991,0.9990000128746033
2004,80.963,1443.747,0.9739999771118164,939.863,1739.886,0.1469999998807907,899.874,1772.505,0.023000000044703484,835.684,1780.009,0.22699999809265137,779.148,1794.834,0.9980000257492065
2005,82.071,1444.059,0.8230000138282776,940.106,1739.886,0.12300000339746475,899.874,1796.021,0.48100000619888306,835.782,1779.872,0.2939999997615814,779.148,1794.806,0.9959999918937683
2006,82.071,1444.059,0.9409999847412109,939.863,1740.55,0.13300000131130219,899.996,1796.021,0.0860000029206276,835.684,1779.76,0.8209999799728394,779.148,1794.478,0.996999979019165
2007,82.071,1444.059,0.9620000123977661,939.857,1740.55,0.07400000095367432,907.833,1772.826,0.45100000500679016,835.684,1779.72,0.8600000143051147,778.994,1794.478,0.996999979019165
2008,81.446,1432.988,0.9580000042915344,932.097,1763.964,0.1550000011920929,907.833,1772.826,0.1899999976158142,827.873,1779.388,0.859000027179718,778.72,1794.171,0.9980000257492065
2009,81.446,1432.988,0.9330000281333923,932.097,1763.543,0.17900000512599945,899.825,1795.414,0.37400001287460327,827.873,1779.388,0.9229999780654907,778.211,1794.171,0.9990000128746033
2010,81.446,1432.988,0.8960000276565552,932.097,1756.86,0.1599999964237213,899.825,1787.629,0.18000000715255737,827.873,1779.72,0.9490000009536743,778.211,1794.171,0.9990000128746033
2011,82.037,1433.349,0.6690000295639038,940.477,1756.86,0.6549999713897705,899.825,1787.629,0.3630000054836273,834.622,1779.988,0.9710000157356262,778.211,1794.578,0.9980000257492065
2012,82.037,1433.349,0.7289999723434448,940.477,1756.86,0.5189999938011169,899.67,1787.629,0.3959999978542328,834.673,1779.988,0.984000027179718,779.133,1794.978,0.9980000257492065
2013,82.08,1433.349,0.8849999904632568,940.477,1756.702,0.6919999718666077,899.67,1772.488,0.26100000739097595,834.673,1779.988,0.9520000219345093,779.133,1795.052,0.9959999918937683
2014,82.08,1433.349,0.9430000185966492,940.192,1756.091,0.8399999737739563,899.987,1764.063,0.7369999885559082,834.622,1779.813,0.9570000171661377,779.133,1795.052,0.996999979019165
2015,82.037,1432.692,0.8939999938011169,939.908,1756.091,0.18299999833106995,899.987,1763.706,0.035999998450279236,828.456,1779.689,0.9580000042915344,774.32,1794.978,0.9980000257492065
2016,81.836,1432.692,0.9120000004768372,939.908,1756.091,0.0949999988079071,899.67,1763.677,0.12600000202655792,828.321,1779.518,0.984000027179718,773.72,1794.921,0.9980000257492065
2017,81.836,1443.899,0.9589999914169312,939.908,1756.096,0.26899999380111694,899.987,1763.677,0.13199999928474426,827.864,1779.518,0.33399999141693115,773.608,1789.48,0.9940000176429749
2018,81.378,1444.784,0.9549999833106995,939.908,1756.096,0.8109999895095825,899.987,1763.406,0.6919999718666077,827.864,1779.638,0.8790000081062317,772.568,1789.385,0.9980000257492065
2019,81.378,1444.784,0.9629999995231628,940.658,1756.096,0.052000001072883606,931.995,1756.32,0.6809999942779541,827.864,1779.638,0.8050000071525574,179.298,850.21,0.9950000047683716
2020,81.396,1444.784,0.9459999799728394,1075.94,1204.038,0.050999999046325684,931.995,1763.677,0.4399999976158142,827.878,1779.996,0.75,178.967,850.21,0.9950000047683716
2021,81.396,1444.164,0.8920000195503235,1075.942,1204.038,0.04100000113248825,932.6,1756.32,0.06499999761581421,827.878,1780.142,0.8429999947547913,178.967,850.938,0.9929999709129333
2022,81.455,1433.192,0.9350000023841858,1075.948,1204.038,0.03700000047683716,933.113,1756.32,0.10499999672174454,827.914,1780.142,0.7200000286102295,770.244,1788.345,0.9940000176429749
2023,81.455,1432.735,0.8519999980926514,,,,933.113,1756.192,0.28200000524520874,827.878,1780.189,0.906000018119812,770.244,1788.237,0.9980000257492065
2024,81.455,1432.735,0.9100000262260437,931.998,1764.464,0.24300000071525574,939.859,1756.192,0.6320000290870667,827.547,1780.34,0.9739999771118164,770.461,1788.345,0.9980000257492065
2025,81.455,1432.735,0.9409999847412109,,,,939.859,1756.099,0.08699999749660492,827.547,1780.34,0.8140000104904175,771.537,1788.416,0.9980000257492065
2026,81.455,1432.667,0.8980000019073486,915.617,1756.076,0.03099999949336052,939.801,1748.096,0.27399998903274536,827.547,1780.196,0.949999988079071,771.507,1788.416,0.9980000257492065
2027,81.466,1432.667,0.9139999747276306,915.617,1756.417,0.2370000034570694,939.801,1748.096,0.5870000123977661,827.329,1780.34,0.9940000176429749,771.537,1788.413,0.9980000257492065
2028,81.604,1432.847,0.9259999990463257,915.617,1756.924,0.8740000128746033,939.686,1756.099,0.027000000700354576,827.317,1780.401,0.9900000095367432,771.57,1788.413,0.9959999918937683
2029,81.604,1432.847,0.9399999976158142,910.139,1757.648,0.8629999756813049,908.057,1772.07,0.1509999930858612,827.317,1780.196,0.9580000042915344,772.188,1788.413,0.996999979019165
2030,81.861,1433.222,0.9100000262260437,910.027,1757.706,0.9509999752044678,908.057,1772.414,0.2029999941587448,827.306,1780.141,0.722000002861023,772.356,1788.413,0.996999979019165
2031,81.861,1443.87,0.9890000224113464,909.965,1757.648,0.9940000176429749,908.057,1772.414,0.11299999803304672,827.197,1780.389,0.5410000085830688,772.356,1788.731,0.9980000257492065
2032,81.934,1443.87,0.9819999933242798,909.965,1757.844,0.9850000143051147,908.152,1772.414,0.04500000178813934,827.197,1780.141,0.9729999899864197,772.58,1789.223,0.996999979019165
2033,81.934,1443.87,0.9890000224113464,909.702,1758.22,0.9390000104904175,939.423,1763.432,0.08500000089406967,827.189,1779.583,0.9670000076293945,772.364,1789.223,0.9980000257492065
2034,81.842,1443.87,0.9869999885559082,908.863,1763.946,0.47099998593330383,939.706,1756.974,0.4399999976158142,826.521,1779.395,0.9909999966621399,772.364,1789.223,0.9929999709129333
2035,81.842,1444.445,0.9750000238418579,900.522,1764.349,0.5879999995231628,946.512,1756.79,0.7739999890327454,826.386,1779.384,0.968999981880188,772.58,1788.794,0.996999979019165
2036,81.854,1444.713,0.9629999995231628,900.249,1764.78,0.8370000123977661,947.539,1756.669,0.8870000243186951,825.98,1778.907,0.9929999709129333,772.672,1788.397,0.9990000128746033
2037,81.854,1444.725,0.9539999961853027,900.134,1765.08,0.6159999966621399,947.627,1756.668,0.9760000109672546,825.98,1778.674,0.996999979019165,772.672,1788.211,0.9980000257492065
2038,81.854,1445.505,0.9240000247955322,900.134,1771.886,0.8149999976158142,947.836,1756.668,0.9229999780654907,825.98,1778.474,0.996999979019165,772.735,1788.166,0.9990000128746033
2039,81.854,1445.505,0.8999999761581421,900.134,1771.942,0.5370000004768372,948.603,1756.668,0.9739999771118164,826.254,1777.107,0.984000027179718,772.735,1788.075,0.9990000128746033
2040,82.14,1445.505,0.9869999885559082,932.607,1772.802,0.9459999799728394,948.603,1756.614,0.8820000290870667,826.696,1771.534,0.9440000057220459,772.982,1787.457,0.9980000257492065
2041,82.296,1445.091,0.9679999947547913,932.986,1772.841,0.9580000042915344,948.737,1756.552,0.9700000286102295,827.266,1771.477,0.843999981880188,773.147,1787.183,0.9990000128746033
2042,82.799,1444.689,0.9110000133514404,939.226,1772.841,0.9789999723434448,948.87,1756.409,0.7020000219345093,827.379,1771.333,0.7749999761581421,778.596,1780.548,0.996999979019165
2043,83.215,1444.689,0.8080000281333923,939.226,1773.526,0.9599999785423279,948.737,1756.409,0.8080000281333923,836.214,1770.957,0.9020000100135803,778.596,1779.009,0.996999979019165
2044,83.641,1444.689,0.39500001072883606,939.287,1772.841,0.9660000205039978,948.981,1756.351,0.7450000047683716,836.27,1770.899,0.7459999918937683,778.596,1778.857,0.9919999837875366
2045,83.771,1444.689,0.3449999988079071,939.58,1772.77,0.9919999837875366,948.981,1756.409,0.9290000200271606,836.437,1770.899,0.9229999780654907,181.518,851.638,0.9909999966621399
2046,83.829,1444.633,0.47200000286102295,939.287,1772.77,0.75,947.783,1756.409,0.9739999771118164,836.437,1770.899,0.890999972820282,181.518,851.638,0.9950000047683716
2047,83.829,1444.633,0.3400000035762787,932.599,1772.801,0.3089999854564667,876.494,1762.266,0.33500000834465027,836.437,1770.899,0.3630000054836273,181.518,851.638,0.9929999709129333
2048,83.641,1444.242,0.17499999701976776,932.374,1772.778,0.35899999737739563,939.792,1756.509,0.26600000262260437,837.154,1771.065,0.25,779.511,1778.456,0.9919999837875366
2049,83.215,1444.237,0.5429999828338623,932.374,1772.778,0.9340000152587891,939.792,1756.509,0.414000004529953,837.36,1771.284,0.6880000233650208,779.796,1778.559,0.9869999885559082
2050,82.314,1433.755,0.9020000100135803,932.374,1772.778,0.8560000061988831,939.828,1756.477,0.2709999978542328,842.831,1771.571,0.8980000019073486,779.947,1778.656,0.9959999918937683
2051,82.314,1433.755,0.8259999752044678,931.809,1772.368,0.2639999985694885,939.828,1756.509,0.04399999976158142,843.638,1771.893,0.04899999871850014,787.877,1779.206,0.9919999837875366
2052,82.314,1433.711,0.6890000104904175,940.423,1772.229,0.3959999978542328,939.928,1756.509,0.11900000274181366,,,,779.947,1779.206,0.9990000128746033
2053,82.342,1433.755,0.6679999828338623,940.446,1772.196,0.10100000351667404,,,,843.334,1771.383,0.2290000021457672,788.115,1779.206,0.9980000257492065
2054,82.342,1433.755,0.6930000185966492,940.423,1772.196,0.1679999977350235,883.689,1756.308,0.04800000041723251,843.334,1771.489,0.3319999873638153,789.252,1778.656,0.9980000257492065
2055,82.342,1444.175,0.8939999938011169,940.446,1772.196,0.1679999977350235,885.054,1771.8,0.9549999833106995,843.387,1771.514,0.8050000071525574,789.674,1778.345,0.9980000257492065
2056,82.119,1443.74,0.871999979019165,940.449,1772.196,0.08500000089406967,923.682,1772.159,0.9509999752044678,843.561,1771.514,0.9399999976158142,789.92,1778.278,0.9980000257492065
2057,82.119,1444.186,0.9800000190734863,,,,923.682,1772.245,0.22699999809265137,843.334,1771.561,0.6100000143051147,795.132,1778.278,0.9980000257492065
2058,82.119,1443.774,0.972000002861023,,,,,,,843.561,1771.561,0.5550000071525574,795.132,1778.053,0.9959999918937683
2059,82.421,1444.186,0.9480000138282776,931.978,1203.998,0.04100000113248825,875.754,1756.218,0.028999999165534973,843.581,1771.561,0.1120000034570694,795.132,1777.304,0.9959999918937683
2060,82.54,1444.186,0.902999997138977,940.129,1755.761,0.052000001072883606,892.175,1771.349,0.07699999958276749,843.586,1771.561,0.367000013589859,795.172,1777.304,0.9990000128746033
2061,82.7,1444.472,0.9819999933242798,940.219,1756.053,0.029999999329447746,892.175,1771.349,0.035999998450279236,843.915,1771.603,0.7689999938011169,795.372,1777.304,0.9990000128746033
2062,82.7,1445.112,0.8600000143051147,940.219,1756.115,0.12999999523162842,892.235,1771.349,0.6589999794960022,843.915,1771.603,0.8930000066757202,795.372,1779.748,0.9980000257492065
2063,82.7,1445.112,0.9269999861717224,940.219,1756.189,0.2240000069141388,892.235,1772.032,0.3630000054836273,851.397,1778.527,0.7929999828338623,795.372,1779.748,0.996999979019165
2064,82.727,1445.001,0.8790000081062317,940.219,1756.189,0.03200000151991844,,,,851.625,1780.075,0.020999999716877937,795.372,1779.748,0.9980000257492065
2065,82.727,1445.001,0.7879999876022339,940.219,1756.237,0.05299999937415123,,,,,,,180.064,845.327,0.9990000128746033
2066,82.753,1444.705,0.7059999704360962,1076.006,1763.596,0.03099999949336052,875.728,1764.059,0.04699999839067459,843.634,1771.624,0.0860000029206276,180.031,845.327,1.0
2067,82.857,1444.448,0.8460000157356262,,,,884.284,1772.052,0.3370000123977661,851.09,1771.624,0.7459999918937683,179.743,845.327,1.0
2068,82.857,1444.148,0.7540000081062317,939.793,1747.579,0.03799999877810478,884.404,1772.198,0.09700000286102295,851.639,1771.624,0.22100000083446503,179.743,848.726,0.9990000128746033
2069,82.966,1444.148,0.8090000152587891,,,,,,,851.909,1771.234,0.18000000715255737,179.743,848.831,0.9980000257492065
2070,83.002,1443.934,0.7689999938011169,900.408,1196.027,0.04600000008940697,,,,851.94,1771.234,0.10300000011920929,789.093,1779.187,0.9980000257492065
2071,83.276,1444.208,0.5809999704360962,1075.844,1196.027,0.03999999910593033,875.744,1763.909,0.03400000184774399,852.145,1771.234,0.11699999868869781,789.093,1779.187,0.9980000257492065
2072,83.276,1434.435,0.27399998903274536,1075.921,1196.036,0.10300000011920929,876.221,1763.923,0.11400000005960464,852.216,1771.267,0.052000001072883606,794.91,1779.187,0.9980000257492065
2073,83.276,1434.435,0.38199999928474426,1075.921,1196.027,0.07100000232458115,,,,859.651,1771.57,0.03400000184774399,794.861,1779.187,0.996999979019165
2074,83.276,1434.435,0.6100000143051147,1075.844,1196.036,0.08500000089406967,,,,859.723,1771.611,0.061000000685453415,789.093,1778.283,0.9950000047683716
2075,83.265,1434.417,0.2759999930858612,1075.844,1196.036,0.03700000047683716,,,,,,,794.861,1778.283,0.996999979019165
2076,83.265,1434.417,0.2150000035762787,939.941,1763.752,0.06499999761581421,,,,827.708,1763.028,0.04100000113248825,794.971,1778.4,0.9950000047683716
2077,83.318,1434.646,0.33500000834465027,939.889,1763.893,0.03099999949336052,,,,835.656,1763.527,0.06199999898672104,794.971,1778.583,0.996999979019165
2078,83.318,1443.992,0.8939999938011169,939.889,1771.904,0.46000000834465027,875.426,1764.725,0.7889999747276306,835.656,1763.527,0.4659999907016754,795.219,1778.475,0.996999979019165
2079,83.265,1444.17,0.7789999842643738,939.941,1771.965,0.3149999976158142,875.471,1764.743,0.8460000157356262,843.031,1763.527,0.26499998569488525,796.086,1778.475,0.9990000128746033
2080,83.18,1444.397,0.9200000166893005,,,,,,,843.307,1764.198,0.027000000700354576,801.85,1778.4,0.9990000128746033
2081,83.18,1444.443,0.6899999976158142,,,,,,,,,,803.001,1778.188,1.0
2082,83.18,1444.443,0.7459999918937683,,,,,,,827.679,1739.996,0.014999999664723873,803.271,1778.167,1.0
2083,83.18,1444.443,0.4740000069141388,,,,,,,827.845,1740.181,0.03999999910593033,804.352,1777.721,0.9990000128746033
2084,83.156,1434.261,0.4339999854564667,,,,884.397,1764.245,0.020999999716877937,835.495,1755.463,0.09700000286102295,804.385,1777.721,0.9980000257492065
2085,83.19,1434.202,0.4650000035762787,,,,,,,,,,804.476,1777.721,0.9990000128746033
2086,83.19,1434.14,0.45899999141693115,,,,,,,835.515,1748.271,0.0430000014603138,804.908,1778.172,0.9990000128746033
2087,83.595,1434.14,0.15800000727176666,1075.821,1204.019,0.03400000184774399,884.095,1771.668,0.039000000804662704,843.442,1764.147,0.0820000022649765,804.908,1778.26,0.9990000128746033
2088,83.677,1434.14,0.0820000022649765,1075.861,1204.032,0.03500000014901161,884.095,1771.944,0.6759999990463257,843.952,1771.162,0.8100000023841858,804.908,1778.3,0.9990000128746033
2089,83.677,1434.376,0.33899998664855957,,,,884.413,1771.966,0.25200000405311584,844.036,1771.265,0.6880000233650208,804.54,1780.218,0.9990000128746033
2090,83.677,1434.383,0.23199999332427979,1075.852,1203.949,0.023000000044703484,884.413,1771.966,0.03099999949336052,844.036,1771.265,0.17599999904632568,804.54,1781.839,0.9990000128746033
2091,83.73,1434.896,0.26499998569488525,1075.883,1203.949,0.028999999165534973,884.055,1772.534,0.30799999833106995,844.036,1771.162,0.2669999897480011,804.54,1782.3,0.9990000128746033
2092,83.73,1434.896,0.1459999978542328,1075.883,1203.964,0.054999999701976776,884.055,1779.693,0.2930000126361847,844.036,1771.162,0.8270000219345093,804.769,1782.3,0.9990000128746033
2093,83.953,1444.426,0.3160000145435333,1075.883,1203.964,0.04399999976158142,884.413,1780.047,0.020999999716877937,844.066,1771.265,0.6240000128746033,805.508,1782.3,0.9990000128746033
2094,83.953,1444.82,0.40700000524520874,1075.901,1203.949,0.05299999937415123,884.276,1780.013,0.04100000113248825,851.204,1778.435,0.8460000157356262,805.541,1782.196,0.9990000128746033
2095,83.953,1444.82,0.47999998927116394,1075.955,1196.025,0.052000001072883606,884.44,1780.195,0.07599999755620956,851.454,1778.787,0.968999981880188,805.873,1782.177,0.9990000128746033
2096,83.951,1444.722,0.6769999861717224,1075.882,1196.063,0.03999999910593033,884.494,1780.195,0.37700000405311584,851.454,1778.787,0.8970000147819519,805.873,1782.177,0.9990000128746033
2097,83.923,1444.82,0.49000000953674316,1075.882,1196.063,0.0560000017285347,884.494,1780.177,0.9010000228881836,851.204,1778.787,0.9789999723434448,806.636,1782.071,0.9990000128746033
2098,83.699,1444.722,0.4869999885559082,1075.897,1196.063,0.08299999684095383,884.494,1780.177,0.42500001192092896,844.024,1771.586,0.828000009059906,808.035,1782.071,0.9990000128746033
2099,83.699,1444.538,0.5180000066757202,1075.897,1196.063,0.10400000214576721,884.555,1787.716,0.029999999329447746,844.024,1771.586,0.7139999866485596,811.269,1782.071,0.9959999918937683
2100,83.582,1444.474,0.7829999923706055,1075.897,1196.063,0.039000000804662704,,,,844.024,1771.586,0.23899999260902405,811.269,1782.071,0.9919999837875366
2101,83.225,1444.474,0.5370000004768372,1075.964,1196.021,0.04399999976158142,,,,850.809,1771.679,0.16699999570846558,811.269,1781.998,0.9959999918937683
2102,83.091,1444.474,0.8479999899864197,1075.966,1196.02,0.03999999910593033,,,,851.228,1771.836,0.3779999911785126,811.154,1781.648,0.996999979019165
2103,82.187,1444.849,0.9190000295639038,1075.978,1196.016,0.04100000113248825,,,,923.179,1779.732,0.5379999876022339,811.045,1781.518,0.996999979019165
2104,82.187,1445.198,0.9409999847412109,1075.985,1196.016,0.054999999701976776,,,,932.703,1779.732,0.41999998688697815,811.015,1781.518,0.996999979019165
2105,82.187,1445.198,0.9729999899864197,1076.002,1196.013,0.04899999871850014,,,,932.703,1779.732,0.31299999356269836,810.926,1781.367,0.996999979019165
2106,82.355,1445.198,0.9369999766349792,1076.003,1196.011,0.03500000014901161,892.049,1748.048,0.0820000022649765,931.918,1779.231,0.8980000019073486,810.836,1780.699,0.9959999918937683
2107,82.624,1434.013,0.8529999852180481,1076.009,1196.011,0.02500000037252903,900.127,1748.562,0.014000000432133675,923.333,1779.231,0.7720000147819519,805.586,1780.699,0.9990000128746033
2108,82.645,1434.013,0.8059999942779541,1076.03,1196.011,0.01899999938905239,900.167,1756.211,0.023000000044703484,923.333,1779.231,0.8820000290870667,805.489,1781.447,0.9959999918937683
2109,82.841,1434.013,0.6140000224113464,,,,,,,859.492,1779.231,0.2590000033378601,805.489,1780.336,0.996999979019165
2110,82.945,1434.171,0.4950000047683716,,,,,,,859.338,1779.231,0.2639999985694885,805.586,1780.336,0.9980000257492065
2111,83.437,1434.456,0.32499998807907104,,,,899.841,1756.189,0.3659999966621399,859.338,1779.824,0.6819999814033508,805.586,1780.733,0.9940000176429749
2112,83.756,1434.723,0.27300000190734863,,,,907.848,1756.344,0.4269999861717224,859.466,1779.824,0.8960000276565552,805.489,1780.675,0.9929999709129333
2113,84.0,1444.579,0.4410000145435333,,,,908.216,1764.083,0.05400000140070915,859.466,1778.747,0.9449999928474426,805.36,1780.675,1.0
2114,84.0,1449.829,0.6269999742507935,,,,916.438,1772.01,0.04899999871850014,859.489,1778.747,0.9819999933242798,804.909,1780.733,0.9990000128746033
2115,84.074,1450.138,0.6449999809265137,,,,,,,859.489,1779.741,0.8510000109672546,804.035,1781.832,0.9990000128746033
2116,84.074,1450.138,0.8180000185966492,,,,907.839,1756.209,0.14100000262260437,916.19,1778.315,0.9229999780654907,803.396,1781.911,1.0
2117,84.131,1449.829,0.36399999260902405,924.116,1195.994,0.02500000037252903,916.576,1764.229,0.6100000143051147,916.698,1778.315,0.9129999876022339,803.396,1781.911,0.9990000128746033
2118,90.772,1444.312,0.2240000069141388,1075.967,1739.716,0.020999999716877937,,,,916.612,1778.855,0.6430000066757202,803.396,1781.832,0.9990000128746033
2119,90.778,1444.253,0.15399999916553497,,,,,,,916.19,1779.4,0.7310000061988831,803.682,1781.159,0.9990000128746033
2120,90.778,1444.253,0.2680000066757202,1075.916,1188.189,0.017999999225139618,,,,916.19,1779.4,0.8050000071525574,805.155,1780.765,0.9980000257492065
2121,90.778,1444.253,0.4189999997615814,1075.968,1196.003,0.017999999225139618,,,,859.475,1779.555,0.8309999704360962,805.155,1780.76,0.9980000257492065
2122,90.778,1444.254,0.46399998664855957,1075.972,1196.009,0.028999999165534973,,,,859.474,1779.611,0.7089999914169312,805.155,1780.749,0.9950000047683716
2123,90.541,1444.34,0.41999998688697815,,,,899.794,1756.539,0.023000000044703484,859.109,1779.611,0.9750000238418579,178.155,849.702,0.9980000257492065
2124,90.45,1444.341,0.3619999885559082,,,,899.876,1756.539,0.027000000700354576,859.079,1779.621,0.9399999976158142,177.608,849.419,0.9990000128746033
2125,90.45,1450.248,0.4620000123977661,1076.009,1196.014,0.017000000923871994,899.967,1764.28,0.11599999666213989,858.753,1779.621,0.9980000257492065,177.608,849.212,0.9980000257492065
2126,90.541,1450.559,0.4399999976158142,,,,899.967,1764.28,0.07699999958276749,858.753,1778.795,0.9879999756813049,177.608,849.212,0.9990000128746033
2127,90.541,1450.559,0.6209999918937683,1075.928,1188.204,0.024000000208616257,899.951,1756.539,0.15199999511241913,858.753,1778.795,0.996999979019165,178.136,849.212,0.9980000257492065
2128,90.45,1450.248,0.328000009059906,1075.977,1195.984,0.027000000700354576,899.967,1756.497,0.10000000149011612,858.862,1778.795,0.9990000128746033,178.574,849.212,0.9980000257492065
2129,89.901,1449.847,0.15800000727176666,1075.977,1195.984,0.029999999329447746,899.973,1756.497,0.08299999684095383,859.092,1778.795,0.9990000128746033,178.717,849.282,0.9990000128746033
2130,83.714,1445.495,0.7080000042915344,1075.928,1188.235,0.02199999988079071,899.99,1756.497,0.21299999952316284,859.359,1778.861,0.9850000143051147,178.842,849.354,0.9990000128746033
2131,83.708,1444.581,0.8759999871253967,1075.928,1188.235,0.04600000008940697,899.99,1756.497,0.054999999701976776,859.496,1778.955,0.9810000061988831,180.039,851.312,0.9980000257492065
2132,83.708,1445.458,0.9039999842643738,1076.002,1195.984,0.02500000037252903,,,,859.666,1778.861,0.7110000252723694,811.677,1781.412,0.9980000257492065
2133,83.371,1445.458,0.7710000276565552,1076.005,1196.014,0.017999999225139618,,,,866.851,1779.688,0.9380000233650208,811.869,1781.412,0.9980000257492065
2134,83.373,1445.037,0.8259999752044678,,,,891.958,1756.045,0.04800000041723251,866.851,1780.009,0.9879999756813049,811.696,1781.347,0.9980000257492065
2135,83.708,1445.037,0.7829999923706055,1075.89,1188.139,0.020999999716877937,,,,866.851,1779.688,0.996999979019165,811.696,1781.347,0.9959999918937683
2136,83.58,1445.458,0.8610000014305115,1075.894,1188.192,0.03200000151991844,,,,866.851,1779.412,0.984000027179718,811.753,1781.283,0.9909999966621399
2137,83.58,1449.451,0.8289999961853027,,,,,,,867.215,1779.412,0.9900000095367432,811.696,1781.133,0.9879999756813049
2138,83.994,1449.451,0.8080000281333923,,,,900.11,1756.203,0.013000000268220901,866.469,1779.378,0.9599999785423279,811.407,1779.28,0.9900000095367432
2139,89.523,1450.306,0.6919999718666077,,,,900.347,1764.461,0.03500000014901161,867.321,1778.913,0.906000018119812,179.937,850.809,0.9950000047683716
2140,89.847,1450.306,0.5830000042915344,1075.954,1188.248,0.035999998450279236,900.474,1764.461,0.054999999701976776,867.37,1777.84,0.9789999723434448,179.004,850.144,0.9980000257492065
2141,90.638,1450.661,0.13199999928474426,,,,900.474,1764.219,0.032999999821186066,867.853,1777.84,0.9340000152587891,179.004,850.144,0.9980000257492065
2142,90.902,1451.296,0.13699999451637268,,,,900.474,1764.219,0.029999999329447746,868.166,1777.84,0.9869999885559082,179.004,850.144,0.996999979019165
2143,90.902,1451.322,0.33000001311302185,,,,900.433,1764.082,0.06199999898672104,869.09,1778.185,0.9929999709129333,178.956,849.717,0.9990000128746033
2144,90.638,1451.296,0.4690000116825104,,,,900.433,1755.985,0.05400000140070915,869.09,1778.476,0.9959999918937683,179.179,848.488,0.996999979019165
2145,90.488,1451.322,0.39899998903274536,,,,900.433,1755.985,0.16699999570846558,869.159,1778.619,0.9929999709129333,179.179,848.381,0.9990000128746033
2146,90.435,1451.427,0.5339999794960022,,,,900.423,1755.985,0.06400000303983688,869.945,1779.346,0.8870000243186951,179.179,845.052,0.9990000128746033
2147,90.34,1451.427,0.2460000067949295,,,,900.423,1764.382,0.06199999898672104,869.159,1780.084,0.6349999904632568,179.179,848.381,0.9990000128746033
2148,90.435,1451.454,0.3959999978542328,,,,900.353,1780.326,0.01600000075995922,868.204,1780.263,0.5920000076293945,179.839,848.488,0.9980000257492065
2149,90.488,1451.454,0.3799999952316284,,,,900.423,1787.608,0.04600000008940697,868.204,1780.263,0.953000009059906,180.858,848.869,0.9990000128746033
2150,91.317,1451.468,0.10499999672174454,,,,900.423,1787.608,0.039000000804662704,867.283,1780.084,0.9340000152587891,818.275,1781.213,0.996999979019165
2151,91.527,1460.053,0.2709999978542328,,,,900.447,1787.608,0.06400000303983688,867.274,1779.961,0.9380000233650208,818.275,1781.213,0.9990000128746033
2152,91.564,1460.053,0.11500000208616257,,,,900.568,1780.268,0.07000000029802322,860.129,1779.957,0.9710000157356262,179.921,848.869,0.9990000128746033
2153,91.712,1460.043,0.1340000033378601,1075.746,1188.123,0.035999998450279236,900.568,1780.267,0.039000000804662704,860.003,1779.3,0.9490000009536743,179.921,848.592,0.9990000128746033
2154,100.196,1460.043,0.0729999989271164,1075.905,1188.125,0.03500000014901161,900.568,1780.222,0.07699999958276749,859.604,1778.547,0.9900000095367432,179.378,848.554,0.9990000128746033
2155,100.244,1460.027,0.041999999433755875,1075.905,1188.16,0.0949999988079071,900.568,1780.267,0.06199999898672104,859.604,1778.547,0.9879999756813049,179.378,848.53,0.9990000128746033
2156,100.35,1459.996,0.0430000014603138,1075.887,1188.16,0.0729999989271164,900.568,1780.267,0.02199999988079071,859.463,1778.547,0.9890000224113464,179.378,845.78,0.9990000128746033
2157,1068.206,1132.486,0.06199999898672104,1075.887,1188.16,0.0860000029206276,,,,859.463,1778.573,0.7900000214576721,179.571,845.299,0.9990000128746033
2158,1068.208,1132.486,0.09099999815225601,1075.887,1188.204,0.11400000005960464,,,,859.623,1778.776,0.8849999904632568,180.781,845.299,0.9990000128746033
2159,1068.208,1132.486,0.09700000286102295,1075.887,1188.204,0.08699999749660492,,,,866.286,1778.776,0.33799999952316284,180.912,845.78,0.9940000176429749
2160,1068.206,1132.54,0.1420000046491623,1075.888,1188.204,0.18000000715255737,,,,866.149,1778.573,0.593999981880188,804.598,1779.681,0.9980000257492065
2161,1068.154,1132.541,0.20800000429153442,1075.895,1188.174,0.06800000369548798,900.298,1772.025,0.02800000086426735,866.149,1778.283,0.9509999752044678,804.7,1779.974,0.9879999756813049
2162,1068.127,1132.549,0.21899999678134918,1075.903,1188.137,0.03999999910593033,907.971,1772.41,0.032999999821186066,859.623,1777.906,0.9679999947547913,810.793,1779.974,0.9959999918937683
2163,91.032,1460.011,0.27000001072883606,1075.903,1188.137,0.04100000113248825,,,,866.149,1777.906,0.9779999852180481,810.793,1779.851,0.9819999933242798
2164,91.032,1460.042,0.21899999678134918,1075.903,1188.137,0.028999999165534973,,,,866.149,1778.283,0.9909999966621399,804.7,1779.851,0.9890000224113464
2165,91.032,1460.042,0.46799999475479126,1075.903,1188.149,0.04500000178813934,900.466,1779.945,0.029999999329447746,867.672,1778.508,0.9929999709129333,179.695,849.465,0.9929999709129333
2166,91.206,1460.459,0.2759999930858612,1075.904,1188.149,0.08500000089406967,900.514,1780.031,0.20999999344348907,868.425,1778.94,0.9549999833106995,179.656,845.769,0.9890000224113464
2167,91.343,1460.042,0.2549999952316284,1075.891,1188.149,0.03999999910593033,900.514,1780.031,0.09799999743700027,868.425,1778.94,0.902999997138977,179.656,845.732,0.996999979019165
2168,91.484,1460.034,0.24500000476837158,1075.871,1188.151,0.03999999910593033,900.963,1780.24,0.1120000034570694,868.501,1778.94,0.9520000219345093,179.102,845.28,0.9990000128746033
2169,91.516,1460.034,0.2879999876022339,1075.891,1188.162,0.04600000008940697,907.264,1787.451,0.017999999225139618,874.144,1779.081,0.9980000257492065,179.102,845.28,0.9950000047683716
2170,91.568,1476.17,0.2280000001192093,1075.891,1188.165,0.0689999982714653,,,,868.501,1778.785,0.9449999928474426,179.283,845.28,0.9980000257492065
2171,91.516,1476.17,0.17800000309944153,1075.891,1188.196,0.03799999877810478,,,,868.501,1778.785,0.414000004529953,179.689,845.28,0.9980000257492065
2172,91.521,1476.264,0.20600000023841858,1075.896,1188.196,0.05400000140070915,907.889,1771.79,0.017000000923871994,875.105,1779.857,0.9430000185966492,811.677,1779.703,0.9909999966621399
2173,91.521,1476.264,0.6809999942779541,1075.901,1188.196,0.05000000074505806,,,,875.151,1780.015,0.5009999871253967,811.819,1780.274,0.9929999709129333
2174,91.568,1476.264,0.33399999141693115,1075.975,1188.229,0.017999999225139618,,,,875.206,1780.015,0.6349999904632568,812.447,1780.274,0.9950000047683716
2175,91.521,1476.241,0.3310000002384186,,,,,,,875.622,1780.759,0.41100001335144043,812.447,1780.274,0.9940000176429749
2176,91.6,1460.089,0.11699999868869781,1075.888,1180.121,0.03500000014901161,,,,875.622,1780.759,0.3240000009536743,812.447,1780.046,0.9980000257492065
2177,91.6,1459.932,0.29499998688697815,1075.888,1180.183,0.08399999886751175,,,,875.622,1779.874,0.2329999953508377,812.684,1780.046,0.9980000257492065
2178,91.504,1459.932,0.18700000643730164,1075.888,1188.023,0.1469999998807907,,,,868.054,1779.611,0.46399998664855957,819.781,1780.046,0.9929999709129333
2179,91.447,1459.932,0.38600000739097595,1075.851,1188.023,0.14800000190734863,,,,868.054,1779.611,0.17000000178813934,819.721,1780.25,0.996999979019165
2180,91.385,1459.99,0.33399999141693115,1075.792,1188.023,0.12200000137090683,884.226,1763.637,0.01600000075995922,868.054,1779.606,0.10899999737739563,819.781,1780.638,0.9980000257492065
2181,83.98,1451.212,0.4519999921321869,1075.758,1188.023,0.125,884.242,1771.721,0.09799999743700027,868.199,1779.391,0.7089999914169312,819.781,1780.638,0.9980000257492065
2182,91.385,1451.212,0.31700000166893005,1075.758,1188.023,0.20600000023841858,891.785,1771.857,0.07199999690055847,868.245,1779.354,0.5419999957084656,819.721,1780.638,0.996999979019165
2183,91.385,1444.657,0.30300000309944153,1075.758,1188.023,0.1809999942779541,891.733,1771.721,0.03200000151991844,868.288,1771.856,0.09399999678134918,812.658,1780.29,0.9940000176429749
2184,1068.149,1132.534,0.41100001335144043,1075.728,1187.957,0.12800000607967377,891.733,1771.857,0.03799999877810478,923.201,1771.856,0.32100000977516174,812.658,1780.243,0.996999979019165
2185,1068.157,1132.508,0.36800000071525574,1075.728,1187.772,0.18000000715255737,891.733,1772.001,0.8539999723434448,923.379,1771.625,0.9470000267028809,812.658,1779.758,0.996999979019165
2186,1068.157,1132.508,0.33399999141693115,1075.834,1180.363,0.30799999833106995,891.754,1779.77,0.10999999940395355,923.527,1771.856,0.828000009059906,812.767,1780.027,0.996999979019165
2187,1068.149,1132.534,0.2849999964237213,1075.827,1187.772,0.31299999356269836,891.754,1779.87,0.10000000149011612,923.756,1771.477,0.2980000078678131,817.752,1780.027,0.9990000128746033
2188,91.711,1620.112,0.19599999487400055,1075.841,1187.772,0.0989999994635582,,,,923.527,1771.872,0.14399999380111694,820.488,1779.727,0.9990000128746033
2189,91.532,1620.112,0.4740000069141388,1075.841,1188.167,0.0820000022649765,891.873,1763.971,0.014999999664723873,923.527,1771.872,0.4959999918937683,821.231,1780.027,0.9990000128746033
2190,91.532,1620.112,0.296999990940094,1075.827,1188.19,0.0949999988079071,891.873,1779.822,0.05000000074505806,868.58,1779.183,0.34299999475479126,821.341,1780.109,1.0
2191,91.633,1620.065,0.6050000190734863,1075.827,1188.19,0.10999999940395355,891.873,1779.868,0.14800000190734863,868.242,1779.616,0.5379999876022339,821.341,1780.494,1.0
2192,91.711,1620.057,0.2329999953508377,1075.804,1188.19,0.12200000137090683,891.822,1779.896,0.039000000804662704,868.242,1779.616,0.09399999678134918,821.428,1780.494,0.9990000128746033
2193,91.97,1476.25,0.09099999815225601,1075.804,1188.178,0.08500000089406967,891.822,1779.896,0.04399999976158142,868.379,1779.183,0.04500000178813934,821.428,1780.494,1.0
2194,91.97,1476.142,0.14399999380111694,1075.848,1188.143,0.12600000202655792,891.822,1779.913,0.027000000700354576,868.379,1780.037,0.2029999941587448,820.738,1779.845,1.0
2195,91.97,1476.142,0.13500000536441803,1075.848,1180.106,0.06400000303983688,,,,875.477,1771.935,0.14499999582767487,820.738,1778.72,0.9990000128746033
2196,91.884,1476.142,0.17399999499320984,1075.848,1180.106,0.11100000143051147,891.74,1772.096,0.029999999329447746,875.477,1771.935,0.4659999907016754,820.738,1778.244,0.9990000128746033
2197,91.856,1476.138,0.25699999928474426,1075.872,1180.106,0.13600000739097595,891.804,1780.004,0.017000000923871994,875.608,1771.935,0.7110000252723694,820.652,1777.481,1.0
2198,91.642,1476.142,0.12300000339746475,1075.849,1188.166,0.10300000011920929,900.465,1780.312,0.09799999743700027,884.585,1779.728,0.04699999839067459,180.184,848.352,0.9990000128746033
2199,91.619,1476.218,0.2709999978542328,1075.872,1188.185,0.10599999874830246,,,,891.801,1771.935,0.03799999877810478,180.184,848.084,0.9980000257492065
2200,91.619,1620.217,0.24500000476837158,1075.872,1188.217,0.09700000286102295,884.136,1779.767,0.024000000208616257,891.801,1771.752,0.057999998331069946,180.184,848.084,0.9990000128746033
2201,91.642,1620.217,0.6600000262260437,1075.849,1188.254,0.05400000140070915,884.145,1779.809,0.2409999966621399,891.801,1771.56,0.04500000178813934,180.333,848.352,0.9980000257492065
2202,91.642,1620.217,0.11800000071525574,1075.849,1188.254,0.09600000083446503,884.145,1779.809,0.796999990940094,870.186,1771.627,0.44999998807907104,180.333,848.084,0.9990000128746033
2203,91.429,1620.217,0.17599999904632568,1075.88,1188.217,0.05000000074505806,884.136,1779.767,0.32600000500679016,869.066,1771.56,0.37700000405311584,180.333,848.236,0.9990000128746033
2204,91.43,1620.217,0.4519999921321869,1075.965,1188.183,0.028999999165534973,884.136,1772.105,0.04100000113248825,869.066,1771.627,0.1509999930858612,179.622,849.432,0.9990000128746033
2205,91.429,1620.291,0.31299999356269836,1076.016,1180.018,0.026000000536441803,875.811,1772.066,0.2329999953508377,868.248,1771.627,0.25600001215934753,179.622,848.815,0.9990000128746033
2206,91.429,1620.291,0.26899999380111694,1076.016,1180.018,0.024000000208616257,875.775,1772.021,0.06199999898672104,868.248,1771.731,0.1899999976158142,179.622,848.815,0.9990000128746033
2207,91.429,1620.292,0.6259999871253967,1076.016,1180.018,0.01600000075995922,875.811,1772.021,0.06700000166893005,868.5,1771.731,0.07100000232458115,179.638,848.959,0.9990000128746033
2208,91.025,1620.343,0.11800000071525574,1075.982,1180.018,0.02199999988079071,884.17,1772.066,0.22100000083446503,875.428,1771.867,0.22699999809265137,180.274,849.376,0.9990000128746033
2209,90.991,1620.344,0.7839999794960022,1076.042,1180.011,0.03700000047683716,884.415,1779.939,0.11500000208616257,875.428,1771.867,0.20600000023841858,180.274,848.959,0.9990000128746033
2210,90.906,1620.344,0.6740000247955322,1075.982,1180.011,0.08900000154972076,884.436,1780.04,0.03200000151991844,923.68,1787.173,0.28600001335144043,180.274,848.959,0.9980000257492065
2211,90.906,1620.369,0.5770000219345093,1075.982,1180.011,0.035999998450279236,884.436,1780.15,0.38100001215934753,923.68,1787.173,0.4690000116825104,180.514,848.462,0.9990000128746033
2212,90.904,1620.369,0.5569999814033508,1075.982,1180.011,0.052000001072883606,884.436,1780.209,0.12800000607967377,923.68,1787.173,0.20800000429153442,180.603,848.462,0.9980000257492065
2213,90.906,1620.383,0.44699999690055847,1076.022,1180.011,0.03200000151991844,884.731,1787.894,0.15800000727176666,923.68,1787.173,0.1770000010728836,180.603,848.462,0.996999979019165
2214,91.027,1620.431,0.6430000066757202,1076.022,1180.005,0.04500000178813934,,,,923.68,1787.202,0.032999999821186066,818.611,1772.113,0.9990000128746033
2215,91.249,1626.459,0.39800000190734863,1076.051,1180.0,0.02800000086426735,,,,,,,818.75,1772.439,0.9980000257492065
2216,91.279,1626.776,0.3569999933242798,1076.051,1180.0,0.0430000014603138,,,,923.476,1780.16,0.0860000029206276,819.21,1772.652,0.9990000128746033
2217,91.279,1626.776,0.5339999794960022,1076.051,1180.0,0.035999998450279236,,,,,,,820.04,1772.439,0.9980000257492065
2218,91.279,1626.459,0.40700000524520874,1075.998,1188.216,0.06300000101327896,,,,916.237,1779.278,0.061000000685453415,820.04,1772.339,0.9990000128746033
2219,91.279,1620.421,0.5109999775886536,1075.99,1188.232,0.07100000232458115,,,,,,,820.202,1772.339,0.9990000128746033
2220,91.457,1620.252,0.4699999988079071,1075.989,1188.232,0.06400000303983688,,,,859.586,1748.3,0.02500000037252903,820.355,1771.882,0.9990000128746033
2221,91.568,1620.252,0.44699999690055847,1075.989,1188.232,0.08399999886751175,891.595,1740.113,0.041999999433755875,916.203,1779.338,0.028999999165534973,820.432,1771.806,0.9990000128746033
2222,91.568,1484.127,0.2409999966621399,1075.989,1188.211,0.06700000166893005,891.611,1740.155,0.13899999856948853,923.459,1779.472,0.20000000298023224,820.432,1771.725,0.9990000128746033
2223,91.554,1484.127,0.3149999976158142,1075.989,1188.211,0.13699999451637268,891.725,1772.014,0.032999999821186066,923.564,1779.685,0.21699999272823334,820.432,1771.702,0.9990000128746033
2224,91.554,1484.175,0.5540000200271606,1075.989,1188.211,0.027000000700354576,,,,923.574,1780.185,0.2240000069141388,820.505,1771.699,1.0
2225,91.554,1484.23,0.3400000035762787,,,,,,,923.592,1787.276,0.2549999952316284,820.432,1771.404,0.9990000128746033
2226,91.554,1484.23,0.3490000069141388,1075.772,1188.235,0.05299999937415123,,,,,,,820.278,1771.169,0.9990000128746033
2227,91.768,1484.23,0.3529999852180481,1075.772,1188.273,0.12700000405311584,,,,891.989,1779.511,0.03200000151991844,819.63,1771.023,0.9990000128746033
2228,91.778,1620.217,0.44699999690055847,1075.817,1188.335,0.11500000208616257,,,,900.305,1779.639,0.01899999938905239,819.63,1771.169,0.9990000128746033
2229,92.017,1620.217,0.17900000512599945,1075.817,1188.335,0.1469999998807907,,,,907.597,1779.835,0.2329999953508377,819.63,1771.023,1.0
2230,92.017,1620.217,0.3569999933242798,1075.817,1188.335,0.14399999380111694,,,,907.597,1779.639,0.7950000166893005,819.96,1771.169,1.0
2231,92.137,1620.222,0.4020000100135803,1075.903,1188.299,0.08299999684095383,,,,915.165,1779.511,0.3790000081062317,819.63,1771.194,1.0
2232,92.169,1620.229,0.289000004529953,1075.903,1188.256,0.05400000140070915,,,,915.581,1771.587,0.09399999678134918,819.96,1771.267,1.0
2233,92.137,1620.455,0.14300000667572021,1075.958,1188.245,0.06700000166893005,,,,916.004,1771.532,0.38999998569488525,820.337,1771.417,1.0
2234,92.357,1626.988,0.43700000643730164,1075.903,1188.219,0.07599999755620956,908.158,1747.924,0.041999999433755875,916.004,1771.51,0.593999981880188,820.964,1771.724,1.0
2235,92.357,1626.988,0.6019999980926514,1075.903,1188.219,0.032999999821186066,,,,915.639,1771.452,0.49900001287460327,821.101,1772.039,1.0
2236,92.087,1626.531,0.4909999966621399,1075.932,1188.211,0.0729999989271164,,,,915.639,1771.349,0.4830000102519989,821.158,1772.039,1.0
2237,91.881,1626.531,0.8009999990463257,1075.932,1188.149,0.05000000074505806,916.038,1756.058,0.02199999988079071,907.079,1771.349,0.6669999957084656,821.624,1772.039,1.0
2238,92.087,1626.988,0.8140000104904175,1075.932,1188.178,0.032999999821186066,916.478,1764.235,0.11400000005960464,899.99,1764.643,0.7329999804496765,826.819,1772.146,0.9990000128746033
2239,92.087,1627.153,0.5460000038146973,1075.932,1188.178,0.03500000014901161,,,,899.686,1763.609,0.2070000022649765,826.819,1771.899,0.9980000257492065
2240,92.165,1627.728,0.2529999911785126,1075.915,1188.178,0.03500000014901161,,,,899.686,1763.462,0.4399999976158142,827.046,1771.899,0.9990000128746033
2241,92.204,1627.728,0.16599999368190765,1075.899,1188.194,0.05900000035762787,908.255,1739.577,0.10000000149011612,899.686,1762.33,0.41200000047683716,827.075,1772.146,0.9990000128746033
2242,92.204,1627.728,0.20000000298023224,1075.899,1188.194,0.04399999976158142,916.116,1739.812,0.017999999225139618,900.948,1762.33,0.7020000219345093,827.43,1772.553,0.9980000257492065
2243,92.204,1627.728,0.1289999932050705,1075.915,1188.194,0.05400000140070915,916.546,1748.167,0.04399999976158142,901.754,1762.33,0.6639999747276306,827.955,1772.673,0.9980000257492065
2244,92.284,1627.146,0.13300000131130219,1075.934,1188.194,0.028999999165534973,,,,906.772,1762.165,0.7770000100135803,827.955,1772.673,0.9980000257492065
2245,92.495,1627.146,0.18000000715255737,1075.934,1188.199,0.03799999877810478,916.567,1747.796,0.020999999716877937,906.772,1756.445,0.8960000276565552,827.955,1772.673,0.9980000257492065
2246,92.495,1627.732,0.5899999737739563,1075.934,1188.185,0.05000000074505806,923.799,1747.879,0.1080000028014183,906.882,1762.165,0.921999990940094,827.803,1772.543,0.9980000257492065
2247,92.495,1627.732,0.5419999957084656,1075.931,1188.203,0.039000000804662704,923.813,1755.92,0.020999999716877937,906.882,1756.445,0.8149999976158142,827.083,1772.499,0.9990000128746033
2248,92.315,1627.146,0.7170000076293945,1075.906,1188.203,0.03200000151991844,,,,906.882,1756.445,0.9160000085830688,827.051,1772.499,0.9980000257492065
2249,92.387,1626.018,0.8930000066757202,1075.906,1188.185,0.041999999433755875,916.153,1747.575,0.19099999964237213,906.309,1762.581,0.8960000276565552,826.947,1772.317,0.9990000128746033
2250,92.387,1626.018,0.8299999833106995,1075.86,1188.185,0.02500000037252903,916.428,1747.621,0.09700000286102295,906.23,1762.581,0.8569999933242798,822.414,1771.799,1.0
2251,92.387,1626.018,0.7490000128746033,1075.86,1188.171,0.02800000086426735,916.439,1747.667,0.2770000100135803,906.23,1762.615,0.9869999885559082,179.0,846.229,0.9980000257492065
2252,92.438,1626.2,0.7139999866485596,1075.879,1180.071,0.08299999684095383,916.428,1747.621,0.032999999821186066,906.309,1762.615,0.9679999947547913,178.939,846.229,0.9990000128746033
2253,92.522,1626.2,0.718999981880188,1076.017,1180.019,0.032999999821186066,916.428,1747.575,0.017000000923871994,906.446,1762.421,0.7910000085830688,178.783,846.229,1.0
2254,92.555,1626.2,0.8410000205039978,1075.894,1180.071,0.04100000113248825,916.428,1747.621,0.05999999865889549,906.446,1762.421,0.734000027179718,178.783,846.803,1.0
2255,1068.25,1132.494,0.22499999403953552,1076.017,1180.019,0.02800000086426735,916.439,1747.859,0.04100000113248825,906.446,1763.109,0.9020000100135803,179.0,846.803,1.0
2256,1068.25,1132.494,0.22100000083446503,1075.911,1180.071,0.039000000804662704,916.603,1748.003,0.03099999949336052,900.415,1763.109,0.609000027179718,180.4,846.803,1.0
2257,1068.257,1132.487,0.1899999976158142,1075.911,1188.183,0.017000000923871994,923.812,1748.004,0.04699999839067459,900.415,1763.109,0.5479999780654907,181.635,846.049,1.0
2258,1068.263,1132.494,0.1850000023841858,1075.894,1188.183,0.03799999877810478,923.812,1748.004,0.19200000166893005,900.415,1763.173,0.7900000214576721,188.125,846.049,0.996999979019165
2259,1068.267,1132.494,0.25099998712539673,1075.891,1188.163,0.041999999433755875,923.927,1748.038,0.14300000667572021,899.748,1764.064,0.8199999928474426,188.125,845.355,0.9980000257492065
2260,1068.267,1132.507,0.2849999964237213,1075.885,1188.163,0.0430000014603138,923.927,1748.038,0.23800000548362732,899.032,1764.064,0.8220000267028809,188.125,845.355,0.9980000257492065
2261,1068.267,1132.507,0.2540000081062317,1075.876,1188.135,0.050999999046325684,923.927,1748.05,0.23100000619888306,900.178,1763.416,0.8009999990463257,182.137,845.471,1.0
2262,92.443,1626.468,0.3109999895095825,1075.876,1188.135,0.028999999165534973,916.61,1748.039,0.2160000056028366,891.519,1764.064,0.652999997138977,182.061,845.471,1.0
2263,91.907,1626.468,0.703000009059906,1075.876,1188.163,0.02199999988079071,916.61,1748.039,0.035999998450279236,891.519,1764.698,0.7620000243186951,182.061,845.355,1.0
2264,91.741,1626.468,0.5649999976158142,,,,916.61,1748.039,0.04100000113248825,891.694,1771.127,0.847000002861023,182.137,845.471,1.0
2265,91.741,1626.468,0.8180000185966492,1075.887,1188.079,0.01899999938905239,924.15,1748.05,0.07000000029802322,891.776,1771.208,0.7860000133514404,188.222,845.322,0.9980000257492065
2266,91.741,1626.745,0.6639999747276306,,,,,,,891.694,1771.293,0.5690000057220459,188.222,844.322,0.9990000128746033
2267,91.816,1626.774,0.46299999952316284,1075.853,1188.126,0.020999999716877937,923.948,1748.077,0.029999999329447746,891.776,1771.293,0.6169999837875366,188.271,844.322,0.9990000128746033
2268,92.077,1627.073,0.34200000762939453,,,,923.963,1748.077,0.08100000023841858,891.776,1771.293,0.5289999842643738,828.031,1773.089,0.9980000257492065
2269,92.077,1627.073,0.25,,,,923.963,1748.081,0.14900000393390656,900.365,1770.938,0.4490000009536743,188.222,844.151,0.9990000128746033
2270,92.077,1627.073,0.164000004529953,,,,923.948,1748.231,0.035999998450279236,900.365,1770.623,0.4560000002384186,188.367,845.108,0.9990000128746033
2271,91.626,1620.704,0.7319999933242798,1075.88,1188.15,0.023000000044703484,195.772,1907.708,0.30300000309944153,900.365,1770.623,0.6349999904632568,188.367,845.108,0.9980000257492065
2272,91.626,1620.461,0.6769999861717224,1075.896,1188.167,0.02199999988079071,188.327,1907.708,0.6259999871253967,900.365,1770.623,0.7979999780654907,188.367,844.939,0.9980000257492065
2273,91.551,1620.36,0.7860000133514404,1075.896,1188.171,0.020999999716877937,188.223,1907.708,0.6259999871253967,899.924,1770.938,0.671999990940094,188.355,844.838,0.9990000128746033
2274,91.412,1620.36,0.8450000286102295,1075.924,1188.198,0.04500000178813934,188.327,1907.708,0.7400000095367432,892.198,1771.243,0.8180000185966492,188.367,844.939,0.996999979019165
2275,91.486,1620.461,0.7620000243186951,1075.88,1188.198,0.04699999839067459,188.223,1907.708,0.4399999976158142,891.684,1771.254,0.9399999976158142,188.355,844.939,0.9950000047683716
2276,91.486,1621.016,0.5609999895095825,1075.924,1188.198,0.02800000086426735,188.327,1907.855,0.671999990940094,891.637,1771.254,0.902999997138977,188.355,845.074,0.9950000047683716
2277,91.486,1621.016,0.7229999899864197,1075.924,1188.198,0.028999999165534973,188.083,1907.855,0.32199999690055847,891.458,1771.254,0.9010000228881836,181.958,845.305,0.9990000128746033
2278,91.656,1626.087,0.7860000133514404,1076.074,1188.198,0.019999999552965164,188.033,1907.893,0.11299999803304672,891.458,1771.12,0.9340000152587891,181.612,845.305,0.9990000128746033
2279,91.746,1621.016,0.44600000977516174,,,,188.033,1907.893,0.16699999570846558,891.458,1770.892,0.7699999809265137,180.678,845.074,0.9990000128746033
2280,92.135,1620.463,0.4950000047683716,,,,196.028,1908.131,0.019999999552965164,891.407,1770.892,0.03500000014901161,180.64,844.921,0.9980000257492065
2281,1068.176,1132.529,0.23499999940395355,,,,,,,891.284,1771.096,0.1889999955892563,180.625,844.502,0.9980000257492065
2282,1068.212,1132.497,0.3179999887943268,1075.817,1172.056,0.026000000536441803,,,,883.972,1770.908,0.15199999511241913,180.625,844.502,0.9980000257492065
2283,1068.212,1132.497,0.19699999690055847,1076.018,1180.017,0.024000000208616257,196.237,1755.806,0.05299999937415123,883.972,1771.096,0.5389999747276306,180.678,844.502,0.9990000128746033
2284,1068.212,1132.529,0.11699999868869781,1076.025,1180.023,0.023000000044703484,923.62,1755.914,0.12099999934434891,883.972,1771.096,0.6850000023841858,180.625,845.161,0.9990000128746033
2285,99.985,1476.168,0.1899999976158142,1076.047,1180.029,0.02500000037252903,923.638,1900.338,0.13699999451637268,884.076,1771.048,0.3440000116825104,180.625,845.161,0.9980000257492065
2286,92.332,1483.979,0.2750000059604645,1076.047,1180.036,0.02500000037252903,,,,884.076,1771.048,0.1860000044107437,181.113,845.161,0.9990000128746033
2287,92.246,1627.022,0.49900001287460327,1076.047,1180.04,0.029999999329447746,,,,884.076,1771.324,0.23000000417232513,180.801,845.067,0.9990000128746033
2288,92.246,1483.979,0.4390000104904175,1076.047,1180.042,0.02199999988079071,,,,884.076,1771.324,0.15800000727176666,180.801,845.033,0.9990000128746033
2289,92.246,1483.979,0.3199999928474426,1076.05,1180.048,0.024000000208616257,916.212,1748.584,0.026000000536441803,891.465,1771.886,0.3889999985694885,180.801,844.944,0.9990000128746033
2290,1068.271,1132.516,0.1120000034570694,,,,916.424,1748.586,0.15800000727176666,883.739,1771.886,0.43299999833106995,180.801,844.944,0.9990000128746033
2291,1068.271,1132.516,0.08500000089406967,1076.014,1180.021,0.020999999716877937,916.539,1755.502,0.06300000101327896,891.385,1771.886,0.746999979019165,180.596,844.944,0.9990000128746033
2292,1068.294,1132.516,0.11699999868869781,1076.014,1180.021,0.032999999821186066,916.573,1755.531,0.10300000011920929,891.458,1771.886,0.765999972820282,180.596,845.22,1.0
2293,1068.271,1132.516,0.15299999713897705,1076.017,1180.021,0.06300000101327896,916.573,1755.531,0.0989999994635582,891.458,1771.7,0.7260000109672546,180.569,845.22,0.9990000128746033
2294,1068.252,1132.509,0.21699999272823334,1076.017,1180.01,0.08799999952316284,923.909,1755.737,0.054999999701976776,891.419,1771.644,0.9309999942779541,180.569,845.418,0.9990000128746033
2295,1068.24,1132.517,0.3700000047683716,1076.017,1180.01,0.06700000166893005,924.098,1755.759,0.09799999743700027,891.419,1771.644,0.9350000023841858,180.569,845.557,0.9990000128746033
2296,1068.24,1132.509,0.35499998927116394,1076.024,1180.01,0.0560000017285347,,,,891.445,1771.644,0.9070000052452087,180.084,845.557,0.9990000128746033
2297,1068.226,1132.5,0.26499998569488525,1076.03,1180.036,0.02500000037252903,923.743,1755.672,0.04100000113248825,891.445,1771.644,0.9399999976158142,180.084,845.252,0.9990000128746033
2298,1068.22,1132.492,0.14300000667572021,1076.034,1180.045,0.03099999949336052,924.124,1755.727,0.026000000536441803,891.419,1771.573,0.7329999804496765,180.048,845.315,1.0
2299,1068.219,1132.492,0.14399999380111694,1076.034,1180.046,0.02199999988079071,,,,891.31,1771.39,0.5860000252723694,180.048,845.252,0.9990000128746033
2300,1068.175,1132.487,0.29600000381469727,1076.034,1180.047,0.032999999821186066,908.318,1739.694,0.024000000208616257,883.773,1771.111,0.7940000295639038,180.095,844.758,1.0
2301,1068.175,1132.487,0.210999995470047,1076.034,1180.047,0.14300000667572021,923.803,1755.658,0.03099999949336052,883.288,1771.001,0.9190000295639038,180.095,844.658,0.9990000128746033
2302,1068.168,1132.505,0.27900001406669617,1075.994,1180.048,0.057999998331069946,,,,882.814,1770.984,0.906000018119812,179.879,844.658,0.9990000128746033
2303,1068.152,1132.505,0.3070000112056732,1075.994,1180.05,0.04600000008940697,,,,882.391,1770.984,0.9369999766349792,179.251,844.658,0.9990000128746033
2304,1068.168,1132.454,0.39399999380111694,1075.995,1180.047,0.06499999761581421,916.346,1748.39,0.029999999329447746,882.391,1770.994,0.9589999914169312,179.251,845.069,0.9990000128746033
2305,1068.18,1132.434,0.3370000123977661,1076.02,1180.044,0.03500000014901161,,,,882.391,1771.001,0.9509999752044678,179.251,845.069,0.9990000128746033
2306,1068.185,1132.434,0.6200000047683716,1076.02,1180.041,0.06599999964237213,,,,883.786,1770.994,0.9350000023841858,179.99,845.069,0.9990000128746033
2307,1068.185,1132.434,0.4449999928474426,1076.021,1180.041,0.04399999976158142,,,,883.786,1771.089,0.7260000109672546,180.581,844.791,0.9980000257492065
2308,1068.185,1132.464,0.3799999952316284,1076.026,1180.041,0.03099999949336052,,,,884.711,1771.089,0.8399999737739563,181.56,844.727,0.9990000128746033
2309,1068.185,1132.495,0.34599998593330383,1076.026,1180.043,0.032999999821186066,,,,883.786,1771.089,0.6639999747276306,181.626,844.727,0.9980000257492065
2310,1068.185,1132.496,0.4569999873638153,1076.026,1180.043,0.020999999716877937,,,,883.75,1771.089,0.31299999356269836,187.533,844.727,0.9990000128746033
2311,1068.205,1132.495,0.27799999713897705,1076.012,1180.043,0.06300000101327896,,,,883.75,1771.235,0.4699999988079071,187.533,844.727,0.9990000128746033
2312,1068.215,1132.505,0.23999999463558197,1076.012,1180.035,0.09099999815225601,,,,883.679,1771.412,0.6420000195503235,826.725,1781.471,1.0
2313,1068.215,1132.495,0.16699999570846558,1076.008,1180.002,0.026000000536441803,,,,883.364,1771.276,0.2800000011920929,826.725,1782.222,0.9990000128746033
2314,1068.227,1132.494,0.16599999368190765,1076.008,1179.994,0.03500000014901161,,,,883.364,1771.276,0.9020000100135803,826.61,1781.943,1.0
2315,1068.231,1132.482,0.20600000023841858,1075.983,1179.994,0.061000000685453415,916.103,1755.912,0.027000000700354576,883.364,1771.276,0.9120000004768372,826.365,1781.943,1.0
2316,1068.231,1132.482,0.23399999737739563,1075.983,1179.994,0.02199999988079071,923.806,1755.95,0.04399999976158142,876.009,1771.13,0.9959999918937683,826.429,1781.943,1.0
2317,1068.211,1132.482,0.1860000044107437,1075.983,1179.994,0.02199999988079071,,,,876.009,1771.13,0.9539999961853027,826.365,1781.134,1.0
2318,1068.231,1132.464,0.23899999260902405,,,,,,,875.822,1771.13,0.8059999942779541,826.244,1779.907,0.9990000128746033
2319,1068.231,1132.414,0.7710000276565552,,,,,,,875.666,1771.348,0.06800000369548798,182.33,844.475,0.9990000128746033
2320,1068.176,1132.398,0.34700000286102295,1076.003,1180.05,0.03700000047683716,,,,875.666,1771.348,0.2409999966621399,182.33,844.475,0.9990000128746033
2321,1068.223,1132.398,0.33399999141693115,1076.02,1180.059,0.023000000044703484,,,,875.497,1771.442,0.20600000023841858,182.33,844.475,0.9990000128746033
2322,1068.223,1132.398,0.13500000536441803,,,,,,,875.497,1771.442,0.6489999890327454,182.391,844.596,0.9990000128746033
2323,1068.221,1132.398,0.14800000190734863,,,,,,,875.686,1771.442,0.5839999914169312,182.391,844.699,1.0
2324,1068.197,1132.399,0.25999999046325684,,,,,,,875.698,1771.442,0.07900000363588333,822.496,1778.034,1.0
2325,1068.197,1132.486,0.17399999499320984,,,,,,,883.837,1771.487,0.4519999921321869,822.496,1778.034,0.9990000128746033
2326,100.297,1483.703,0.257999986410141,1075.867,1188.177,0.0430000014603138,,,,883.837,1771.519,0.21199999749660492,822.496,1778.034,0.9980000257492065
2327,100.24,1492.325,0.23899999260902405,,,,,,,883.848,1771.519,0.22200000286102295,821.384,1778.076,0.9980000257492065
2328,100.24,1492.325,0.1599999964237213,,,,,,,883.848,1771.519,0.7129999995231628,826.334,1778.352,0.9990000128746033
2329,100.24,1492.325,0.3190000057220459,,,,,,,883.848,1771.654,0.10999999940395355,821.836,1779.014,0.9990000128746033
2330,100.258,1492.325,0.11500000208616257,,,,,,,891.342,1771.967,0.2150000035762787,821.836,1779.3,0.996999979019165
2331,100.258,1627.838,0.09399999678134918,,,,,,,891.342,1779.76,0.17399999499320984,821.836,1779.3,0.9990000128746033
2332,971.857,1627.838,0.13300000131130219,,,,,,,164.114,1907.397,0.32899999618530273,822.239,1779.518,0.9990000128746033
2333,971.894,1627.838,0.08399999886751175,,,,,,,147.764,1907.397,0.45500001311302185,821.836,1779.3,0.9990000128746033
2334,1068.25,1132.428,0.06199999898672104,,,,195.963,1907.997,0.026000000536441803,147.764,1907.789,0.1979999989271164,822.239,1779.774,1.0
2335,1068.25,1132.426,0.10499999672174454,,,,195.963,1908.059,0.04399999976158142,147.764,1908.131,0.12800000607967377,822.239,1779.774,0.9990000128746033
2336,1068.26,1132.377,0.10400000214576721,,,,196.015,1908.059,0.02199999988079071,147.991,1908.131,0.06800000369548798,826.335,1781.214,0.9990000128746033
2337,1068.28,1132.377,0.08900000154972076,,,,196.015,1908.286,0.04100000113248825,147.991,1908.176,0.16099999845027924,826.335,1781.214,0.9990000128746033
2338,1068.284,1132.377,0.08100000023841858,,,,,,,148.305,1908.176,0.5839999914169312,826.335,1781.214,1.0
2339,1068.28,1132.474,0.0689999982714653,,,,,,,148.371,1915.981,0.1550000011920929,181.686,845.187,0.9990000128746033
2340,1068.281,1132.474,0.06300000101327896,,,,203.914,1900.046,0.09099999815225601,155.99,1915.981,0.09700000286102295,181.311,845.187,0.9990000128746033
2341,1068.28,1132.474,0.10300000011920929,,,,203.915,1908.051,0.09000000357627869,155.99,1916.007,0.23800000548362732,181.181,845.174,0.9990000128746033
2342,1068.281,1132.474,0.09399999678134918,,,,203.916,1908.068,0.05299999937415123,155.99,1916.007,0.2290000021457672,181.181,845.187,0.9990000128746033
2343,1068.276,1132.458,0.0860000029206276,,,,203.925,1908.111,0.028999999165534973,155.99,1916.007,0.10000000149011612,180.706,845.174,0.9990000128746033
2344,1068.281,1132.458,0.10700000077486038,,,,203.916,1908.111,0.29600000381469727,155.934,1916.017,0.23899999260902405,180.411,844.812,0.9990000128746033
2345,1068.291,1132.458,0.2199999988079071,,,,203.915,1908.111,0.21899999678134918,155.922,1916.017,0.04800000041723251,180.175,844.737,0.9980000257492065
2346,1068.312,1132.469,0.3240000009536743,,,,203.869,1908.111,0.041999999433755875,155.934,1908.52,0.09000000357627869,180.175,844.737,0.9990000128746033
2347,1068.312,1132.469,0.36399999260902405,,,,203.806,1908.078,0.1340000033378601,219.93,1908.028,0.13099999725818634,180.175,844.737,0.9980000257492065
2348,1068.323,1132.469,0.13199999928474426,156.085,1899.876,0.035999998450279236,196.382,1907.964,0.22699999809265137,875.674,1771.664,0.06800000369548798,180.907,844.812,0.9990000128746033
2349,1068.335,1132.485,0.12099999934434891,,,,196.276,1907.964,0.11900000274181366,884.225,1771.637,0.032999999821186066,826.41,1778.576,0.9990000128746033
2350,1068.335,1132.495,0.11999999731779099,,,,195.975,1908.078,0.492000013589859,884.384,1771.52,0.06700000166893005,826.41,1778.576,0.9990000128746033
2351,1068.323,1132.485,0.0689999982714653,,,,195.597,1908.235,0.5830000042915344,884.398,1771.467,0.11999999731779099,826.422,1778.999,0.9980000257492065
2352,1068.305,1132.47,0.1120000034570694,,,,188.225,1908.235,0.40299999713897705,884.629,1771.368,0.36399999260902405,826.41,1778.576,0.9990000128746033
2353,1068.243,1132.47,0.210999995470047,,,,188.186,1908.235,0.492000013589859,884.629,1771.368,0.41499999165534973,180.946,848.771,0.9990000128746033
2354,1068.243,1132.386,0.2919999957084656,,,,188.186,1908.111,0.28999999165534973,884.629,1771.332,0.5210000276565552,180.946,848.771,0.9990000128746033
2355,1068.23,1132.353,0.3199999928474426,,,,188.186,1907.915,0.3619999885559082,883.826,1771.368,0.13300000131130219,181.597,844.632,0.9959999918937683
2356,1068.229,1132.353,0.2809999883174896,,,,188.186,1907.915,0.41600000858306885,883.435,1771.38,0.34599998593330383,181.597,844.632,0.9980000257492065
2357,1068.188,1132.353,0.24899999797344208,,,,188.186,1907.915,0.4169999957084656,235.832,1908.035,0.12800000607967377,821.048,1778.481,0.9980000257492065
2358,1068.188,1132.349,0.2809999883174896,,,,188.09,1907.798,0.5989999771118164,235.801,1908.035,0.05900000035762787,821.048,1778.481,0.9950000047683716
2359,1068.172,1132.335,0.2029999941587448,1075.908,1147.943,0.017000000923871994,188.09,1907.915,0.4099999964237213,228.283,1908.247,0.05000000074505806,821.163,1778.139,0.9950000047683716
2360,1068.155,1132.335,0.1889999955892563,1075.908,1147.943,0.03500000014901161,188.142,1907.798,0.5329999923706055,228.13,1915.894,0.12099999934434891,821.206,1778.481,0.9919999837875366
2361,1068.155,1132.335,0.17000000178813934,1075.941,1147.977,0.019999999552965164,188.09,1907.798,0.4580000042915344,227.936,1916.062,0.1679999977350235,826.79,1779.398,0.9900000095367432
2362,1068.155,1132.362,0.15299999713897705,,,,187.919,1907.783,0.597000002861023,220.142,1916.062,0.12200000137090683,827.04,1778.744,0.9909999966621399
2363,1068.147,1132.362,0.17399999499320984,,,,180.361,1907.783,0.5830000042915344,220.077,1916.062,0.17100000381469727,827.04,1778.744,0.9959999918937683
2364,1068.14,1132.362,0.14399999380111694,,,,180.361,1907.783,0.4560000002384186,220.077,1908.142,0.1420000046491623,827.229,1778.744,0.9980000257492065
2365,1068.147,1132.362,0.13300000131130219,,,,180.361,1908.26,0.5199999809265137,220.077,1899.893,0.2160000056028366,827.229,1777.821,1.0
2366,1068.164,1132.362,0.12399999797344208,,,,195.855,1908.445,0.23600000143051147,219.92,1899.893,0.1940000057220459,827.229,1777.821,0.9990000128746033
2367,1068.2,1132.382,0.06400000303983688,,,,195.855,1908.546,0.5040000081062317,236.19,1908.142,0.3790000081062317,827.336,1777.821,0.9990000128746033
2368,1068.216,1132.389,0.07699999958276749,,,,195.855,1908.546,0.4259999990463257,236.19,1915.819,0.06499999761581421,827.439,1778.822,0.9990000128746033
2369,1068.243,1132.39,0.08900000154972076,,,,195.976,1908.546,0.8489999771118164,236.19,1915.972,0.14100000262260437,827.713,1778.822,0.9990000128746033
2370,1068.248,1132.396,0.13300000131130219,187.992,1899.97,0.029999999329447746,195.976,1900.119,0.4230000078678131,236.19,1915.972,0.28200000524520874,827.713,1778.822,0.9980000257492065
2371,1068.248,1132.434,0.17900000512599945,,,,188.156,1900.119,0.2980000078678131,236.245,1915.972,0.4359999895095825,827.713,1778.812,0.9940000176429749
2372,1068.248,1132.434,0.20000000298023224,,,,195.976,1900.093,0.4860000014305115,236.245,1915.972,0.1459999978542328,187.966,843.93,0.9959999918937683
2373,1068.206,1132.416,0.3240000009536743,,,,196.05,1900.119,0.6589999794960022,244.068,1915.989,0.1420000046491623,187.906,843.929,0.9919999837875366
2374,1068.173,1132.416,0.26899999380111694,,,,196.05,1907.768,0.42800000309944153,244.068,1916.009,0.20900000631809235,181.656,843.929,0.9990000128746033
2375,1068.173,1132.388,0.17499999701976776,,,,196.022,1907.866,0.5360000133514404,243.982,1916.039,0.0689999982714653,181.656,843.929,0.9990000128746033
2376,1068.173,1132.388,0.4090000092983246,,,,196.022,1907.956,0.5239999890327454,236.196,1916.04,0.13300000131130219,181.565,843.96,0.9980000257492065
2377,1068.175,1132.375,0.3440000116825104,,,,195.831,1908.093,0.4350000023841858,236.244,1916.136,0.10300000011920929,181.278,844.008,0.9980000257492065
2378,1068.225,1132.388,0.19300000369548798,,,,195.831,1908.364,0.3889999985694885,236.232,1916.136,0.06599999964237213,181.278,844.126,0.9980000257492065
2379,1068.225,1132.388,0.23100000619888306,,,,196.022,1908.364,0.48100000619888306,236.232,1916.168,0.13300000131130219,181.278,844.008,0.9980000257492065
2380,1068.225,1132.389,0.17499999701976776,,,,195.984,1908.365,0.5460000038146973,236.244,1916.179,0.12999999523162842,181.278,844.008,0.9990000128746033
2381,1068.216,1132.399,0.12700000405311584,,,,195.984,1908.521,0.37299999594688416,236.244,1916.179,0.11599999666213989,181.386,844.008,0.9990000128746033
2382,1068.216,1132.416,0.09799999743700027,,,,195.984,1908.568,0.39800000190734863,236.232,1916.11,0.16300000250339508,181.386,843.958,0.9990000128746033
2383,1068.211,1132.416,0.16899999976158142,,,,195.952,1908.521,0.382999986410141,236.157,1916.179,0.12800000607967377,181.386,843.958,0.9990000128746033
2384,1068.211,1132.421,0.2460000067949295,1075.963,1163.976,0.014000000432133675,195.952,1908.521,0.2849999964237213,236.008,1916.098,0.11900000274181366,827.782,1773.458,0.9980000257492065
2385,1068.211,1132.421,0.18199999630451202,,,,188.302,1908.217,0.16699999570846558,156.008,1908.35,0.11500000208616257,827.898,1773.35,0.9990000128746033
2386,1068.198,1132.421,0.18199999630451202,,,,188.302,1908.217,0.28700000047683716,227.899,1915.98,0.07100000232458115,827.996,1773.35,0.9990000128746033
2387,1068.198,1132.422,0.11999999731779099,,,,195.622,1908.217,0.6069999933242798,227.899,1915.98,0.06499999761581421,827.996,1773.35,0.9990000128746033
2388,1068.192,1132.422,0.10700000077486038,,,,195.775,1908.217,0.6119999885559082,156.008,1908.179,0.07699999958276749,827.898,1773.212,0.9980000257492065
2389,1068.192,1132.424,0.08699999749660492,,,,195.775,1908.217,0.4830000102519989,148.196,1908.062,0.11400000005960464,180.104,843.811,0.9980000257492065
2390,1068.199,1132.424,0.07100000232458115,,,,195.986,1908.355,0.12200000137090683,148.196,1908.179,0.17499999701976776,179.734,843.752,0.9990000128746033
2391,1068.202,1132.434,0.03999999910593033,,,,196.088,1908.383,0.34200000762939453,148.196,1908.179,0.06499999761581421,179.734,843.752,0.9990000128746033
2392,1068.199,1132.434,0.0689999982714653,,,,196.088,1908.365,0.35199999809265137,148.302,1908.264,0.04899999871850014,179.818,843.752,0.9990000128746033
2393,1068.248,1132.462,0.05000000074505806,,,,196.088,1908.471,0.5090000033378601,148.302,1908.264,0.1589999943971634,180.074,844.087,1.0
2394,1068.248,1132.489,0.03999999910593033,,,,195.813,1908.471,0.49900001287460327,148.353,1908.264,0.26899999380111694,180.074,844.087,1.0
2395,1068.248,1132.501,0.1289999932050705,,,,195.742,1908.365,0.4320000112056732,148.353,1907.946,0.17900000512599945,180.706,844.087,1.0
2396,1068.248,1132.501,0.0949999988079071,,,,195.742,1908.244,0.23899999260902405,212.184,1907.934,0.02800000086426735,180.732,844.04,0.9990000128746033
2397,1068.261,1132.501,0.12099999934434891,,,,195.806,1908.052,0.2029999941587448,212.184,1907.934,0.08900000154972076,181.011,844.04,1.0
2398,1068.264,1132.501,0.09799999743700027,,,,187.978,1908.052,0.04899999871850014,212.184,1907.946,0.061000000685453415,181.011,844.04,1.0
2399,1068.261,1132.519,0.0989999994635582,,,,188.032,1908.21,0.05999999865889549,164.01,1908.18,0.06499999761581421,181.701,844.06,0.9990000128746033
2400,1068.261,1132.519,0.05299999937415123,,,,195.806,1908.21,0.06800000369548798,164.01,1908.18,0.12300000339746475,827.476,1772.957,0.9990000128746033
2401,1068.232,1132.519,0.06499999761581421,,,,195.806,1908.027,0.17399999499320984,164.01,1908.18,0.04600000008940697,827.476,1772.957,0.9990000128746033
2402,1068.207,1132.439,0.16300000250339508,,,,195.858,1908.21,0.11599999666213989,164.01,1907.967,0.07500000298023224,827.476,1772.957,0.9980000257492065
2403,1068.207,1132.4,0.12800000607967377,,,,195.864,1908.215,0.30300000309944153,219.775,1907.967,0.09399999678134918,180.177,844.321,0.9990000128746033
2404,1068.207,1132.399,0.08699999749660492,,,,196.193,1908.167,0.20000000298023224,219.775,1907.967,0.050999999046325684,179.661,844.031,0.9990000128746033
2405,1068.223,1132.376,0.12600000202655792,,,,203.81,1908.215,0.1420000046491623,172.042,1908.017,0.07500000298023224,179.661,843.925,0.9990000128746033
2406,1068.242,1132.372,0.19099999964237213,,,,203.799,1908.254,0.07199999690055847,148.4,1908.343,0.12099999934434891,179.891,843.925,1.0
2407,1068.242,1132.372,0.07900000363588333,,,,203.799,1908.215,0.0949999988079071,156.061,1908.343,0.15399999916553497,179.891,843.925,0.9990000128746033
2408,1068.242,1132.372,0.16300000250339508,,,,203.799,1908.167,0.05900000035762787,156.061,1908.343,0.12200000137090683,179.977,844.232,0.9990000128746033
2409,1068.242,1132.457,0.22599999606609344,,,,203.799,1908.091,0.03700000047683716,156.061,1907.938,0.06199999898672104,179.977,844.232,1.0
2410,1068.218,1132.457,0.2160000056028366,,,,203.799,1908.091,0.017000000923871994,156.061,1900.079,0.11400000005960464,180.314,844.232,1.0
2411,1068.218,1132.457,0.0989999994635582,,,,203.847,1908.091,0.05299999937415123,156.061,1900.079,0.09799999743700027,180.318,844.232,1.0
2412,1068.258,1132.403,0.1889999955892563,,,,,,,148.402,1900.079,0.30799999833106995,180.314,844.267,1.0
2413,1068.258,1132.389,0.20200000703334808,,,,,,,148.402,1908.224,0.0820000022649765,180.314,844.366,1.0
2414,1068.258,1132.349,0.19599999487400055,,,,196.15,1907.998,0.1120000034570694,148.402,1908.224,0.08500000089406967,180.318,844.366,1.0
2415,1068.259,1132.324,0.15600000321865082,,,,196.217,1908.135,0.023000000044703484,148.402,1908.224,0.04600000008940697,180.318,844.366,1.0
2416,1068.258,1132.324,0.17499999701976776,,,,203.854,1908.201,0.05299999937415123,140.189,1907.885,0.039000000804662704,180.533,843.939,1.0
2417,1068.242,1132.324,0.17299999296665192,,,,,,,140.189,1907.836,0.23899999260902405,180.737,843.795,1.0
2418,1068.256,1132.345,0.16500000655651093,,,,907.544,1755.831,0.03099999949336052,140.189,1900.025,0.2919999957084656,181.471,843.762,0.9990000128746033
2419,1068.251,1132.366,0.21899999678134918,,,,907.55,1755.914,0.05400000140070915,140.189,1900.025,0.8650000095367432,180.737,843.762,0.9990000128746033
2420,1068.251,1132.405,0.17800000309944153,,,,907.557,1755.931,0.0729999989271164,140.189,1900.025,0.6620000004768372,180.737,843.762,0.9990000128746033
2421,1068.256,1132.441,0.22599999606609344,,,,907.557,1755.931,0.03099999949336052,132.998,1900.025,0.367000013589859,180.473,844.045,0.9990000128746033
2422,1068.266,1132.438,0.25699999928474426,,,,,,,891.4,1771.697,0.16300000250339508,179.783,845.014,1.0
2423,1068.266,1132.438,0.19499999284744263,,,,,,,891.4,1771.697,0.15800000727176666,179.783,845.014,1.0
2424,1068.267,1132.438,0.19900000095367432,,,,,,,891.037,1771.697,0.3569999933242798,179.783,845.09,1.0
2425,1068.29,1132.427,0.2879999876022339,,,,,,,891.037,1771.547,0.7009999752044678,180.72,845.28,1.0
2426,1068.29,1132.411,0.29499998688697815,,,,,,,891.037,1771.315,0.8849999904632568,180.742,845.42,1.0
2427,1068.29,1132.411,0.27799999713897705,,,,,,,891.037,1771.315,0.9539999961853027,181.613,845.28,1.0
2428,1068.301,1132.427,0.32600000500679016,,,,,,,891.037,1771.315,0.9610000252723694,181.613,845.28,0.9990000128746033
2429,1068.303,1132.427,0.23499999940395355,,,,,,,891.27,1771.84,0.7789999842643738,181.613,844.987,0.9990000128746033
2430,1068.337,1132.438,0.2529999911785126,,,,,,,891.374,1771.879,0.328000009059906,181.613,844.987,0.9990000128746033
2431,1068.337,1132.458,0.14300000667572021,,,,,,,891.462,1771.879,0.5580000281333923,181.005,844.987,1.0
2432,1068.337,1132.458,0.09700000286102295,,,,,,,891.686,1771.879,0.1940000057220459,181.005,845.237,1.0
2433,1068.304,1132.458,0.0989999994635582,,,,,,,891.835,1771.6,0.17399999499320984,181.635,845.237,0.9990000128746033
2434,1068.304,1132.46,0.09300000220537186,,,,,,,891.835,1771.6,0.02199999988079071,182.213,845.237,0.9990000128746033
2435,1068.304,1132.46,0.164000004529953,,,,,,,891.835,1771.6,0.04699999839067459,188.064,845.237,0.9980000257492065
2436,1068.338,1132.514,0.0820000022649765,,,,,,,891.778,1771.673,0.09399999678134918,188.136,845.237,0.9980000257492065
2437,1068.338,1132.514,0.05299999937415123,,,,,,,891.778,1771.747,0.24899999797344208,188.136,844.777,0.9990000128746033
2438,1068.369,1132.514,0.12999999523162842,,,,,,,891.778,1771.831,0.18299999833106995,188.064,844.747,0.9980000257492065
2439,1068.381,1132.514,0.21400000154972076,,,,,,,891.852,1771.898,0.03500000014901161,834.906,1773.435,0.9990000128746033
2440,1068.347,1132.514,0.20499999821186066,,,,,,,891.943,1771.898,0.08299999684095383,180.308,844.747,0.9990000128746033
2441,1068.347,1132.489,0.07400000095367432,,,,907.863,1739.865,0.023000000044703484,899.288,1771.898,0.7009999752044678,180.101,844.657,0.9990000128746033
2442,1068.389,1132.489,0.03500000014901161,,,,916.134,1739.962,0.1080000028014183,899.288,1771.993,0.765999972820282,179.432,844.581,0.9990000128746033
2443,1068.347,1132.504,0.19599999487400055,,,,916.164,1748.472,0.024000000208616257,899.3,1771.993,0.4449999928474426,180.101,844.521,0.9990000128746033
2444,1068.335,1132.473,0.296999990940094,,,,916.506,1748.472,0.014999999664723873,900.093,1771.993,0.32199999690055847,180.101,844.431,0.9990000128746033
2445,1068.293,1132.458,0.33000001311302185,,,,,,,900.27,1772.084,0.020999999716877937,180.101,844.412,0.9990000128746033
2446,1068.278,1132.407,0.2750000059604645,1075.922,1147.869,0.03400000184774399,,,,,,,179.432,844.412,0.9990000128746033
2447,1068.253,1132.407,0.25200000405311584,1084.243,1148.005,0.03700000047683716,916.232,1739.689,0.08100000023841858,875.853,1762.976,0.25999999046325684,179.21,844.412,0.9990000128746033
2448,1068.247,1132.397,0.3059999942779541,1084.245,1156.062,0.017999999225139618,916.26,1748.046,0.04699999839067459,883.658,1763.849,0.22200000286102295,179.048,844.486,0.9990000128746033
2449,1068.241,1132.372,0.3160000145435333,,,,916.289,1748.104,0.050999999046325684,883.92,1770.819,0.8019999861717224,179.048,844.524,0.9980000257492065
2450,1068.196,1132.368,0.3479999899864197,,,,,,,883.92,1771.159,0.18400000035762787,179.21,844.524,0.9980000257492065
2451,1068.196,1132.347,0.4309999942779541,,,,,,,883.92,1771.159,0.1120000034570694,179.048,844.645,0.9990000128746033
2452,1068.196,1132.347,0.2529999911785126,,,,,,,884.061,1771.159,0.12300000339746475,179.048,844.662,0.9990000128746033
2453,1068.196,1132.347,0.2750000059604645,,,,,,,891.696,1764.045,0.07199999690055847,179.021,844.703,0.9990000128746033
2454,1068.212,1132.359,0.3479999899864197,,,,,,,899.576,1763.611,0.0949999988079071,179.021,844.703,0.9980000257492065
2455,1068.307,1132.377,0.21699999272823334,,,,,,,900.234,1763.355,0.3880000114440918,179.021,844.703,0.9980000257492065
2456,1068.376,1132.485,0.09399999678134918,,,,,,,901.086,1762.637,0.3970000147819519,179.563,844.489,0.9980000257492065
2457,1068.376,1132.485,0.07999999821186066,,,,924.34,1747.775,0.07100000232458115,901.086,1762.637,0.890999972820282,179.676,844.489,0.9980000257492065
2458,1068.376,1132.485,0.029999999329447746,,,,924.632,1747.885,0.22599999606609344,901.086,1762.637,0.9700000286102295,179.954,844.489,0.9990000128746033
2459,1068.364,1132.435,0.1889999955892563,,,,,,,899.734,1763.15,0.8360000252723694,181.182,844.749,0.9990000128746033
2460,1068.328,1132.42,0.2540000081062317,1084.169,1140.123,0.023000000044703484,,,,891.825,1764.154,0.1860000044107437,836.738,1778.882,0.9980000257492065
2461,1068.292,1132.346,0.20100000500679016,,,,,,,891.747,1771.649,0.4059999883174896,836.809,1779.308,0.9990000128746033
2462,1068.291,1132.329,0.11599999666213989,,,,,,,891.747,1771.649,0.9010000228881836,836.809,1779.308,1.0
2463,1068.289,1132.293,0.1420000046491623,,,,,,,891.475,1771.468,0.8600000143051147,836.809,1780.064,1.0
2464,1068.289,1132.293,0.14300000667572021,,,,,,,891.198,1771.468,0.9610000252723694,836.738,1780.064,1.0
2465,1068.289,1132.322,0.23499999940395355,,,,916.063,1748.06,0.05900000035762787,891.198,1771.468,0.859000027179718,182.559,845.609,1.0
2466,1068.258,1132.322,0.21400000154972076,1075.783,1139.802,0.026000000536441803,916.121,1748.267,0.06199999898672104,899.292,1771.468,0.9599999785423279,180.225,845.085,0.9990000128746033
2467,1068.251,1132.322,0.15000000596046448,1075.918,1140.142,0.020999999716877937,916.163,1748.455,0.06800000369548798,899.292,1771.468,0.9319999814033508,180.199,845.159,0.9990000128746033
2468,1068.232,1132.322,0.14800000190734863,1075.947,1140.142,0.02199999988079071,916.121,1748.511,0.009999999776482582,899.292,1771.231,0.8659999966621399,179.756,845.085,0.9980000257492065
2469,1068.251,1132.32,0.32100000977516174,1084.187,1140.142,0.03799999877810478,916.121,1748.511,0.020999999716877937,899.436,1771.231,0.9800000190734863,179.081,845.01,0.9990000128746033
2470,1068.152,1132.304,0.3499999940395355,1084.21,1140.142,0.032999999821186066,915.72,1748.455,0.28299999237060547,899.486,1764.479,0.972000002861023,179.081,844.754,0.9990000128746033
2471,1068.152,1132.243,0.23399999737739563,,,,915.72,1748.417,0.3089999854564667,899.794,1763.772,0.9909999966621399,179.149,844.754,0.9990000128746033
2472,1068.149,1132.183,0.3199999928474426,1075.8,1139.707,0.06800000369548798,915.72,1748.412,0.2930000126361847,899.436,1763.772,0.9940000176429749,179.756,844.754,0.9980000257492065
2473,1068.149,1132.183,0.25200000405311584,1075.821,1139.714,0.023000000044703484,915.899,1748.307,0.1509999930858612,900.01,1763.772,0.9950000047683716,180.378,844.754,0.9980000257492065
2474,1068.149,1132.183,0.20499999821186066,1084.153,1140.164,0.019999999552965164,916.059,1748.307,0.03700000047683716,900.01,1764.011,0.9610000252723694,180.378,844.645,0.9990000128746033
2475,1068.174,1132.268,0.24899999797344208,,,,916.269,1748.307,0.01899999938905239,900.01,1764.011,0.9589999914169312,842.824,1775.404,0.9990000128746033
2476,1068.174,1132.277,0.26100000739097595,,,,,,,900.08,1764.011,0.890999972820282,180.378,844.894,0.9980000257492065
2477,1068.174,1132.355,0.29600000381469727,,,,907.954,1747.991,0.04500000178813934,900.143,1763.442,0.9629999995231628,180.378,844.803,0.9980000257492065
2478,1068.174,1132.39,0.09200000017881393,,,,,,,900.143,1763.442,0.10000000149011612,180.386,844.803,0.9990000128746033
2479,1068.132,1132.431,0.24500000476837158,,,,,,,900.829,1763.442,0.9269999861717224,180.681,844.803,0.9990000128746033
2480,1068.096,1132.431,0.33399999141693115,,,,916.244,1739.907,0.03999999910593033,901.042,1763.609,0.9739999771118164,180.386,844.354,0.9990000128746033
2481,1068.095,1132.439,0.47699999809265137,,,,,,,901.042,1763.943,0.7680000066757202,180.386,844.266,0.9990000128746033
2482,1068.095,1132.449,0.5680000185966492,,,,916.174,1739.886,0.028999999165534973,901.359,1764.149,0.9240000247955322,180.681,844.266,0.996999979019165
2483,1068.095,1132.453,0.4259999990463257,,,,,,,901.344,1764.47,0.7879999876022339,180.896,844.354,0.9959999918937683
2484,1068.152,1132.453,0.2290000021457672,,,,,,,901.344,1764.527,0.8180000185966492,844.309,1776.716,0.9990000128746033
2485,1068.152,1132.453,0.34299999475479126,,,,,,,901.344,1771.298,0.902999997138977,844.309,1777.639,0.9990000128746033
2486,1068.152,1132.357,0.6420000195503235,,,,,,,901.344,1771.298,0.781000018119812,844.309,1777.639,0.9990000128746033
2487,1068.102,1132.357,0.38199999928474426,,,,,,,901.344,1771.554,0.9010000228881836,844.295,1776.716,0.9959999918937683
2488,1068.091,1132.357,0.32100000977516174,,,,,,,901.602,1771.554,0.7620000243186951,844.295,1776.131,0.9990000128746033
2489,1068.091,1132.374,0.3240000009536743,,,,,,,901.91,1766.654,0.8820000290870667,844.295,1775.733,0.9990000128746033
2490,1068.091,1132.406,0.2930000126361847,,,,908.502,1739.683,0.0989999994635582,901.91,1765.452,0.9739999771118164,844.379,1775.733,0.9959999918937683
2491,1068.091,1132.406,0.25600001215934753,,,,916.136,1739.683,0.039000000804662704,901.91,1766.654,0.9769999980926514,844.379,1776.131,0.9990000128746033
2492,1068.098,1132.386,0.5049999952316284,,,,916.185,1739.711,0.04600000008940697,901.471,1765.452,0.9589999914169312,844.4,1776.607,0.9990000128746033
2493,1068.108,1132.386,0.30300000309944153,,,,916.312,1739.749,0.02199999988079071,900.929,1764.269,0.921999990940094,844.4,1776.607,0.9990000128746033
2494,1068.132,1132.404,0.25600001215934753,,,,,,,900.726,1764.269,0.9359999895095825,844.359,1776.662,0.9980000257492065
2495,1068.146,1132.386,0.21799999475479126,,,,,,,900.711,1764.299,0.921999990940094,844.34,1776.662,0.9980000257492065
2496,1068.146,1132.391,0.15800000727176666,,,,,,,900.711,1764.299,0.4690000116825104,844.34,1775.882,0.9980000257492065
2497,1068.146,1132.404,0.31299999356269836,,,,,,,900.726,1771.653,0.09799999743700027,179.635,844.545,0.9980000257492065
2498,1068.136,1132.391,0.4339999854564667,,,,,,,900.911,1771.656,0.19699999690055847,179.635,844.545,0.9990000128746033
2499,1068.136,1132.391,0.3700000047683716,,,,,,,900.911,1771.79,0.6000000238418579,179.635,844.545,0.9990000128746033
2500,1068.136,1132.417,0.414000004529953,,,,,,,900.911,1771.746,0.3799999952316284,181.785,844.558,0.9990000128746033
2501,1068.154,1132.428,0.41200000047683716,,,,,,,900.431,1771.746,0.13199999928474426,181.785,844.558,0.9990000128746033
2502,1068.154,1132.45,0.4779999852180481,,,,,,,900.151,1771.746,0.02199999988079071,844.316,1775.647,0.996999979019165
2503,1068.16,1132.45,0.36399999260902405,,,,,,,900.151,1763.613,0.06199999898672104,181.785,844.558,0.9959999918937683
2504,1068.16,1132.45,0.3580000102519989,,,,,,,900.151,1763.446,0.15399999916553497,181.674,844.229,0.9959999918937683
2505,1068.16,1132.411,0.3070000112056732,,,,,,,900.179,1763.409,0.3540000021457672,180.283,844.165,0.9909999966621399
2506,1068.155,1132.365,0.3790000081062317,,,,,,,900.194,1763.409,0.2160000056028366,180.283,844.229,0.9959999918937683
2507,1068.188,1132.365,0.2930000126361847,,,,,,,900.384,1763.409,0.5180000066757202,180.283,844.229,0.9950000047683716
2508,1068.155,1132.365,0.2800000011920929,,,,,,,900.384,1764.186,0.578000009059906,180.725,844.24,0.9990000128746033
2509,1068.148,1132.38,0.15299999713897705,,,,907.498,1747.634,0.04800000041723251,900.405,1771.55,0.8560000061988831,181.172,844.804,0.996999979019165
2510,1068.1,1132.403,0.2879999876022339,,,,907.878,1747.678,0.13199999928474426,900.405,1771.55,0.9819999933242798,850.253,1776.337,0.9990000128746033
2511,1068.1,1132.419,0.3149999976158142,,,,908.127,1747.883,0.19099999964237213,900.405,1764.697,0.9700000286102295,850.253,1776.33,0.9990000128746033
2512,1068.1,1132.454,0.33500000834465027,,,,908.134,1755.937,0.04500000178813934,903.011,1764.697,0.9860000014305115,850.253,1776.33,0.996999979019165
2513,1068.097,1132.457,0.23399999737739563,,,,,,,903.011,1764.151,0.8299999833106995,850.253,1776.33,0.996999979019165
2514,1068.121,1132.457,0.24699999392032623,,,,,,,903.011,1763.82,0.34200000762939453,181.236,844.457,0.9959999918937683
2515,1068.121,1132.454,0.26600000262260437,,,,,,,900.761,1763.114,0.33000001311302185,179.779,844.402,0.996999979019165
2516,1068.107,1132.451,0.17900000512599945,,,,,,,900.535,1763.114,0.2939999997615814,179.748,844.4,0.996999979019165
2517,1068.097,1132.451,0.21299999952316284,,,,915.844,1748.427,0.017000000923871994,900.491,1763.114,0.3479999899864197,179.609,844.281,0.9980000257492065
2518,1068.092,1132.447,0.296999990940094,,,,,,,900.491,1763.248,0.5889999866485596,179.609,844.281,0.996999979019165
2519,1068.092,1132.451,0.4300000071525574,,,,916.171,1739.97,0.014000000432133675,900.535,1763.412,0.7480000257492065,179.609,844.179,0.9980000257492065
2520,1068.092,1132.456,0.3230000138282776,,,,,,,900.535,1763.844,0.9100000262260437,180.005,844.074,0.9990000128746033
2521,1068.092,1132.47,0.23899999260902405,,,,,,,900.465,1763.844,0.902999997138977,181.658,843.969,0.9980000257492065
2522,1068.082,1132.489,0.1720000058412552,,,,,,,900.038,1763.92,0.19699999690055847,182.365,844.074,0.9990000128746033
2523,1068.082,1132.489,0.2770000100135803,,,,,,,899.942,1764.398,0.13300000131130219,182.365,844.074,0.996999979019165
2524,1068.059,1132.47,0.22599999606609344,,,,,,,899.388,1771.334,0.0729999989271164,836.322,1778.07,0.9980000257492065
2525,1068.059,1132.462,0.19099999964237213,,,,,,,891.588,1771.832,0.1459999978542328,836.628,1778.232,1.0
2526,1068.044,1132.462,0.15299999713897705,,,,,,,891.58,1771.891,0.5509999990463257,837.278,1778.232,0.9990000128746033
2527,1068.044,1132.462,0.0860000029206276,,,,,,,891.487,1771.947,0.17100000381469727,837.443,1778.232,0.9990000128746033
2528,1068.035,1132.487,0.20900000631809235,,,,,,,891.487,1771.947,0.6340000033378601,838.633,1778.123,0.9990000128746033
2529,1067.988,1132.487,0.3709999918937683,,,,,,,891.508,1771.891,0.5180000066757202,838.633,1776.723,0.996999979019165
2530,1067.974,1132.534,0.328000009059906,,,,,,,891.508,1771.891,0.32199999690055847,838.649,1776.723,0.9980000257492065
2531,1067.974,1132.542,0.3089999854564667,,,,,,,891.693,1772.035,0.04600000008940697,838.649,1773.721,0.9990000128746033
2532,1067.974,1132.56,0.39100000262260437,,,,,,,,,,838.649,1773.721,0.9980000257492065
2533,1067.998,1132.578,0.3269999921321869,,,,,,,884.201,1771.583,0.026000000536441803,843.368,1778.001,0.9980000257492065
2534,1067.998,1132.578,0.21899999678134918,,,,,,,884.263,1771.632,0.1679999977350235,843.368,1778.101,0.9980000257492065
2535,1068.009,1132.578,0.2409999966621399,,,,,,,891.749,1771.778,0.041999999433755875,837.603,1778.175,0.9980000257492065
2536,1068.009,1132.598,0.382999986410141,,,,,,,,,,837.603,1778.564,0.9980000257492065
2537,1067.995,1132.598,0.2980000078678131,,,,,,,,,,836.306,1778.564,0.996999979019165
2538,1067.995,1132.598,0.3869999945163727,,,,,,,,,,836.137,1778.564,0.996999979019165
2539,1068.009,1132.579,0.36399999260902405,,,,,,,,,,180.695,844.427,0.9990000128746033
2540,1068.045,1132.579,0.22300000488758087,,,,,,,,,,180.53,843.933,0.996999979019165
2541,1068.051,1132.579,0.16699999570846558,,,,,,,,,,180.36,843.919,0.996999979019165
2542,1068.051,1132.58,0.29499998688697815,,,,,,,,,,180.357,843.919,0.996999979019165
2543,1068.045,1132.58,0.33500000834465027,,,,,,,,,,180.357,843.919,0.9959999918937683
2544,1068.041,1132.58,0.3959999978542328,,,,,,,,,,180.229,844.256,0.9990000128746033
2545,1068.041,1132.504,0.23899999260902405,,,,,,,,,,180.218,844.256,0.9990000128746033
2546,1068.034,1132.499,0.23000000417232513,,,,,,,,,,180.173,844.295,0.9990000128746033
2547,1068.027,1132.474,0.26100000739097595,915.818,1788.061,0.0430000014603138,,,,,,,179.456,844.531,0.9980000257492065
2548,1068.026,1132.474,0.1420000046491623,,,,,,,,,,178.742,845.172,0.9990000128746033
2549,1068.027,1132.474,0.17299999296665192,,,,,,,,,,178.423,845.321,0.9990000128746033
2550,1068.004,1132.447,0.35100001096725464,,,,,,,,,,178.423,845.321,0.9990000128746033
2551,1068.004,1132.447,0.3540000021457672,,,,,,,,,,178.742,845.321,0.9980000257492065
2552,1068.036,1132.447,0.37700000405311584,,,,,,,,,,179.24,844.737,0.9990000128746033
2553,1068.036,1132.43,0.27900001406669617,891.565,1779.756,0.023000000044703484,,,,,,,179.598,844.713,0.9990000128746033
2554,1068.036,1132.43,0.25699999928474426,891.706,1779.849,0.06800000369548798,891.183,1779.814,0.03500000014901161,,,,179.713,844.455,0.9990000128746033
2555,1068.059,1132.43,0.23399999737739563,899.784,1780.399,0.46700000762939453,891.183,1779.879,0.06400000303983688,,,,179.598,844.413,0.9990000128746033
2556,1068.068,1132.433,0.1289999932050705,899.784,1780.405,0.48899999260902405,891.195,1779.879,0.04800000041723251,,,,179.598,844.455,0.9990000128746033
2557,1068.059,1132.454,0.17299999296665192,900.06,1787.925,0.41100001335144043,891.195,1779.879,0.06700000166893005,,,,179.598,844.343,0.9990000128746033
2558,1068.059,1132.455,0.3199999928474426,,,,900.513,1779.879,0.12200000137090683,899.083,1763.535,0.2840000092983246,179.713,844.114,0.9990000128746033
2559,1068.051,1132.455,0.30399999022483826,,,,,,,899.936,1771.399,0.03700000047683716,180.561,843.926,0.996999979019165
2560,1068.042,1132.454,0.38600000739097595,900.034,1780.078,0.017999999225139618,,,,899.989,1771.399,0.03700000047683716,180.561,843.605,1.0
2561,1068.013,1132.422,0.6100000143051147,,,,,,,900.025,1764.047,0.019999999552965164,180.495,843.605,0.9990000128746033
2562,1068.007,1132.403,0.5090000033378601,,,,,,,900.025,1764.047,0.07800000160932541,180.561,843.926,0.9980000257492065
2563,1067.968,1132.383,0.4580000042915344,,,,,,,900.025,1763.922,0.027000000700354576,180.495,843.98,0.9990000128746033
2564,1067.962,1132.383,0.6919999718666077,,,,,,,900.136,1763.739,0.6980000138282776,179.971,844.097,0.9990000128746033
2565,1067.962,1132.383,0.44600000977516174,,,,,,,900.433,1763.739,0.19900000095367432,179.971,844.253,0.9990000128746033
2566,1067.958,1132.411,0.6200000047683716,,,,,,,900.47,1763.739,0.2280000001192093,180.94,844.435,0.9980000257492065
2567,1067.958,1132.457,0.36399999260902405,,,,,,,900.47,1763.739,0.16599999368190765,843.766,1772.972,0.9990000128746033
2568,1067.949,1132.457,0.5630000233650208,,,,,,,900.47,1763.739,0.35600000619888306,843.766,1772.972,0.9990000128746033
2569,1067.949,1132.47,0.4699999988079071,,,,,,,900.199,1763.779,0.039000000804662704,844.007,1773.932,0.9980000257492065
2570,1067.949,1132.485,0.4909999966621399,,,,,,,900.169,1763.779,0.08900000154972076,844.007,1773.932,0.996999979019165
2571,1067.955,1132.485,0.5740000009536743,,,,,,,900.169,1763.986,0.16599999368190765,839.369,1773.658,0.9980000257492065
2572,1067.959,1132.485,0.22100000083446503,,,,,,,900.169,1763.993,0.5059999823570251,837.7,1773.034,0.9980000257492065
2573,1067.989,1132.491,0.18299999833106995,,,,,,,900.439,1764.438,0.1420000046491623,837.7,1773.398,0.9980000257492065
2574,1067.99,1132.491,0.3240000009536743,,,,,,,900.468,1764.497,0.34299999475479126,837.283,1773.034,0.996999979019165
2575,1067.997,1132.496,0.1860000044107437,,,,,,,900.468,1764.497,0.2750000059604645,837.283,1772.933,0.9980000257492065
2576,1068.0,1132.491,0.14900000393390656,,,,,,,900.468,1771.415,0.5009999871253967,837.7,1773.034,0.9980000257492065
2577,1068.026,1132.491,0.2240000069141388,,,,,,,900.262,1771.424,0.9010000228881836,839.466,1773.102,0.9990000128746033
2578,1068.034,1132.471,0.2939999997615814,,,,,,,899.975,1771.46,0.4860000014305115,843.243,1772.933,0.9980000257492065
2579,1068.026,1132.471,0.12099999934434891,,,,,,,899.975,1771.46,0.5720000267028809,843.468,1772.997,0.9990000128746033
2580,1068.038,1132.471,0.0820000022649765,,,,916.385,1772.157,0.026000000536441803,899.975,1771.46,0.31200000643730164,843.468,1773.079,0.9990000128746033
2581,1068.038,1132.471,0.04800000041723251,,,,,,,899.877,1771.46,0.14300000667572021,843.243,1773.079,0.9990000128746033
2582,1068.021,1132.471,0.05900000035762787,,,,916.432,1772.255,0.04699999839067459,899.877,1771.625,0.14000000059604645,843.243,1773.079,0.9990000128746033
2583,1068.02,1132.448,0.14300000667572021,,,,,,,899.846,1771.746,0.14100000262260437,839.011,1773.445,1.0
2584,1068.02,1132.44,0.19900000095367432,,,,,,,899.627,1771.746,0.13500000536441803,838.631,1773.445,0.9990000128746033
2585,1068.02,1132.431,0.1940000057220459,,,,,,,899.627,1771.758,0.04399999976158142,838.604,1773.445,0.9990000128746033
2586,1068.013,1132.431,0.15800000727176666,,,,,,,899.846,1771.769,0.01899999938905239,838.057,1773.231,1.0
2587,1067.998,1132.392,0.14300000667572021,,,,,,,,,,838.015,1772.958,1.0
2588,1067.97,1132.392,0.1469999998807907,,,,,,,,,,838.015,1772.373,0.9990000128746033
2589,1067.959,1132.392,0.15700000524520874,,,,,,,891.802,1771.51,0.04500000178813934,837.919,1772.371,0.9990000128746033
2590,1067.959,1132.41,0.4399999976158142,,,,,,,899.95,1771.637,0.019999999552965164,838.015,1772.263,0.9990000128746033
2591,1067.953,1132.433,0.29100000858306885,,,,,,,,,,838.015,1772.136,0.9990000128746033
2592,1067.942,1132.436,0.12800000607967377,,,,,,,891.595,1771.486,0.3319999873638153,837.759,1771.807,1.0
2593,1067.959,1132.436,0.2919999957084656,,,,,,,891.6,1771.547,0.27000001072883606,182.872,844.541,0.9990000128746033
2594,1067.995,1132.441,0.2770000100135803,,,,,,,891.626,1771.547,0.27799999713897705,178.657,844.564,0.9990000128746033
2595,1067.995,1132.436,0.11100000143051147,,,,,,,899.459,1771.542,0.07199999690055847,178.657,844.541,0.9990000128746033
2596,1068.0,1132.429,0.08500000089406967,,,,,,,899.756,1771.542,0.11100000143051147,178.657,844.385,0.9990000128746033
2597,1068.046,1132.424,0.1550000011920929,,,,,,,899.861,1771.548,0.03700000047683716,178.851,844.301,0.9990000128746033
2598,1068.115,1132.422,0.07199999690055847,,,,,,,,,,179.581,843.875,0.9980000257492065
2599,1068.115,1132.413,0.052000001072883606,,,,,,,,,,179.85,843.624,0.9980000257492065
2600,1068.115,1132.402,0.061000000685453415,,,,,,,,,,179.85,843.612,0.9980000257492065
2601,1068.073,1132.398,0.11599999666213989,,,,,,,,,,179.915,843.612,0.9990000128746033
2602,1068.041,1132.374,0.2619999945163727,,,,,,,,,,180.468,843.624,0.9990000128746033
2603,1068.022,1132.374,0.12999999523162842,,,,,,,,,,835.761,1765.034,0.9959999918937683
2604,1068.022,1132.381,0.16099999845027924,,,,,,,,,,836.321,1765.482,0.9980000257492065
2605,1068.041,1132.398,0.11999999731779099,,,,,,,891.552,1763.93,0.017000000923871994,838.242,1765.585,0.9980000257492065
2606,1068.022,1132.398,0.0430000014603138,,,,,,,899.788,1763.93,0.02199999988079071,838.653,1765.585,0.9990000128746033
2607,1068.022,1132.421,0.032999999821186066,,,,,,,899.844,1763.93,0.08500000089406967,838.791,1766.591,1.0
2608,1068.09,1132.452,0.12099999934434891,,,,,,,899.788,1764.037,0.07100000232458115,838.99,1766.906,1.0
2609,1068.035,1132.452,0.07400000095367432,,,,,,,891.714,1764.88,0.18700000643730164,840.105,1767.016,1.0
2610,1068.035,1132.452,0.06400000303983688,,,,,,,899.788,1763.853,0.03099999949336052,843.159,1767.016,0.9990000128746033
2611,1068.035,1132.435,0.10100000351667404,,,,,,,899.897,1763.904,0.14100000262260437,843.159,1766.906,0.9990000128746033
2612,1068.035,1132.428,0.0820000022649765,,,,,,,899.897,1764.155,0.2029999941587448,843.159,1766.831,0.9990000128746033
2613,1068.035,1132.428,0.10599999874830246,,,,,,,900.035,1764.155,0.0689999982714653,838.009,1765.075,0.9990000128746033
2614,1068.046,1132.435,0.11299999803304672,,,,,,,900.035,1764.155,0.14000000059604645,181.771,843.441,0.9990000128746033
2615,1068.046,1132.481,0.17000000178813934,,,,,,,899.897,1764.296,0.41100001335144043,181.771,843.128,0.9990000128746033
2616,1068.046,1132.49,0.06300000101327896,,,,,,,899.803,1764.341,0.5839999914169312,182.036,843.441,0.9990000128746033
2617,1068.061,1132.546,0.10000000149011612,,,,,,,899.782,1771.327,0.15299999713897705,182.036,843.441,0.9990000128746033
2618,1068.061,1132.49,0.1120000034570694,,,,,,,899.782,1771.449,0.08699999749660492,182.036,843.586,0.996999979019165
2619,1068.046,1132.481,0.07999999821186066,,,,,,,899.749,1771.507,0.21899999678134918,838.329,1765.323,0.9980000257492065
2620,1068.033,1132.49,0.11400000005960464,,,,,,,899.749,1771.477,0.21799999475479126,838.329,1765.323,0.9980000257492065
2621,1067.985,1132.456,0.11699999868869781,,,,,,,899.217,1771.477,0.24199999868869781,179.957,843.586,0.9980000257492065
2622,1067.985,1132.437,0.20900000631809235,,,,,,,899.217,1771.531,0.2980000078678131,179.957,843.586,0.9980000257492065
2623,1067.985,1132.431,0.21899999678134918,955.752,1771.969,0.05400000140070915,,,,899.217,1771.61,0.3880000114440918,179.677,843.253,0.9990000128746033
2624,1067.998,1132.431,0.21299999952316284,955.769,1772.029,0.1120000034570694,,,,,,,179.677,843.253,0.9990000128746033
2625,1068.004,1132.431,0.20999999344348907,955.807,1772.033,0.09600000083446503,,,,,,,179.677,843.198,0.9990000128746033
2626,1068.019,1132.431,0.3059999942779541,,,,,,,891.714,1771.403,0.16200000047683716,180.704,842.956,0.996999979019165
2627,1068.036,1132.415,0.2460000067949295,,,,,,,891.745,1771.563,0.03700000047683716,180.704,842.956,0.9959999918937683
2628,1068.036,1132.415,0.07400000095367432,,,,,,,,,,838.803,1772.46,0.9950000047683716
2629,1068.055,1132.397,0.04399999976158142,,,,,,,891.972,1763.795,0.04699999839067459,839.129,1772.46,0.9950000047683716
2630,1068.055,1132.397,0.16599999368190765,,,,,,,899.651,1763.91,0.017999999225139618,843.455,1772.556,0.9959999918937683
2631,1068.048,1132.385,0.14100000262260437,956.023,1771.924,0.029999999329447746,932.095,1764.016,0.04899999871850014,899.945,1771.376,0.1889999955892563,843.502,1772.65,0.9980000257492065
2632,1068.015,1132.397,0.12800000607967377,956.092,1771.967,0.03700000047683716,,,,900.072,1771.212,0.0729999989271164,843.502,1772.682,0.9980000257492065
2633,947.566,1787.825,0.10899999737739563,,,,,,,900.115,1771.396,0.04399999976158142,843.455,1772.682,0.9980000257492065
2634,947.566,1787.901,0.2280000001192093,,,,,,,900.212,1771.458,0.1120000034570694,843.128,1772.682,0.9980000257492065
2635,947.908,1787.901,0.22499999403953552,955.855,1771.974,0.0729999989271164,,,,900.115,1771.544,0.08100000023841858,179.525,843.468,0.9990000128746033
2636,947.908,1787.901,0.04699999839067459,955.862,1771.988,0.061000000685453415,,,,900.212,1771.591,0.09000000357627869,179.157,843.468,0.9990000128746033
2637,947.963,1787.904,0.032999999821186066,955.889,1772.055,0.08299999684095383,,,,900.212,1771.592,0.0689999982714653,179.157,843.441,0.9990000128746033
2638,947.993,1787.904,0.028999999165534973,,,,,,,,,,179.107,843.468,0.9980000257492065
2639,,,,,,,,,,,,,179.107,843.519,0.9980000257492065
2640,,,,,,,,,,,,,179.107,844.336,0.9990000128746033
2641,,,,,,,,,,,,,179.107,844.336,0.9990000128746033
2642,,,,,,,,,,899.776,1771.558,0.019999999552965164,179.107,844.336,1.0
2643,,,,,,,,,,899.883,1771.636,0.02199999988079071,180.152,843.434,0.9990000128746033
2644,,,,,,,,,,,,,180.549,843.398,1.0
2645,947.634,1779.77,0.0560000017285347,947.899,1771.983,0.029999999329447746,,,,891.276,1764.189,0.07699999958276749,181.707,843.085,1.0
2646,947.735,1779.818,0.026000000536441803,947.932,1772.015,0.020999999716877937,,,,900.092,1764.194,0.05299999937415123,181.725,837.237,1.0
2647,,,,,,,,,,900.124,1764.737,0.1120000034570694,181.725,837.237,1.0
2648,,,,,,,,,,,,,181.707,837.894,1.0
2649,,,,,,,,,,,,,181.725,837.263,1.0
2650,,,,,,,,,,,,,181.602,837.894,1.0
2651,,,,,,,,,,,,,181.602,838.232,1.0
2652,,,,,,,,,,,,,181.675,838.232,1.0
2653,,,,,,,,,,,,,181.675,838.404,1.0
2654,,,,,,,,,,,,,181.66,843.203,1.0
2655,939.446,1787.804,0.054999999701976776,899.962,1771.97,0.3330000042915344,,,,,,,181.66,843.232,1.0
2656,939.446,1788.21,0.026000000536441803,899.962,1779.156,0.027000000700354576,,,,,,,181.66,843.232,0.9990000128746033
2657,939.446,1788.21,0.1770000010728836,899.962,1779.92,0.2590000033378601,,,,,,,181.58,843.248,0.9990000128746033
2658,939.329,1788.136,0.3799999952316284,899.533,1779.92,0.2939999997615814,,,,,,,181.095,843.248,0.9990000128746033
2659,939.329,1788.136,0.6069999933242798,899.533,1779.937,0.8640000224113464,,,,,,,180.833,843.992,1.0
2660,939.329,1788.187,0.35100001096725464,899.533,1780.115,0.3580000102519989,,,,,,,180.833,843.992,0.9990000128746033
2661,939.111,1788.136,0.19599999487400055,899.657,1780.178,0.10199999809265137,907.35,1779.871,0.023000000044703484,891.54,1771.684,0.03500000014901161,180.833,844.027,1.0
2662,939.121,1788.136,0.3779999911785126,907.738,1787.984,0.035999998450279236,,,,,,,182.582,844.103,1.0
2663,939.378,1788.187,0.4429999887943268,907.842,1787.992,0.0560000017285347,,,,156.043,1908.119,0.13199999928474426,838.462,1762.977,0.9990000128746033
2664,939.378,1787.993,0.2409999966621399,,,,188.048,1915.863,0.04500000178813934,156.097,1908.77,0.7160000205039978,838.641,1763.009,0.9990000128746033
2665,939.757,1787.993,0.13500000536441803,908.017,1780.026,0.02199999988079071,,,,188.014,1908.77,0.6650000214576721,838.641,1763.009,0.9980000257492065
2666,939.873,1788.152,0.1120000034570694,,,,,,,196.095,1908.119,0.40799999237060547,838.462,1762.977,0.9980000257492065
2667,939.874,1788.258,0.08699999749660492,,,,179.925,1892.243,0.020999999716877937,203.416,1908.708,0.04100000113248825,837.835,1762.458,0.9990000128746033
2668,,,,,,,180.388,1900.049,0.21699999272823334,204.436,1908.351,0.04600000008940697,837.184,1761.498,0.9990000128746033
2669,939.225,1795.993,0.027000000700354576,,,,187.906,1900.049,0.054999999701976776,227.817,1908.274,0.12999999523162842,187.944,843.448,0.996999979019165
2670,,,,,,,187.906,1907.792,0.14900000393390656,227.817,1908.274,0.06300000101327896,187.87,843.448,0.9980000257492065
2671,,,,,,,187.906,1900.049,0.15199999511241913,227.817,1908.274,0.09000000357627869,187.856,838.027,0.996999979019165
2672,106.646,1531.705,0.03799999877810478,891.66,1779.347,0.07199999690055847,187.925,1900.049,0.13199999928474426,220.115,1908.008,0.1469999998807907,187.618,838.027,0.9980000257492065
2673,107.606,1540.226,0.09300000220537186,891.663,1779.652,0.6159999966621399,187.925,1907.886,0.12099999934434891,220.115,1908.008,0.07500000298023224,187.856,843.448,0.9990000128746033
2674,939.644,1788.279,0.04899999871850014,891.707,1779.662,0.32199999690055847,187.853,1907.886,0.16200000047683716,220.115,1908.008,0.05000000074505806,187.87,843.682,0.9990000128746033
2675,939.745,1788.279,0.04500000178813934,891.707,1779.662,0.6660000085830688,187.844,1907.879,0.22599999606609344,220.142,1916.22,0.17800000309944153,838.488,1762.989,0.9990000128746033
2676,939.764,1795.966,0.03799999877810478,891.707,1779.736,0.7580000162124634,180.241,1907.879,0.28200000524520874,227.773,1916.23,0.08399999886751175,838.53,1763.978,0.9990000128746033
2677,939.802,1795.973,0.04899999871850014,899.986,1780.196,0.19099999964237213,180.235,1907.879,0.652999997138977,227.773,1916.23,0.21299999952316284,838.53,1763.978,1.0
2678,,,,900.025,1780.198,0.0560000017285347,180.112,1907.838,0.5460000038146973,227.773,1916.22,0.07999999821186066,838.556,1764.045,0.9990000128746033
2679,,,,900.044,1780.238,0.03799999877810478,180.112,1907.838,0.5550000071525574,227.783,1916.143,0.1809999942779541,838.556,1764.045,0.9990000128746033
2680,,,,,,,180.107,1907.954,0.15000000596046448,227.783,1916.11,0.289000004529953,837.314,1763.553,0.9990000128746033
2681,939.754,1788.037,0.05000000074505806,899.893,1780.033,0.04899999871850014,180.112,1907.954,0.546999990940094,156.044,1908.084,0.1589999943971634,837.314,1763.553,1.0
2682,939.754,1788.037,0.06300000101327896,900.059,1780.124,0.03799999877810478,180.113,1907.838,0.6959999799728394,156.044,1907.946,0.07400000095367432,838.571,1764.35,0.9990000128746033
2683,939.754,1788.062,0.1289999932050705,900.059,1787.967,0.14399999380111694,180.214,1907.701,0.593999981880188,147.951,1900.309,0.14499999582767487,837.597,1765.7,1.0
2684,939.821,1788.062,0.028999999165534973,900.139,1788.086,0.1889999955892563,180.22,1907.701,0.4690000116825104,147.951,1900.135,0.125,839.193,1765.823,1.0
2685,931.958,1788.062,0.05700000002980232,900.016,1788.086,0.6729999780654907,180.501,1907.701,0.4650000035762787,147.935,1900.133,0.18400000035762787,839.556,1765.823,1.0
2686,931.934,1787.949,0.15000000596046448,900.061,1788.094,0.4659999907016754,188.175,1908.289,0.34700000286102295,147.951,1900.133,0.14800000190734863,839.556,1765.823,1.0
2687,931.921,1787.949,0.04800000041723251,900.016,1788.086,0.48100000619888306,188.175,1908.289,0.13600000739097595,155.924,1900.133,0.2919999957084656,839.556,1765.823,1.0
2688,931.921,1787.843,0.01899999938905239,900.061,1788.094,0.1589999943971634,188.175,1908.289,0.31200000643730164,220.061,1916.08,0.057999998331069946,839.959,1766.189,0.9990000128746033
2689,107.174,1636.166,0.04399999976158142,900.061,1788.098,0.34599998593330383,187.723,1907.664,0.45899999141693115,227.912,1916.126,0.054999999701976776,839.556,1764.366,1.0
2690,107.174,1636.166,0.08799999952316284,,,,187.723,1907.664,0.4620000123977661,227.912,1916.288,0.22200000286102295,187.39,837.134,0.9990000128746033
2691,107.174,1636.166,0.04600000008940697,900.188,1779.948,0.035999998450279236,180.506,1907.664,0.4009999930858612,227.934,1916.288,0.14300000667572021,182.444,837.134,0.9990000128746033
2692,939.79,1780.048,0.15399999916553497,900.203,1780.252,0.2770000100135803,180.506,1907.948,0.19499999284744263,227.934,1916.288,0.06300000101327896,181.843,837.13,0.9990000128746033
2693,947.971,1788.17,0.15600000321865082,907.696,1787.922,0.1289999932050705,180.214,1907.948,0.5090000033378601,220.253,1916.137,0.03700000047683716,181.843,837.13,0.9980000257492065
2694,,,,,,,180.022,1907.948,0.5249999761581421,220.094,1908.063,0.04600000008940697,182.444,837.134,0.9980000257492065
2695,,,,,,,180.022,1907.652,0.2630000114440918,220.253,1907.905,0.035999998450279236,183.173,837.812,0.9990000128746033
2696,,,,,,,180.022,1900.168,0.3179999887943268,220.253,1907.869,0.11800000071525574,183.799,837.812,0.9990000128746033
2697,955.826,1788.036,0.09600000083446503,955.97,1771.867,0.03500000014901161,180.162,1900.063,0.14100000262260437,220.094,1907.905,0.23000000417232513,843.61,1770.712,0.9990000128746033
2698,,,,,,,180.27,1900.063,0.3240000009536743,220.094,1907.769,0.10300000011920929,187.183,838.5,0.9990000128746033
2699,,,,,,,180.27,1900.168,0.09300000220537186,164.368,1907.759,0.1589999943971634,186.851,838.5,0.9990000128746033
2700,100.207,1635.969,0.20399999618530273,955.778,1771.977,0.09000000357627869,180.37,1900.168,0.31700000166893005,164.368,1907.769,0.2759999930858612,186.851,838.5,0.9990000128746033
2701,955.702,1780.063,0.05299999937415123,955.874,1772.027,0.04500000178813934,180.37,1907.666,0.18400000035762787,164.368,1908.32,0.05700000002980232,186.851,838.5,0.996999979019165
2702,955.886,1787.802,0.019999999552965164,,,,180.37,1907.729,0.25999999046325684,212.04,1907.762,0.05999999865889549,182.903,837.416,0.9990000128746033
2703,,,,,,,180.043,1907.719,0.2669999897480011,219.838,1907.899,0.050999999046325684,182.701,836.056,0.9990000128746033
2704,100.092,1636.053,0.03099999949336052,,,,180.083,1907.729,0.1860000044107437,219.954,1916.074,0.04399999976158142,182.644,836.056,0.9980000257492065
2705,947.737,1779.921,0.03799999877810478,955.666,1772.018,0.09700000286102295,180.083,1907.831,0.16500000655651093,220.052,1907.899,0.04699999839067459,182.583,836.056,0.9980000257492065
2706,947.737,1779.921,0.01899999938905239,955.719,1772.018,0.09399999678134918,180.083,1907.831,0.2590000033378601,220.091,1907.899,0.07500000298023224,182.583,836.697,0.9980000257492065
2707,947.744,1779.948,0.0729999989271164,955.803,1772.018,0.21699999272823334,180.12,1907.831,0.24300000071525574,220.2,1916.094,0.061000000685453415,182.334,837.03,0.9990000128746033
2708,947.91,1787.607,0.052000001072883606,955.856,1771.983,0.03999999910593033,180.12,1907.831,0.3490000069141388,220.205,1916.213,0.10199999809265137,181.939,837.532,0.9980000257492065
2709,,,,955.856,1771.927,0.1459999978542328,180.431,1907.287,0.43799999356269836,227.787,1916.249,0.09200000017881393,181.939,837.532,0.9990000128746033
2710,,,,955.969,1771.927,0.05299999937415123,180.519,1900.035,0.6769999861717224,236.218,1916.249,0.11100000143051147,182.028,837.548,0.9990000128746033
2711,955.909,1787.696,0.22599999606609344,955.969,1771.983,0.22699999809265137,180.431,1900.005,0.3449999988079071,227.787,1916.249,0.2280000001192093,181.616,837.532,0.9990000128746033
2712,,,,,,,179.821,1900.035,0.5120000243186951,227.787,1916.218,0.17000000178813934,181.616,837.293,0.9990000128746033
2713,,,,,,,180.519,1900.035,0.10400000214576721,220.044,1907.923,0.06400000303983688,181.742,837.293,1.0
2714,,,,,,,187.874,1907.957,0.11299999803304672,219.973,1907.923,0.19499999284744263,181.742,837.472,1.0
2715,100.109,1635.944,0.03200000151991844,,,,,,,156.233,1907.923,0.035999998450279236,181.742,837.293,0.9990000128746033
2716,100.109,1636.05,0.03400000184774399,,,,,,,156.233,1907.923,0.061000000685453415,182.066,836.448,0.9990000128746033
2717,100.109,1636.092,0.04699999839067459,,,,196.313,1900.01,0.04500000178813934,156.233,1907.976,0.039000000804662704,182.646,837.131,1.0
2718,100.109,1636.111,0.028999999165534973,,,,203.89,1908.071,0.03200000151991844,220.005,1908.016,0.04399999976158142,182.767,836.384,0.9990000128746033
2719,100.109,1636.163,0.04399999976158142,,,,203.945,1908.129,0.017999999225139618,268.097,1916.187,0.03200000151991844,183.596,836.338,0.9990000128746033
2720,,,,,,,,,,,,,183.704,836.301,0.9990000128746033
2721,,,,,,,,,,140.198,1907.971,0.029999999329447746,187.494,835.971,1.0
2722,,,,955.744,1771.941,0.04399999976158142,,,,172.176,1907.971,0.06599999964237213,187.586,835.971,0.9990000128746033
2723,955.866,1780.095,0.09399999678134918,955.92,1772.035,0.12200000137090683,,,,172.176,1907.971,0.07000000029802322,187.586,835.597,0.9990000128746033
2724,,,,,,,,,,172.176,1916.081,0.0860000029206276,187.586,835.597,0.9990000128746033
2725,,,,,,,,,,172.03,1915.911,0.12200000137090683,187.39,835.597,0.9990000128746033
2726,,,,,,,,,,164.307,1908.087,0.3070000112056732,187.39,835.477,0.9990000128746033
2727,,,,,,,,,,164.307,1908.428,0.07199999690055847,187.381,835.477,0.9990000128746033
2728,,,,,,,,,,164.307,1915.911,0.21899999678134918,187.381,836.086,0.9990000128746033
2729,,,,,,,,,,164.307,1915.911,0.028999999165534973,187.494,837.073,0.996999979019165
2730,,,,,,,,,,164.233,1908.428,0.08799999952316284,187.829,837.796,0.9950000047683716
2731,,,,,,,,,,164.204,1908.428,0.12099999934434891,845.176,1764.793,0.996999979019165
2732,,,,,,,187.929,1907.955,0.01600000075995922,164.204,1916.158,0.492000013589859,845.181,1764.793,0.996999979019165
2733,,,,955.914,1771.892,0.05400000140070915,187.929,1908.106,0.029999999329447746,164.233,1916.159,0.26100000739097595,845.181,1764.793,0.996999979019165
2734,,,,,,,196.136,1908.128,0.023000000044703484,164.252,1908.419,0.0860000029206276,845.181,1764.188,0.9919999837875366
2735,,,,,,,196.14,1908.314,0.026000000536441803,164.252,1908.323,0.09300000220537186,187.877,838.668,0.9990000128746033
2736,,,,,,,,,,164.252,1908.067,0.05700000002980232,187.752,837.798,0.9980000257492065
2737,,,,,,,,,,156.145,1907.964,0.1120000034570694,183.394,836.755,0.9990000128746033
2738,,,,,,,,,,156.129,1907.952,0.25099998712539673,182.349,836.755,0.9990000128746033
2739,,,,,,,,,,156.111,1907.938,0.050999999046325684,182.349,836.708,0.9990000128746033
2740,,,,,,,,,,156.111,1907.939,0.028999999165534973,182.349,836.708,0.9990000128746033
2741,,,,,,,,,,156.02,1907.939,0.01899999938905239,182.615,837.401,0.9980000257492065
2742,99.902,1628.196,0.023000000044703484,,,,,,,156.02,1907.939,0.04500000178813934,182.845,837.457,0.996999979019165
2743,99.982,1628.236,0.01899999938905239,,,,171.935,1908.087,0.017000000923871994,156.111,1907.938,0.03700000047683716,182.864,837.765,0.9980000257492065
2744,,,,,,,,,,163.907,1907.923,0.07800000160932541,187.653,842.617,0.9940000176429749
2745,,,,,,,,,,203.527,1907.923,0.07100000232458115,187.653,842.797,0.9950000047683716
2746,99.949,1628.246,0.02199999988079071,,,,,,,203.527,779.701,0.14000000059604645,187.715,842.797,0.9950000047683716
2747,99.952,1628.309,0.02500000037252903,,,,,,,203.527,779.68,0.1459999978542328,187.785,842.617,0.9940000176429749
2748,,,,,,,,,,203.512,779.68,0.11500000208616257,187.972,838.044,0.9959999918937683
2749,108.011,1628.033,0.02800000086426735,,,,,,,203.473,779.668,0.11599999666213989,188.418,836.891,0.9980000257492065
2750,108.024,1628.038,0.027000000700354576,,,,,,,203.462,779.648,0.09799999743700027,188.418,836.891,0.9990000128746033
2751,,,,,,,,,,203.462,779.648,0.04399999976158142,188.418,836.462,0.9990000128746033
2752,108.021,1628.013,0.02800000086426735,,,,,,,203.473,779.648,0.06400000303983688,188.33,836.387,0.9990000128746033
2753,,,,,,,,,,219.969,1907.792,0.03200000151991844,188.291,835.739,0.9990000128746033
2754,108.014,1628.016,0.03200000151991844,,,,,,,220.062,1907.818,0.04699999839067459,187.967,835.604,0.9990000128746033
2755,,,,,,,,,,220.062,1907.888,0.054999999701976776,187.828,835.514,0.9990000128746033
2756,,,,,,,,,,220.062,1908.403,0.035999998450279236,187.828,835.514,0.9990000128746033
2757,,,,,,,196.082,1908.247,0.014000000432133675,172.031,1915.905,0.09099999815225601,187.828,835.514,0.9990000128746033
2758,,,,,,,,,,172.031,1915.905,0.15399999916553497,850.243,1765.411,0.9990000128746033
2759,,,,,,,,,,163.86,1915.905,0.032999999821186066,850.429,1765.525,0.9990000128746033
2760,956.051,1764.088,0.02800000086426735,,,,196.069,1908.046,0.029999999329447746,163.86,1908.017,0.041999999433755875,850.429,1765.525,0.9990000128746033
2761,,,,,,,196.096,1908.078,0.013000000268220901,172.031,1907.994,0.04600000008940697,850.429,1765.411,0.9990000128746033
2762,,,,,,,,,,203.561,1907.994,0.0820000022649765,849.897,1764.975,0.9990000128746033
2763,,,,,,,,,,203.84,1908.017,0.023000000044703484,848.87,1764.551,0.9990000128746033
2764,107.942,1628.083,0.04600000008940697,,,,,,,203.84,1908.184,0.03999999910593033,183.198,837.916,0.9990000128746033
2765,107.999,1628.109,0.032999999821186066,,,,,,,203.84,1908.184,0.08799999952316284,183.198,837.916,0.9990000128746033
2766,,,,,,,,,,164.201,1908.184,0.2720000147819519,182.914,837.916,0.9990000128746033
2767,107.972,1628.079,0.028999999165534973,91.989,1451.803,0.03799999877810478,,,,156.187,1907.979,0.3659999966621399,182.504,837.916,0.9990000128746033
2768,932.19,1764.093,0.026000000536441803,955.81,1771.907,0.03400000184774399,,,,156.187,1907.979,0.8999999761581421,182.914,837.916,0.9990000128746033
2769,956.033,1771.948,0.05000000074505806,955.863,1771.93,0.027000000700354576,,,,156.15,1907.979,0.3540000021457672,182.914,837.485,0.9990000128746033
2770,956.124,1779.87,0.02800000086426735,,,,,,,156.15,1907.979,0.46000000834465027,183.405,837.328,0.9990000128746033
2771,,,,,,,,,,156.15,1908.016,0.061000000685453415,183.515,836.551,0.9990000128746033
2772,955.948,1764.034,0.029999999329447746,,,,,,,156.129,1908.016,0.16200000047683716,187.237,836.512,0.9980000257492065
2773,,,,,,,,,,156.129,1908.016,0.14300000667572021,187.237,836.432,0.9990000128746033
2774,955.935,1764.024,0.03799999877810478,,,,,,,156.129,1907.991,0.29499998688697815,187.274,836.298,0.9990000128746033
2775,955.951,1764.03,0.02199999988079071,,,,,,,156.129,1907.991,0.17599999904632568,187.274,836.298,0.9990000128746033
2776,,,,,,,,,,156.129,1907.991,0.20100000500679016,187.257,836.186,0.9980000257492065
2777,,,,,,,,,,156.065,1907.959,0.07599999755620956,187.257,835.695,0.9980000257492065
2778,,,,,,,,,,148.476,1907.979,0.13099999725818634,187.274,835.695,0.9980000257492065
2779,956.224,1763.556,0.28600001335144043,947.801,1755.906,0.026000000536441803,,,,156.065,1915.853,0.014999999664723873,187.367,835.695,0.9959999918937683
2780,956.315,1763.739,0.15800000727176666,947.941,1763.762,0.024000000208616257,,,,156.065,1915.853,0.039000000804662704,187.257,836.493,0.9980000257492065
2781,956.315,1763.739,0.11100000143051147,956.043,1763.959,0.02800000086426735,203.93,1908.172,0.017999999225139618,156.041,1915.906,0.06300000101327896,187.246,836.96,0.9980000257492065
2782,956.315,1763.917,0.06300000101327896,,,,,,,156.041,1915.906,0.026000000536441803,187.246,837.359,0.9990000128746033
2783,963.962,1771.711,0.019999999552965164,91.831,1443.96,0.05000000074505806,,,,156.041,1915.906,0.14399999380111694,187.246,837.83,0.9990000128746033
2784,964.352,1771.711,0.017000000923871994,92.037,1443.96,0.06800000369548798,,,,155.983,1915.905,0.11400000005960464,187.246,838.773,0.996999979019165
2785,,,,92.059,1451.748,0.07000000029802322,203.975,1915.872,0.04699999839067459,155.983,1908.171,0.03400000184774399,187.326,838.773,1.0
2786,,,,,,,203.993,1915.877,0.027000000700354576,155.983,1907.939,0.09600000083446503,187.326,838.773,1.0
2787,,,,,,,,,,156.131,1907.9,0.041999999433755875,849.579,1756.852,0.9990000128746033
2788,956.126,1763.67,0.019999999552965164,,,,,,,156.131,1907.814,0.05400000140070915,849.568,1757.053,0.9990000128746033
2789,963.59,1763.67,0.04600000008940697,,,,,,,156.158,1907.798,0.2070000022649765,849.568,1756.792,1.0
2790,963.626,1763.67,0.03200000151991844,91.845,1451.696,0.057999998331069946,,,,156.158,1907.814,0.08399999886751175,849.579,1757.062,1.0
2791,963.626,1755.899,0.10999999940395355,91.895,1451.72,0.13199999928474426,,,,156.158,1907.814,0.02500000037252903,850.504,1757.189,0.9980000257492065
2792,963.692,1755.899,0.06800000369548798,91.909,1451.759,0.2879999876022339,,,,163.921,1899.983,0.0560000017285347,850.504,1757.062,0.9990000128746033
2793,963.692,1755.899,0.5080000162124634,91.896,1451.732,0.1679999977350235,,,,203.508,1907.924,0.07699999958276749,850.504,1756.792,0.9990000128746033
2794,964.255,1763.626,0.4950000047683716,91.896,1451.741,0.05700000002980232,,,,196.083,1908.026,0.04500000178813934,851.364,1757.062,0.9980000257492065
2795,964.255,1763.626,0.29100000858306885,91.989,1451.741,0.12200000137090683,91.68,1492.055,0.02800000086426735,196.083,1908.026,0.028999999165534973,851.364,1757.228,0.9980000257492065
2796,964.258,1763.664,0.2800000011920929,92.008,1451.785,0.07999999821186066,91.683,1492.097,0.03200000151991844,203.912,1916.027,0.03099999949336052,851.364,1760.681,0.9980000257492065
2797,964.283,1763.664,0.13099999725818634,,,,,,,196.083,1916.027,0.04399999976158142,851.364,1760.681,0.9990000128746033
2798,964.29,1763.664,0.054999999701976776,,,,,,,196.056,1916.027,0.023000000044703484,851.364,1760.681,0.9980000257492065
2799,964.316,1763.674,0.14100000262260437,,,,,,,171.989,1915.953,0.01899999938905239,187.37,835.843,0.9990000128746033
2800,,,,,,,,,,163.955,1915.951,0.041999999433755875,187.37,835.843,0.9980000257492065
2801,,,,,,,,,,163.955,1915.951,0.09799999743700027,187.37,835.843,0.9990000128746033
2802,963.913,1755.825,0.020999999716877937,91.96,1451.799,0.0430000014603138,,,,163.959,1915.953,0.061000000685453415,187.44,836.104,0.9990000128746033
2803,,,,,,,,,,163.959,1916.059,0.05400000140070915,849.632,1757.734,0.9990000128746033
2804,,,,91.925,1451.795,0.039000000804662704,,,,163.959,1916.059,0.04899999871850014,849.801,1757.8,0.9990000128746033
2805,,,,92.007,1451.84,0.1120000034570694,,,,163.959,1916.059,0.04699999839067459,850.385,1757.8,0.9990000128746033
2806,,,,,,,,,,163.959,1908.374,0.061000000685453415,850.385,1757.734,0.9990000128746033
2807,,,,,,,,,,156.225,1908.004,0.041999999433755875,850.385,1757.462,0.9990000128746033
2808,955.954,1756.032,0.03500000014901161,,,,,,,156.225,1908.004,0.1599999964237213,183.584,837.731,1.0
2809,,,,91.914,1451.736,0.03999999910593033,,,,163.975,1908.374,0.4650000035762787,183.223,837.731,0.9990000128746033
2810,,,,91.914,1451.765,0.08900000154972076,195.992,1908.045,0.017999999225139618,164.23,1908.374,0.17000000178813934,183.223,836.005,0.9990000128746033
2811,,,,91.918,1451.771,0.10499999672174454,,,,171.993,1908.004,0.06700000166893005,183.584,836.005,1.0
2812,,,,91.918,1451.771,0.22599999606609344,196.115,1908.076,0.02199999988079071,171.993,1915.941,0.05999999865889549,183.84,836.8,0.9990000128746033
2813,956.001,1756.05,0.019999999552965164,,,,,,,171.993,1915.941,0.028999999165534973,183.84,835.812,0.9990000128746033
2814,,,,,,,,,,163.895,1908.265,0.06300000101327896,183.84,835.812,0.9990000128746033
2815,,,,,,,,,,163.873,1908.265,0.11599999666213989,183.39,835.812,1.0
2816,107.644,1628.052,0.24199999868869781,,,,,,,163.873,1915.954,0.19499999284744263,182.965,835.812,0.9990000128746033
2817,107.735,1628.111,0.03799999877810478,,,,,,,148.58,1908.265,0.0949999988079071,182.683,835.678,0.9990000128746033
2818,956.065,1756.066,0.03799999877810478,,,,,,,148.58,1908.062,0.03500000014901161,182.41,835.668,0.9990000128746033
2819,956.11,1756.066,0.03700000047683716,,,,,,,155.967,1908.019,0.010999999940395355,182.21,835.557,0.9990000128746033
2820,,,,,,,,,,156.072,1908.062,0.17399999499320984,181.577,835.485,0.9980000257492065
2821,107.559,1627.766,0.029999999329447746,,,,,,,156.072,1908.062,0.09700000286102295,181.577,835.557,0.9980000257492065
2822,,,,,,,,,,172.021,1915.907,0.08399999886751175,181.577,835.485,0.996999979019165
2823,,,,,,,,,,172.021,1915.915,0.03999999910593033,182.03,835.224,0.9980000257492065
2824,,,,,,,,,,172.027,1915.928,0.050999999046325684,182.489,835.008,0.9980000257492065
2825,,,,,,,,,,172.027,1915.928,0.04899999871850014,182.489,835.008,0.9990000128746033
2826,,,,92.065,1451.766,0.07000000029802322,,,,172.021,1915.915,0.04699999839067459,182.03,835.008,0.9990000128746033
2827,,,,92.088,1451.788,0.05900000035762787,,,,164.104,1915.915,0.057999998331069946,181.975,835.026,0.9980000257492065
2828,,,,,,,,,,164.104,1908.176,0.02500000037252903,180.83,836.771,0.9959999918937683
2829,,,,,,,,,,164.104,1908.176,0.09300000220537186,180.663,836.771,0.9959999918937683
2830,,,,,,,,,,164.104,1908.176,0.13199999928474426,180.663,836.771,0.996999979019165
2831,,,,924.044,1723.733,0.032999999821186066,,,,164.104,1908.176,0.22200000286102295,180.663,836.632,0.9909999966621399
2832,,,,,,,,,,172.095,1915.922,0.05299999937415123,180.948,836.263,0.9940000176429749
2833,,,,91.915,1451.85,0.03099999949336052,,,,172.095,1915.922,0.05700000002980232,181.779,835.694,0.9950000047683716
2834,,,,,,,,,,163.892,1915.915,0.061000000685453415,182.214,835.475,0.9950000047683716
2835,,,,,,,,,,163.892,1915.915,0.0560000017285347,182.474,835.145,0.9990000128746033
2836,,,,,,,,,,172.135,1915.922,0.10100000351667404,182.474,835.145,0.9980000257492065
2837,,,,,,,,,,,,,182.474,835.145,0.9990000128746033
2838,,,,,,,,,,,,,181.805,835.74,0.9990000128746033
2839,,,,92.073,1451.75,0.03999999910593033,,,,,,,181.13,835.871,0.9990000128746033
2840,,,,,,,,,,,,,180.92,835.871,0.9980000257492065
2841,,,,91.959,1451.859,0.04399999976158142,,,,,,,180.92,835.74,0.996999979019165
2842,100.168,1627.981,0.026000000536441803,,,,,,,,,,180.92,835.74,0.9990000128746033
2843,107.915,1628.036,0.02800000086426735,,,,,,,155.965,1907.978,0.04399999976158142,181.351,835.868,0.9990000128746033
2844,107.965,1628.042,0.05400000140070915,,,,,,,163.816,1915.84,0.06300000101327896,181.389,835.868,0.9990000128746033
2845,107.967,1635.965,0.05000000074505806,,,,187.939,1908.232,0.024000000208616257,228.056,1915.972,0.2709999978542328,181.403,836.309,0.9980000257492065
2846,,,,,,,,,,228.093,1915.972,0.04100000113248825,181.878,836.309,0.996999979019165
2847,107.917,1628.041,0.03799999877810478,,,,,,,228.093,1915.947,0.02800000086426735,181.878,836.309,0.996999979019165
2848,107.987,1628.065,0.052000001072883606,,,,187.885,1908.094,0.02199999988079071,243.911,1915.952,0.02500000037252903,181.878,835.899,0.9990000128746033
2849,,,,,,,196.093,1908.156,0.01899999938905239,252.098,1915.952,0.014999999664723873,181.358,835.899,0.9990000128746033
2850,,,,,,,196.141,1908.156,0.03099999949336052,260.081,1915.952,0.0860000029206276,181.358,835.784,0.9990000128746033
2851,,,,,,,196.152,1908.156,0.014999999664723873,267.994,1916.061,0.041999999433755875,181.358,835.899,0.9990000128746033
2852,,,,,,,196.187,1908.144,0.017999999225139618,268.024,1916.071,0.04800000041723251,181.557,836.116,0.9990000128746033
2853,,,,,,,196.269,1908.144,0.013000000268220901,,,,181.663,836.116,1.0
2854,,,,,,,196.269,1908.144,0.01600000075995922,220.116,1907.816,0.026000000536441803,181.733,835.787,0.9990000128746033
2855,908.555,1676.587,0.15299999713897705,,,,,,,,,,181.733,836.171,0.9980000257492065
2856,,,,,,,,,,155.98,1908.041,0.027000000700354576,181.733,835.787,0.9959999918937683
2857,,,,,,,203.924,1908.128,0.017000000923871994,155.98,1908.041,0.2709999978542328,181.669,835.48,0.9950000047683716
2858,,,,,,,,,,156.202,1915.853,0.09700000286102295,181.369,834.957,0.9990000128746033
2859,,,,,,,,,,156.202,1915.853,0.02199999988079071,181.369,834.71,0.9980000257492065
2860,,,,,,,,,,,,,181.669,834.102,0.996999979019165
2861,908.317,1676.656,0.03700000047683716,,,,,,,219.899,1916.085,0.039000000804662704,181.702,834.102,0.996999979019165
2862,908.497,1676.76,0.032999999821186066,,,,,,,,,,181.805,834.102,0.9959999918937683
2863,,,,,,,,,,156.152,1907.955,0.05000000074505806,182.172,834.132,0.9990000128746033
2864,940.094,1724.084,0.039000000804662704,924.116,1723.678,0.03700000047683716,187.964,1908.049,0.02500000037252903,156.186,1907.955,0.32199999690055847,182.172,834.187,0.9990000128746033
2865,,,,,,,188.027,1908.049,0.028999999165534973,156.186,1908.011,0.09399999678134918,182.097,834.307,0.9990000128746033
2866,955.889,1755.875,0.04800000041723251,924.149,1716.016,0.07199999690055847,196.276,1908.202,0.02199999988079071,172.048,1908.172,0.02500000037252903,182.097,834.307,0.9990000128746033
2867,955.995,1756.125,0.0430000014603138,,,,196.276,1908.202,0.02199999988079071,179.773,1916.025,0.04800000041723251,182.097,834.187,0.9990000128746033
2868,,,,,,,196.279,1915.815,0.020999999716877937,179.773,1916.025,0.08699999749660492,181.941,834.187,0.9990000128746033
2869,,,,,,,,,,179.797,1916.103,0.035999998450279236,182.097,833.887,1.0
2870,,,,,,,,,,179.797,1916.107,0.035999998450279236,181.941,833.717,0.9990000128746033
2871,,,,,,,,,,179.773,1916.103,0.032999999821186066,181.899,833.717,0.9990000128746033
2872,,,,,,,,,,172.018,1915.973,0.03500000014901161,181.899,833.717,0.996999979019165
2873,947.74,1755.948,0.02500000037252903,,,,,,,179.797,1916.085,0.13699999451637268,181.899,834.086,0.9980000257492065
2874,,,,,,,,,,172.084,1916.085,0.03500000014901161,181.517,834.086,0.9990000128746033
2875,,,,,,,,,,172.084,1916.085,0.04699999839067459,181.899,834.086,0.9990000128746033
2876,107.562,1627.724,0.012000000104308128,92.014,1451.829,0.29499998688697815,,,,179.934,1916.1,0.15800000727176666,181.927,834.207,0.9990000128746033
2877,107.928,1628.043,0.0560000017285347,92.112,1452.004,0.07400000095367432,,,,196.011,1916.105,0.22300000488758087,182.418,834.207,0.9990000128746033
2878,107.954,1628.058,0.03999999910593033,,,,,,,,,,182.418,834.207,0.9980000257492065
2879,107.954,1628.058,0.03799999877810478,,,,180.058,1907.936,0.026000000536441803,147.75,1900.105,0.032999999821186066,182.418,834.319,0.9980000257492065
2880,,,,,,,180.117,1907.936,0.40299999713897705,244.19,1915.988,0.07199999690055847,181.798,834.477,0.9940000176429749
2881,,,,,,,187.575,1907.947,0.3889999985694885,244.19,1915.988,0.24799999594688416,181.798,834.632,0.9990000128746033
2882,,,,,,,187.818,1907.947,0.3580000102519989,252.121,1915.988,0.25200000405311584,181.798,834.477,0.9990000128746033
2883,108.038,1627.997,0.05400000140070915,,,,187.575,1907.854,0.7139999866485596,252.121,1916.007,0.2329999953508377,181.875,834.319,0.9990000128746033
2884,,,,,,,180.399,1907.751,0.6129999756813049,243.852,1908.148,0.3499999940395355,181.875,834.431,0.9990000128746033
2885,908.419,1692.593,0.024000000208616257,,,,187.575,1907.854,0.6349999904632568,148.398,1907.83,0.22100000083446503,181.875,834.229,1.0
2886,955.85,1755.158,0.07500000298023224,,,,187.818,1907.854,0.36000001430511475,227.904,1907.83,0.45899999141693115,181.776,834.229,0.9990000128746033
2887,955.85,1755.158,0.4429999887943268,,,,187.989,1907.955,0.4580000042915344,227.614,1907.877,0.4189999997615814,181.776,834.229,0.9990000128746033
2888,955.976,1755.25,0.5070000290870667,,,,187.989,1907.955,0.32600000500679016,203.451,1900.141,0.35899999737739563,181.573,834.431,0.9990000128746033
2889,955.85,1755.158,0.7649999856948853,,,,187.989,1907.955,0.18199999630451202,203.451,1900.117,0.5569999814033508,181.349,834.781,0.9990000128746033
2890,955.85,1755.158,0.13600000739097595,,,,187.989,1907.955,0.29600000381469727,203.451,1907.877,0.3310000002384186,181.349,835.048,0.9990000128746033
2891,955.994,1755.596,0.07400000095367432,,,,187.989,1907.935,0.30399999022483826,203.451,1907.875,0.13099999725818634,181.578,835.526,0.9990000128746033
2892,,,,,,,187.906,1900.036,0.22499999403953552,203.451,1907.875,0.25200000405311584,181.578,835.647,0.996999979019165
2893,908.08,1692.046,0.3190000057220459,,,,188.015,1900.001,0.3919999897480011,156.086,1907.875,0.2770000100135803,187.52,835.647,0.996999979019165
2894,,,,,,,188.015,1907.643,0.30799999833106995,220.051,1907.986,0.19200000166893005,187.52,835.048,0.9950000047683716
2895,,,,,,,187.859,1900.001,0.15600000321865082,220.051,1907.986,0.32100000977516174,187.52,833.952,0.996999979019165
2896,,,,,,,187.859,1900.001,0.36800000071525574,203.419,1907.986,0.07599999755620956,181.891,833.676,0.9980000257492065
2897,,,,,,,196.249,1907.643,0.125,188.055,1908.124,0.21199999749660492,181.891,833.676,0.996999979019165
2898,,,,,,,,,,188.055,1916.034,0.028999999165534973,180.923,833.676,0.9950000047683716
2899,,,,,,,,,,172.163,1916.034,0.061000000685453415,180.701,834.456,0.9959999918937683
2900,,,,,,,,,,172.163,1916.108,0.17299999296665192,180.701,834.696,0.9959999918937683
2901,,,,,,,212.05,1900.109,0.03700000047683716,172.16,1916.108,0.1979999989271164,180.896,834.696,0.996999979019165
2902,,,,,,,212.093,1900.132,0.026000000536441803,172.16,1916.108,0.24699999392032623,180.896,834.651,0.9980000257492065
2903,,,,,,,,,,171.989,1916.164,0.06700000166893005,181.369,834.696,0.9980000257492065
2904,107.97,1627.988,0.05900000035762787,,,,,,,171.989,1916.164,0.0430000014603138,181.51,834.744,0.9980000257492065
2905,107.975,1627.991,0.06199999898672104,,,,,,,202.794,1907.983,0.4180000126361847,181.755,835.325,0.9980000257492065
2906,107.975,1628.0,0.07699999958276749,,,,,,,203.286,1916.381,0.4519999921321869,182.234,835.82,0.9980000257492065
2907,107.976,1627.991,0.08100000023841858,,,,,,,220.426,1916.417,0.5839999914169312,182.234,837.023,0.9890000224113464
2908,107.995,1627.991,0.052000001072883606,,,,,,,,,,182.234,837.023,0.9929999709129333
2909,107.987,1627.959,0.2199999988079071,,,,,,,,,,181.264,837.587,0.9950000047683716
2910,107.995,1627.959,0.08699999749660492,,,,,,,,,,181.264,837.587,0.9980000257492065
2911,107.995,1627.957,0.07699999958276749,,,,,,,,,,181.264,837.587,0.9959999918937683
2912,107.987,1627.957,0.07999999821186066,,,,,,,,,,860.387,1755.007,0.996999979019165
2913,107.987,1627.828,0.17299999296665192,,,,,,,,,,860.387,1755.307,0.9950000047683716
2914,107.998,1627.828,0.2329999953508377,,,,,,,,,,860.387,1755.637,0.9929999709129333
2915,108.051,1627.828,0.3140000104904175,,,,,,,,,,860.25,1755.637,0.9890000224113464
2916,108.051,1627.938,0.20800000429153442,,,,,,,,,,860.178,1755.605,0.9869999885559082
2917,108.051,1627.972,0.16300000250339508,,,,,,,,,,860.096,1755.605,0.9950000047683716
2918,108.057,1628.002,0.050999999046325684,,,,,,,,,,860.096,1755.59,0.9890000224113464
2919,108.057,1628.011,0.04100000113248825,,,,,,,,,,860.178,1755.59,0.9890000224113464
2920,,,,,,,,,,,,,860.079,1752.145,0.9739999771118164
2921,106.644,1627.852,0.08500000089406967,,,,,,,,,,860.427,1752.145,0.9929999709129333
2922,107.214,1627.852,0.054999999701976776,,,,,,,,,,860.427,1751.178,0.9909999966621399
2923,107.214,1627.852,0.1860000044107437,,,,,,,,,,180.809,842.368,0.9860000014305115
2924,107.2,1627.521,0.13099999725818634,,,,,,,,,,180.809,842.368,0.9950000047683716
2925,107.2,1627.521,0.36899998784065247,,,,,,,,,,860.549,1755.698,0.996999979019165
2926,107.214,1627.521,0.32199999690055847,,,,,,,,,,861.152,1755.698,0.996999979019165
2927,107.621,1627.725,0.4860000014305115,,,,,,,,,,861.152,1755.772,0.9950000047683716
2928,107.728,1627.751,0.06800000369548798,,,,,,,,,,861.152,1755.941,0.9980000257492065
2929,107.738,1627.752,0.12099999934434891,,,,,,,,,,861.193,1755.962,0.996999979019165
2930,107.728,1627.751,0.08299999684095383,,,,,,,83.948,1564.27,0.017999999225139618,861.274,1756.068,0.996999979019165
2931,107.728,1627.752,0.05700000002980232,,,,,,,,,,861.38,1756.673,0.9980000257492065
2932,107.855,1627.873,0.11900000274181366,,,,,,,,,,861.435,1756.894,0.9950000047683716
2933,107.894,1627.937,0.0430000014603138,,,,,,,,,,861.435,1756.902,0.9940000176429749
2934,107.987,1627.991,0.039000000804662704,,,,,,,,,,861.498,1756.902,0.996999979019165
2935,,,,,,,,,,,,,861.498,1756.902,0.9990000128746033
2936,,,,,,,,,,83.791,1564.388,0.01899999938905239,861.561,1756.782,0.996999979019165
2937,,,,,,,,,,,,,861.426,1756.427,0.9900000095367432
2938,107.234,1627.509,0.04600000008940697,,,,,,,,,,861.095,1755.995,0.9959999918937683
2939,107.813,1627.967,0.04699999839067459,,,,,,,,,,861.095,1755.667,0.9980000257492065
2940,,,,,,,,,,,,,181.193,835.882,0.9990000128746033
2941,,,,,,,,,,,,,181.04,835.514,0.996999979019165
2942,,,,,,,,,,,,,181.193,835.882,0.996999979019165
2943,,,,,,,,,,,,,181.256,835.514,0.9990000128746033
2944,,,,,,,,,,,,,181.04,835.08,0.9980000257492065
2945,107.988,1627.973,0.05900000035762787,,,,,,,,,,180.707,834.418,0.9980000257492065
2946,107.99,1627.979,0.06800000369548798,,,,,,,,,,180.707,834.418,0.9990000128746033
2947,107.994,1627.979,0.0729999989271164,,,,,,,,,,180.605,834.413,0.9929999709129333
2948,107.994,1627.973,0.10100000351667404,,,,,,,92.059,1595.917,0.03099999949336052,180.605,834.361,0.9940000176429749
2949,108.01,1627.975,0.07400000095367432,,,,,,,,,,180.605,834.361,0.996999979019165
2950,108.019,1627.972,0.08500000089406967,,,,,,,,,,180.653,834.367,0.9980000257492065
2951,108.018,1627.972,0.05400000140070915,,,,,,,92.039,1596.064,0.050999999046325684,180.653,834.367,0.996999979019165
2952,108.019,1627.963,0.11599999666213989,,,,,,,,,,180.653,834.46,0.9980000257492065
2953,108.019,1627.963,0.12999999523162842,,,,,,,76.147,1555.748,0.020999999716877937,180.116,834.46,0.9950000047683716
2954,108.019,1627.963,0.164000004529953,,,,,,,,,,179.926,834.367,0.9990000128746033
2955,108.019,1627.973,0.10100000351667404,,,,,,,,,,179.866,834.46,0.9990000128746033
2956,108.031,1627.986,0.07400000095367432,,,,,,,,,,179.769,834.244,0.9980000257492065
2957,108.039,1627.988,0.03999999910593033,,,,,,,,,,179.769,834.054,0.9980000257492065
2958,,,,,,,,,,,,,179.769,834.047,0.9980000257492065
2959,108.006,1627.989,0.13500000536441803,,,,,,,,,,179.911,834.047,0.9980000257492065
2960,108.025,1627.989,0.07800000160932541,,,,,,,,,,180.107,834.047,0.9909999966621399
2961,108.03,1627.996,0.09099999815225601,,,,,,,,,,861.028,1756.737,0.9800000190734863
2962,108.025,1627.989,0.11100000143051147,,,,,,,83.909,1548.168,0.0430000014603138,861.028,1756.737,0.996999979019165
2963,108.006,1627.985,0.08100000023841858,,,,,,,84.243,1588.319,0.06499999761581421,861.028,1756.81,0.9940000176429749
2964,108.03,1627.982,0.03400000184774399,,,,,,,91.948,1588.505,0.02800000086426735,861.037,1756.81,0.9950000047683716
2965,108.03,1627.985,0.054999999701976776,,,,,,,,,,860.969,1756.737,0.9940000176429749
2966,107.984,1627.982,0.32600000500679016,,,,,,,84.021,1556.266,0.07800000160932541,860.929,1756.649,0.9940000176429749
2967,107.984,1627.982,0.4059999883174896,,,,,,,84.219,1556.295,0.18199999630451202,860.839,1756.649,0.9929999709129333
2968,108.11,1627.957,0.3889999985694885,,,,,,,84.316,1588.544,0.04100000113248825,860.789,1756.648,0.9959999918937683
2969,108.054,1627.957,0.18000000715255737,,,,,,,84.316,1588.544,0.057999998331069946,860.581,1756.198,0.9959999918937683
2970,108.054,1627.957,0.32499998807907104,,,,,,,,,,860.581,1756.198,0.9940000176429749
2971,108.054,1627.957,0.1459999978542328,,,,,,,,,,860.175,1755.709,0.9959999918937683
2972,108.08,1627.964,0.0860000029206276,,,,,,,83.763,1596.282,0.029999999329447746,860.581,1756.198,0.996999979019165
2973,108.064,1627.967,0.2540000081062317,,,,,,,,,,860.761,1756.581,0.9959999918937683
2974,108.064,1627.969,0.1289999932050705,,,,,,,83.6,1564.261,0.020999999716877937,860.761,1756.581,0.9940000176429749
2975,108.064,1627.969,0.14300000667572021,,,,,,,83.6,1588.532,0.03099999949336052,179.783,836.873,0.9929999709129333
2976,108.082,1627.972,0.09399999678134918,,,,,,,83.6,1596.156,0.019999999552965164,179.783,835.077,0.9879999756813049
2977,,,,,,,,,,83.554,1596.156,0.07199999690055847,178.637,835.077,0.9980000257492065
2978,,,,,,,,,,83.554,1596.208,0.0860000029206276,178.637,835.077,0.9909999966621399
2979,107.869,1627.896,0.07000000029802322,,,,,,,83.554,1596.227,0.04800000041723251,178.637,835.853,0.9940000176429749
2980,108.0,1627.988,0.06700000166893005,,,,,,,83.562,1596.227,0.03200000151991844,179.325,835.872,0.9959999918937683
2981,108.015,1627.993,0.0860000029206276,,,,,,,,,,179.58,835.872,0.9990000128746033
2982,,,,,,,,,,83.989,1555.978,0.024000000208616257,179.653,836.493,0.9990000128746033
2983,107.974,1628.001,0.10400000214576721,,,,,,,83.989,1555.993,0.04500000178813934,180.213,836.986,0.9990000128746033
2984,107.982,1628.014,0.14800000190734863,,,,,,,84.043,1556.061,0.035999998450279236,861.177,1755.294,0.9959999918937683
2985,108.008,1628.019,0.08900000154972076,,,,,,,83.989,1564.195,0.04399999976158142,861.26,1755.781,0.9959999918937683
2986,108.008,1628.019,0.06199999898672104,,,,,,,84.043,1564.432,0.032999999821186066,861.419,1756.087,0.9959999918937683
2987,108.011,1628.019,0.09799999743700027,,,,,,,83.989,1603.688,0.04800000041723251,865.195,1756.208,0.996999979019165
2988,108.016,1628.019,0.12999999523162842,,,,,,,84.043,1603.89,0.05299999937415123,866.669,1756.223,0.9959999918937683
2989,108.04,1628.018,0.15399999916553497,,,,,,,83.989,1603.693,0.5809999704360962,866.669,1756.407,0.996999979019165
2990,108.04,1628.013,0.4169999957084656,,,,75.762,1595.679,0.04600000008940697,83.989,1603.693,0.3050000071525574,866.669,1756.407,0.996999979019165
2991,108.04,1628.013,0.17900000512599945,,,,,,,83.989,1603.688,0.10599999874830246,866.827,1756.42,0.9980000257492065
2992,108.032,1627.978,0.15600000321865082,,,,,,,84.044,1603.693,0.023000000044703484,866.587,1756.42,0.9959999918937683
2993,108.032,1627.971,0.14399999380111694,92.057,1451.864,0.029999999329447746,,,,83.359,1596.115,0.02800000086426735,865.452,1756.42,0.9890000224113464
2994,108.032,1627.966,0.0860000029206276,92.107,1451.885,0.07199999690055847,,,,83.621,1596.098,0.019999999552965164,178.88,837.059,0.9829999804496765
2995,108.032,1627.966,0.12399999797344208,,,,,,,84.044,1596.115,0.09000000357627869,178.88,837.014,0.9909999966621399
2996,108.016,1627.966,0.12800000607967377,,,,,,,84.116,1604.141,0.023000000044703484,178.88,837.014,0.984000027179718
2997,107.984,1627.966,0.0689999982714653,,,,,,,,,,178.939,837.059,0.9860000014305115
2998,107.984,1627.98,0.05299999937415123,,,,,,,,,,865.742,1756.543,0.9900000095367432
2999,107.984,1627.984,0.04899999871850014,,,,,,,83.919,1588.221,0.06599999964237213,866.089,1756.543,0.9909999966621399
3000,,,,,,,,,,,,,866.089,1756.543,0.9959999918937683
3001,107.981,1627.999,0.04100000113248825,,,,,,,83.631,1588.244,0.054999999701976776,865.742,1756.288,0.9929999709129333
3002,107.995,1628.008,0.06300000101327896,,,,,,,83.681,1588.392,0.20499999821186066,179.366,836.424,0.996999979019165
3003,108.0,1628.014,0.04399999976158142,,,,,,,83.681,1588.392,0.20100000500679016,179.366,836.424,0.996999979019165
3004,108.019,1628.017,0.07199999690055847,,,,,,,83.681,1588.427,0.3100000023841858,179.366,836.424,0.9980000257492065
3005,,,,,,,,,,83.681,1588.47,0.07199999690055847,179.046,836.621,0.9980000257492065
3006,,,,,,,,,,,,,179.046,837.259,0.9980000257492065
3007,,,,,,,,,,75.977,1580.31,0.02800000086426735,179.427,837.319,0.996999979019165
3008,,,,,,,,,,76.32,1588.062,0.07699999958276749,179.752,837.319,0.996999979019165
3009,,,,,,,,,,83.507,1588.46,0.06199999898672104,179.79,837.319,0.9980000257492065
3010,,,,,,,,,,,,,179.79,836.155,0.9980000257492065
3011,,,,,,,,,,76.04,1587.945,0.05400000140070915,179.79,835.349,0.9990000128746033
3012,,,,,,,,,,83.502,1595.813,0.035999998450279236,179.435,835.349,0.9990000128746033
3013,,,,,,,,,,,,,178.782,835.349,0.9959999918937683
3014,,,,,,,,,,,,,178.33,835.473,0.9959999918937683
3015,107.772,1620.065,0.03700000047683716,,,,,,,83.482,1556.291,0.02199999988079071,178.33,835.972,0.9869999885559082
3016,,,,,,,,,,84.485,1595.934,0.02800000086426735,178.137,836.333,0.9919999837875366
3017,107.77,1620.07,0.04899999871850014,,,,,,,,,,177.795,836.333,0.9860000014305115
3018,,,,,,,,,,75.696,1588.5,0.04800000041723251,177.795,836.414,0.9739999771118164
3019,,,,,,,,,,75.706,1589.111,0.32899999618530273,177.684,836.414,0.9760000109672546
3020,108.024,1627.984,0.061000000685453415,,,,,,,75.768,1589.111,0.6859999895095825,177.493,836.044,0.9660000205039978
3021,108.025,1627.996,0.34299999475479126,,,,,,,75.768,1588.955,0.4740000069141388,177.493,836.044,0.9829999804496765
3022,108.083,1628.009,0.0949999988079071,,,,,,,75.768,1588.955,0.4790000021457672,177.755,835.791,0.9599999785423279
3023,108.083,1628.013,0.06800000369548798,,,,,,,75.812,1588.692,0.5299999713897705,177.755,835.49,0.9649999737739563
3024,108.083,1627.996,0.0820000022649765,,,,,,,83.729,1588.648,0.3240000009536743,178.313,835.791,0.9769999980926514
3025,108.058,1627.996,0.07000000029802322,,,,,,,84.072,1588.523,0.20600000023841858,851.369,1748.557,0.9850000143051147
3026,107.791,1620.177,0.052000001072883606,,,,,,,84.103,1572.265,0.1720000058412552,851.369,1749.581,0.9419999718666077
3027,107.791,1620.172,0.04399999976158142,,,,,,,84.103,1572.265,0.07100000232458115,852.338,1749.867,0.9570000171661377
3028,107.791,1620.168,0.057999998331069946,,,,,,,84.072,1572.256,0.04600000008940697,852.338,1749.867,0.9750000238418579
3029,107.808,1620.168,0.03999999910593033,,,,,,,83.801,1572.208,0.04899999871850014,851.369,1749.581,0.9890000224113464
3030,107.808,1620.141,0.028999999165534973,,,,,,,83.648,1572.043,0.03200000151991844,178.367,836.918,0.9850000143051147
3031,107.829,1620.141,0.14900000393390656,,,,,,,83.629,1571.953,0.07100000232458115,178.367,836.918,0.9959999918937683
3032,107.829,1627.894,0.08299999684095383,,,,,,,83.629,1571.953,0.06599999964237213,178.367,836.64,0.9959999918937683
3033,107.758,1627.938,0.27300000190734863,,,,,,,76.101,1572.043,0.08699999749660492,178.367,835.939,0.9940000176429749
3034,107.758,1627.938,0.7099999785423279,,,,,,,76.101,1571.955,0.1809999942779541,178.713,835.939,0.996999979019165
3035,107.831,1628.013,0.5170000195503235,,,,,,,76.101,1588.789,0.1120000034570694,178.881,835.939,0.996999979019165
3036,107.831,1628.013,0.4390000104904175,,,,,,,83.457,1595.942,0.11699999868869781,178.881,835.939,0.9950000047683716
3037,107.831,1628.013,0.23499999940395355,,,,,,,83.457,1595.942,0.19099999964237213,179.004,835.939,0.9819999933242798
3038,107.946,1627.987,0.19200000166893005,,,,,,,83.781,1595.942,0.08299999684095383,179.004,835.551,0.9660000205039978
3039,108.052,1627.987,0.164000004529953,,,,,,,,,,179.004,835.551,0.9829999804496765
3040,108.052,1627.987,0.2329999953508377,,,,,,,75.906,1587.989,0.05299999937415123,178.907,835.619,0.9929999709129333
3041,108.02,1627.989,0.05700000002980232,,,,,,,75.953,1588.478,0.20499999821186066,178.176,835.1,0.9929999709129333
3042,108.02,1627.989,0.10999999940395355,,,,,,,83.726,1588.478,0.11999999731779099,178.176,834.473,0.9980000257492065
3043,108.02,1627.989,0.11699999868869781,,,,,,,84.162,1588.478,0.04600000008940697,178.02,834.7,0.9980000257492065
3044,107.781,1627.656,0.3230000138282776,,,,,,,84.162,1580.092,0.035999998450279236,177.989,834.7,0.9980000257492065
3045,107.781,1627.656,0.08500000089406967,,,,,,,83.938,1572.388,0.052000001072883606,178.02,834.7,0.9980000257492065
3046,107.781,1627.656,0.0430000014603138,,,,,,,83.726,1572.388,0.23999999463558197,178.301,834.857,0.9980000257492065
3047,108.005,1628.015,0.03799999877810478,,,,84.083,1540.452,0.027000000700354576,83.501,1572.388,0.6309999823570251,178.646,835.209,0.9860000014305115
3048,108.021,1628.015,0.05400000140070915,,,,,,,83.501,1572.388,0.37700000405311584,178.733,835.789,0.9739999771118164
3049,108.023,1628.015,0.11599999666213989,,,,,,,83.737,1572.388,0.2630000114440918,853.735,1749.341,0.9419999718666077
3050,108.029,1628.007,0.05000000074505806,,,,,,,82.904,1580.097,0.3140000104904175,853.735,1749.978,0.9890000224113464
3051,108.034,1628.004,0.07400000095367432,,,,,,,82.904,1580.097,0.0430000014603138,853.735,1749.978,0.984000027179718
3052,108.036,1627.989,0.057999998331069946,,,,,,,75.858,1587.906,0.09600000083446503,852.275,1749.341,0.9539999961853027
3053,108.04,1627.989,0.08799999952316284,,,,,,,75.556,1603.818,0.11800000071525574,179.135,836.265,0.9919999837875366
3054,108.059,1627.989,0.08100000023841858,,,,,,,75.556,1603.818,0.19599999487400055,179.135,836.265,0.9810000061988831
3055,,,,,,,,,,75.556,1603.818,0.19099999964237213,179.084,836.236,0.9459999799728394
3056,108.017,1627.958,0.03799999877810478,,,,,,,75.556,1603.726,0.07599999755620956,179.084,836.265,0.9139999747276306
3057,108.017,1627.998,0.050999999046325684,,,,,,,75.921,1596.019,0.041999999433755875,852.76,1746.46,0.9399999976158142
3058,108.036,1628.0,0.17399999499320984,,,,,,,75.981,1595.85,0.18400000035762787,852.76,1746.46,0.9449999928474426
3059,108.028,1628.0,0.06300000101327896,,,,,,,75.981,1588.367,0.20399999618530273,179.261,834.639,0.9800000190734863
3060,108.017,1628.003,0.0689999982714653,,,,,,,75.981,1588.367,0.38999998569488525,179.261,834.639,0.9789999723434448
3061,108.012,1628.003,0.07500000298023224,,,,,,,76.154,1588.367,0.11800000071525574,179.017,834.306,0.9890000224113464
3062,108.022,1628.003,0.04399999976158142,,,,,,,76.206,1596.334,0.050999999046325684,178.908,829.33,0.9890000224113464
3063,108.008,1628.003,0.2750000059604645,,,,,,,,,,178.664,829.198,0.9900000095367432
3064,108.008,1627.985,0.11999999731779099,,,,,,,75.976,1588.001,0.03400000184774399,178.664,829.198,0.9909999966621399
3065,108.022,1627.972,0.2370000034570694,,,,,,,76.064,1588.069,0.06700000166893005,178.664,829.198,0.9649999737739563
3066,108.022,1627.972,0.1599999964237213,,,,,,,76.093,1596.181,0.02800000086426735,179.415,829.298,0.9900000095367432
3067,108.027,1627.985,0.15199999511241913,,,,,,,,,,179.512,829.657,0.9959999918937683
3068,108.037,1627.985,0.08299999684095383,,,,,,,83.209,1564.58,0.017999999225139618,179.578,829.657,0.996999979019165
3069,108.046,1628.002,0.17000000178813934,,,,,,,83.347,1588.425,0.02800000086426735,179.512,829.298,0.9980000257492065
3070,108.063,1628.034,0.08900000154972076,,,,,,,83.347,1595.873,0.13300000131130219,179.43,829.269,0.9940000176429749
3071,,,,,,,,,,83.347,1595.873,0.06800000369548798,179.512,828.866,0.9810000061988831
3072,,,,,,,,,,83.347,1595.873,0.09200000017881393,179.578,828.568,0.9240000247955322
3073,108.009,1628.011,0.052000001072883606,,,,,,,83.347,1588.329,0.01899999938905239,179.679,828.568,0.9330000281333923
3074,108.018,1628.014,0.17399999499320984,,,,,,,83.772,1588.301,0.02800000086426735,179.679,828.568,0.9589999914169312
3075,108.04,1628.014,0.054999999701976776,,,,,,,83.772,1588.301,0.04500000178813934,179.679,835.123,0.9610000252723694
3076,108.041,1628.018,0.13699999451637268,,,,,,,83.313,1588.329,0.04800000041723251,179.679,835.123,0.9700000286102295
3077,108.041,1628.018,0.10999999940395355,,,,,,,76.046,1596.135,0.20499999821186066,179.346,835.123,0.9729999899864197
3078,108.053,1628.018,0.05700000002980232,,,,,,,76.018,1596.136,0.2409999966621399,179.346,834.695,0.9890000224113464
3079,108.053,1628.018,0.04899999871850014,,,,,,,75.975,1596.136,0.15399999916553497,179.346,834.592,0.9860000014305115
3080,108.053,1628.018,0.04100000113248825,,,,,,,75.975,1596.135,0.21699999272823334,179.346,829.826,0.9890000224113464
3081,108.053,1628.012,0.10599999874830246,,,,,,,75.937,1596.11,0.14399999380111694,179.346,829.826,0.9940000176429749
3082,108.053,1628.001,0.07199999690055847,,,,,,,75.936,1595.999,0.14900000393390656,179.377,829.826,0.9829999804496765
3083,108.066,1628.001,0.1080000028014183,,,,,,,75.937,1588.356,0.06599999964237213,179.001,834.817,0.9819999933242798
3084,108.069,1628.001,0.15299999713897705,,,,,,,83.078,1595.999,0.06499999761581421,179.425,834.817,0.9829999804496765
3085,,,,,,,,,,83.997,1596.11,0.04600000008940697,179.425,834.817,0.9890000224113464
3086,107.486,1627.586,0.503000020980835,,,,,,,,,,178.742,834.532,0.9919999837875366
3087,107.985,1628.002,0.12700000405311584,,,,,,,76.192,1588.421,0.020999999716877937,178.322,834.152,0.9940000176429749
3088,,,,,,,,,,83.223,1596.155,0.1809999942779541,178.322,834.152,0.9919999837875366
3089,,,,,,,,,,84.28,1596.395,0.12800000607967377,178.322,834.152,0.9980000257492065
3090,107.823,1627.7,0.0820000022649765,924.068,1723.683,0.057999998331069946,,,,,,,178.466,834.217,0.996999979019165
3091,107.83,1627.728,0.1080000028014183,924.077,1723.71,0.13500000536441803,,,,,,,178.725,834.217,0.9990000128746033
3092,107.83,1627.781,0.11400000005960464,,,,,,,,,,178.725,834.221,0.9980000257492065
3093,107.83,1627.817,0.0820000022649765,,,,,,,76.061,1588.366,0.06499999761581421,178.485,834.619,0.9990000128746033
3094,107.823,1627.817,0.26100000739097595,,,,,,,,,,178.466,834.619,0.9980000257492065
3095,107.75,1627.817,0.13099999725818634,,,,,,,84.124,1588.435,0.0860000029206276,178.054,834.542,0.9980000257492065
3096,107.433,1627.661,0.24400000274181366,,,,,,,,,,178.054,834.423,0.9980000257492065
3097,107.433,1627.661,0.5419999957084656,,,,,,,,,,178.054,834.423,0.9980000257492065
3098,107.433,1627.661,0.6290000081062317,,,,,,,,,,178.054,834.156,0.996999979019165
3099,107.726,1627.88,0.30000001192092896,,,,,,,83.435,1596.119,0.017000000923871994,178.054,834.156,0.9929999709129333
3100,107.856,1628.119,0.11500000208616257,,,,,,,84.401,1604.253,0.07800000160932541,177.985,833.967,0.9850000143051147
3101,107.977,1628.16,0.44999998807907104,,,,,,,84.401,1604.387,0.02500000037252903,177.883,833.967,0.9879999756813049
3102,108.007,1628.16,0.33899998664855957,,,,83.834,1588.445,0.023000000044703484,83.883,1604.387,0.3630000054836273,177.737,834.165,0.9940000176429749
3103,108.007,1628.166,0.1289999932050705,,,,,,,84.081,1604.387,0.3619999885559082,177.711,834.525,0.9769999980926514
3104,108.007,1628.16,0.15399999916553497,,,,,,,84.081,1604.387,0.07100000232458115,177.737,834.609,0.9940000176429749
3105,108.007,1628.14,0.05900000035762787,924.04,1723.851,0.12200000137090683,,,,84.081,1603.902,0.07800000160932541,177.711,834.809,0.9919999837875366
3106,108.0,1628.14,0.061000000685453415,,,,,,,84.089,1603.897,0.035999998450279236,177.711,834.809,0.9900000095367432
3107,107.999,1628.155,0.07400000095367432,,,,,,,84.152,1603.822,0.017000000923871994,178.042,834.983,0.9959999918937683
3108,107.999,1628.115,0.2770000100135803,,,,,,,195.931,779.585,0.029999999329447746,178.728,835.171,0.9810000061988831
3109,107.999,1628.115,0.2750000059604645,,,,,,,195.931,779.585,0.054999999701976776,178.728,835.171,0.9919999837875366
3110,107.999,1628.036,0.06800000369548798,,,,,,,195.931,779.585,0.028999999165534973,178.728,835.171,0.9290000200271606
3111,108.029,1628.036,0.07699999958276749,,,,,,,195.931,779.585,0.11500000208616257,178.642,835.064,0.9929999709129333
3112,108.029,1628.036,0.04899999871850014,,,,,,,84.196,1595.939,0.035999998450279236,178.431,835.064,0.9959999918937683
3113,107.999,1628.06,0.1289999932050705,,,,,,,83.563,1595.956,0.054999999701976776,178.392,835.064,0.996999979019165
3114,107.965,1628.137,0.23800000548362732,,,,,,,83.522,1595.939,0.1379999965429306,178.392,835.917,0.9919999837875366
3115,107.965,1628.137,0.41100001335144043,,,,,,,83.507,1595.938,0.11599999666213989,176.662,836.027,0.953000009059906
3116,107.965,1628.137,0.3580000102519989,,,,,,,83.507,1595.938,0.09799999743700027,176.662,836.523,0.9959999918937683
3117,108.023,1628.247,0.18700000643730164,,,,,,,83.507,1595.895,0.23100000619888306,176.662,836.523,0.996999979019165
3118,108.026,1628.247,0.08900000154972076,,,,,,,83.507,1595.895,0.531000018119812,179.574,836.523,0.9959999918937683
3119,,,,,,,,,,83.232,1595.938,0.7630000114440918,179.574,836.027,0.9990000128746033
3120,,,,,,,75.811,1579.825,0.027000000700354576,83.09,1603.491,0.9390000104904175,859.924,1754.553,0.9980000257492065
3121,108.098,1628.089,0.22599999606609344,,,,84.286,1595.657,0.03500000014901161,83.09,1604.819,0.6710000038146973,179.574,835.932,0.996999979019165
3122,108.098,1628.119,0.2939999997615814,,,,84.335,1595.71,0.05299999937415123,83.09,1604.819,0.6269999742507935,860.2,1754.825,0.9959999918937683
3123,108.098,1628.119,0.3440000116825104,,,,84.387,1595.86,0.029999999329447746,83.73,1604.819,0.5789999961853027,860.163,1754.825,0.9959999918937683
3124,108.049,1628.119,0.4320000112056732,,,,,,,83.73,1604.559,0.0689999982714653,860.2,1755.428,0.9959999918937683
3125,108.049,1628.119,0.49300000071525574,,,,,,,83.73,1604.278,0.22200000286102295,860.163,1755.428,0.996999979019165
3126,108.049,1628.112,0.37599998712539673,,,,,,,83.673,1604.023,0.19300000369548798,860.163,1755.428,0.9769999980926514
3127,108.076,1628.099,0.0989999994635582,,,,,,,83.532,1596.073,0.4169999957084656,177.881,836.302,0.8989999890327454
3128,108.082,1628.062,0.06300000101327896,,,,,,,83.35,1596.036,0.31200000643730164,177.881,834.594,0.9700000286102295
3129,108.096,1628.086,0.05299999937415123,,,,,,,83.35,1596.073,0.1889999955892563,177.881,834.594,0.953000009059906
3130,108.105,1628.062,0.04100000113248825,,,,,,,83.35,1596.073,0.47699999809265137,178.084,834.594,0.9279999732971191
3131,108.113,1628.046,0.2070000022649765,,,,,,,83.853,1604.184,0.1080000028014183,178.143,834.598,0.968999981880188
3132,108.113,1628.046,0.1379999965429306,,,,,,,83.981,1604.282,0.4950000047683716,178.361,834.834,0.9900000095367432
3133,108.105,1628.086,0.1379999965429306,,,,,,,84.045,1604.282,0.14300000667572021,178.361,836.306,0.9909999966621399
3134,108.051,1628.149,0.2669999897480011,,,,,,,84.067,1604.315,0.27799999713897705,178.361,836.306,0.968999981880188
3135,107.972,1628.149,0.3370000123977661,,,,,,,84.102,1604.315,0.020999999716877937,178.143,836.306,0.9509999752044678
3136,107.972,1628.155,0.3449999988079071,,,,,,,84.245,1604.544,0.019999999552965164,171.479,836.306,0.9679999947547913
3137,107.972,1628.262,0.11900000274181366,,,,,,,,,,171.479,834.971,0.9559999704360962
3138,,,,,,,,,,83.041,1596.102,0.2199999988079071,177.5,834.839,0.9620000123977661
3139,,,,,,,,,,83.154,1596.102,0.3199999928474426,177.5,834.839,0.9829999804496765
3140,899.876,1708.048,0.014999999664723873,,,,,,,83.553,1596.146,0.36899998784065247,177.624,834.839,0.9750000238418579
3141,,,,,,,,,,83.211,1596.102,0.19599999487400055,859.308,1754.246,0.9480000138282776
3142,108.111,1628.126,0.06599999964237213,,,,,,,83.553,1595.963,0.22699999809265137,859.372,1754.516,0.9760000109672546
3143,,,,924.072,1723.769,0.04600000008940697,,,,83.975,1595.963,0.4779999852180481,859.393,1754.589,0.9739999771118164
3144,107.692,1628.052,0.09600000083446503,,,,,,,83.975,1596.104,0.1289999932050705,859.393,1754.589,0.972000002861023
3145,107.987,1628.117,0.3700000047683716,923.976,1723.822,0.13199999928474426,,,,84.482,1596.104,0.027000000700354576,859.773,1754.589,0.9950000047683716
3146,107.987,1628.132,0.11599999666213989,,,,,,,91.881,1604.091,0.08500000089406967,859.78,1754.589,0.9940000176429749
3147,107.97,1628.132,0.18700000643730164,,,,,,,,,,859.78,1754.482,0.9929999709129333
3148,107.987,1628.132,0.34700000286102295,,,,,,,91.883,772.206,0.02800000086426735,859.773,1754.448,0.984000027179718
3149,107.97,1628.005,0.26100000739097595,,,,,,,202.837,1604.104,0.15399999916553497,179.069,828.469,0.9240000247955322
3150,107.897,1627.926,0.04100000113248825,,,,,,,,,,178.794,828.469,0.9269999861717224
3151,107.903,1627.874,0.04699999839067459,,,,,,,203.182,772.337,0.08399999886751175,178.676,828.469,0.949999988079071
3152,107.903,1627.816,0.14100000262260437,,,,,,,,,,178.359,828.77,0.9890000224113464
3153,107.903,1627.816,0.09200000017881393,,,,,,,,,,178.359,828.77,0.9419999718666077
3154,107.94,1627.816,0.0729999989271164,,,,,,,,,,178.601,828.77,0.9470000267028809
3155,107.958,1628.006,0.06199999898672104,,,,,,,,,,178.601,828.77,0.9769999980926514
3156,107.981,1628.006,0.11100000143051147,,,,,,,,,,179.503,828.872,0.9760000109672546
3157,107.981,1628.016,0.09000000357627869,,,,,,,,,,859.641,1751.12,0.9869999885559082
3158,107.966,1628.006,0.1459999978542328,,,,,,,,,,860.265,1751.12,0.9959999918937683
3159,107.981,1628.016,0.14000000059604645,,,,,,,,,,860.265,1751.12,0.996999979019165
3160,107.985,1628.016,0.25699999928474426,,,,,,,83.358,1596.012,0.023000000044703484,860.278,1753.657,0.9879999756813049
3161,107.971,1628.043,0.08500000089406967,,,,,,,83.985,1603.902,0.13300000131130219,860.042,1753.657,0.9750000238418579
3162,107.989,1628.061,0.0430000014603138,,,,,,,84.101,1604.177,0.06199999898672104,860.042,1753.887,0.9959999918937683
3163,108.008,1628.069,0.05000000074505806,,,,,,,,,,859.911,1753.887,0.9959999918937683
3164,,,,,,,,,,,,,860.042,1753.887,0.9950000047683716
3165,,,,,,,,,,,,,859.911,1753.315,0.9959999918937683
3166,,,,,,,,,,,,,859.911,1751.274,0.9959999918937683
3167,,,,,,,,,,83.05,1595.98,0.17399999499320984,859.89,1751.274,0.9660000205039978
3168,,,,,,,,,,83.364,1595.996,0.032999999821186066,859.886,1751.061,0.9879999756813049
3169,,,,,,,,,,83.644,1596.035,0.16500000655651093,179.05,834.622,0.9810000061988831
3170,107.933,1627.961,0.11599999666213989,,,,,,,83.648,1596.058,0.03200000151991844,179.442,829.642,0.9860000014305115
3171,107.933,1628.034,0.05900000035762787,,,,,,,,,,179.442,829.614,0.9940000176429749
3172,108.005,1628.107,0.06499999761581421,,,,,,,,,,179.05,829.614,0.9959999918937683
3173,,,,,,,,,,82.071,1596.158,0.20000000298023224,179.17,829.614,0.996999979019165
3174,,,,,,,,,,82.31,1596.158,0.3790000081062317,179.442,829.642,0.996999979019165
3175,11.984,380.26,0.03799999877810478,,,,,,,82.31,1596.158,0.574999988079071,179.593,829.57,0.9940000176429749
3176,,,,,,,,,,82.31,1596.194,0.47099998593330383,179.17,829.66,0.9980000257492065
3177,,,,,,,,,,82.31,1596.194,0.527999997138977,179.614,829.578,0.9980000257492065
3178,107.891,1627.891,0.05999999865889549,,,,,,,83.17,1603.527,0.4580000042915344,180.141,829.66,0.9950000047683716
3179,108.122,1628.09,0.02800000086426735,,,,,,,83.615,1603.899,0.5210000276565552,180.687,829.825,0.996999979019165
3180,899.925,1708.168,0.10400000214576721,,,,,,,,,,179.614,834.86,0.9940000176429749
3181,,,,,,,,,,83.295,1595.951,0.0860000029206276,859.691,1753.419,0.9940000176429749
3182,,,,,,,,,,83.295,1596.077,0.125,859.691,1753.419,0.9950000047683716
3183,,,,,,,,,,83.4,1596.152,0.10000000149011612,177.934,834.86,0.9879999756813049
3184,,,,,,,83.667,1588.353,0.019999999552965164,83.354,1596.152,0.5849999785423279,177.934,833.49,0.9950000047683716
3185,108.014,1628.004,0.06400000303983688,,,,,,,83.438,1596.152,0.0689999982714653,177.934,829.458,0.9940000176429749
3186,108.014,1628.004,0.0949999988079071,,,,,,,83.354,1596.168,0.1940000057220459,177.934,829.145,0.9909999966621399
3187,108.014,1628.004,0.07999999821186066,,,,,,,83.354,1596.168,0.10300000011920929,178.0,829.134,0.9819999933242798
3188,108.028,1628.052,0.1379999965429306,,,,,,,83.354,1596.168,0.09200000017881393,178.026,829.047,0.9909999966621399
3189,108.04,1628.052,0.13099999725818634,,,,,,,83.438,1596.235,0.05000000074505806,179.19,828.964,0.9950000047683716
3190,,,,,,,,,,83.476,1596.275,0.05400000140070915,179.406,828.964,0.9900000095367432
3191,107.985,1628.046,0.06599999964237213,,,,,,,,,,179.406,828.964,0.9929999709129333
3192,,,,,,,,,,,,,179.406,828.964,0.972000002861023
3193,,,,,,,,,,76.031,1595.842,0.04600000008940697,178.788,833.998,0.9850000143051147
3194,,,,,,,,,,83.153,1595.893,0.2529999911785126,178.769,834.285,0.9860000014305115
3195,108.05,1628.02,0.08299999684095383,,,,,,,83.231,1595.965,0.1289999932050705,177.832,834.571,0.9950000047683716
3196,108.06,1628.037,0.10300000011920929,,,,,,,83.231,1595.965,0.1940000057220459,177.832,834.571,0.9810000061988831
3197,108.066,1628.038,0.05299999937415123,,,,,,,83.244,1595.99,0.20999999344348907,177.832,836.085,0.9670000076293945
3198,108.06,1628.053,0.057999998331069946,,,,,,,83.244,1595.99,0.23399999737739563,859.352,1751.935,0.9789999723434448
3199,108.05,1628.053,0.04800000041723251,,,,,,,83.316,1596.004,0.17900000512599945,860.008,1751.935,0.9959999918937683
3200,108.06,1628.056,0.12999999523162842,,,,,,,83.565,1596.023,0.035999998450279236,860.008,1751.935,0.9890000224113464
3201,108.111,1628.126,0.0560000017285347,,,,,,,,,,860.008,1750.154,0.9860000014305115
3202,,,,,,,,,,,,,860.008,1750.154,0.9800000190734863
3203,,,,,,,,,,,,,177.082,834.901,0.9810000061988831
3204,,,,,,,,,,,,,177.082,834.58,0.9919999837875366
3205,,,,,,,,,,,,,177.459,833.671,0.9919999837875366
3206,,,,,,,91.954,1540.083,0.0989999994635582,91.76,1563.633,0.054999999701976776,177.459,833.671,0.996999979019165
3207,,,,,,,92.012,1555.952,0.057999998331069946,91.878,1563.853,0.05700000002980232,177.082,833.671,0.9929999709129333
3208,,,,,,,92.068,1556.055,0.06599999964237213,99.477,1563.853,0.02199999988079071,176.606,833.755,0.9959999918937683
3209,,,,,,,,,,,,,171.766,834.434,0.9929999709129333
3210,,,,,,,91.935,1571.983,0.050999999046325684,83.687,1588.378,0.08100000023841858,171.494,834.691,0.9919999837875366
3211,,,,,,,91.969,1572.1,0.05400000140070915,83.734,1596.226,0.03400000184774399,171.494,834.911,0.9929999709129333
3212,,,,,,,91.978,1572.105,0.02800000086426735,84.242,1596.414,0.03999999910593033,171.504,834.911,0.9850000143051147
3213,,,,,,,,,,,,,171.53,834.832,0.9869999885559082
3214,,,,,,,,,,,,,171.506,834.832,0.9819999933242798
3215,,,,,,,,,,,,,171.506,834.557,0.9729999899864197
3216,,,,,,,,,,,,,171.506,834.557,0.9750000238418579
3217,,,,,,,,,,,,,171.53,834.832,0.9739999771118164
3218,,,,,,,,,,,,,171.506,835.073,0.9879999756813049
3219,,,,,,,,,,,,,171.472,835.171,0.984000027179718
3220,,,,,,,,,,,,,171.479,835.504,0.9539999961853027
3221,,,,,,,,,,,,,171.472,835.504,0.8690000176429749
3222,,,,,,,,,,,,,171.472,835.504,0.9100000262260437
3223,,,,,,,,,,203.421,772.243,0.020999999716877937,171.479,835.222,0.9649999737739563
3224,,,,,,,,,,,,,171.55,834.92,0.9629999995231628
3225,,,,,,,92.027,1556.036,0.032999999821186066,,,,171.712,834.449,0.972000002861023
3226,,,,,,,,,,,,,171.712,834.072,0.9869999885559082
3227,,,,,,,92.055,1563.917,0.052000001072883606,,,,171.712,834.072,0.9959999918937683
3228,,,,,,,,,,,,,171.645,834.072,0.996999979019165
3229,,,,,,,,,,,,,171.615,834.76,0.9950000047683716
3230,,,,,,,,,,,,,171.591,835.0,0.9900000095367432
3231,,,,,,,,,,,,,171.591,835.122,0.9829999804496765
3232,,,,,,,,,,,,,171.615,835.122,0.9879999756813049
3233,,,,,,,,,,,,,171.625,834.979,0.9710000157356262
3234,,,,,,,,,,,,,171.625,835.122,0.9869999885559082
3235,,,,,,,,,,,,,171.625,835.118,0.9900000095367432
3236,,,,,,,,,,,,,171.525,834.979,0.9940000176429749
3237,,,,,,,,,,,,,171.469,834.979,0.9940000176429749
3238,,,,924.116,1716.045,0.02800000086426735,,,,,,,171.37,835.118,0.9929999709129333
3239,,,,924.165,1716.149,0.07100000232458115,,,,,,,171.351,835.118,0.9869999885559082
3240,,,,,,,91.869,1547.998,0.07500000298023224,91.719,1556.057,0.03400000184774399,171.188,835.325,0.9520000219345093
3241,,,,,,,92.004,1555.898,0.07500000298023224,,,,171.188,835.557,0.9169999957084656
3242,,,,,,,92.023,1555.906,0.05000000074505806,,,,171.188,835.557,0.984000027179718
3243,,,,,,,,,,,,,171.188,835.325,0.8960000276565552
3244,,,,924.265,1723.689,0.0560000017285347,,,,,,,177.298,835.093,0.9639999866485596
3245,,,,,,,,,,,,,177.298,835.026,0.949999988079071
3246,,,,,,,91.974,1572.15,0.03799999877810478,83.738,1596.235,0.06700000166893005,176.626,834.994,0.984000027179718
3247,,,,924.184,1723.792,0.035999998450279236,,,,,,,176.626,834.994,0.9909999966621399
3248,,,,,,,,,,,,,177.298,834.994,0.9829999804496765
3249,,,,,,,,,,,,,176.626,835.115,0.9890000224113464
3250,,,,,,,,,,,,,177.541,835.378,0.9639999866485596
3251,,,,,,,,,,,,,177.541,836.083,0.9869999885559082
3252,,,,,,,,,,,,,171.459,836.083,0.9800000190734863
3253,,,,,,,,,,,,,171.459,836.083,0.9509999752044678
3254,,,,,,,,,,,,,171.783,835.992,0.9639999866485596
3255,,,,,,,,,,,,,171.459,835.203,0.9959999918937683
3256,,,,,,,,,,,,,171.459,835.203,0.9829999804496765
3257,,,,,,,,,,,,,171.449,835.168,0.9440000057220459
3258,,,,,,,,,,,,,171.449,834.713,0.9359999895095825
3259,,,,,,,,,,,,,171.449,834.923,0.9649999737739563
3260,,,,,,,,,,,,,171.536,834.815,0.9829999804496765
3261,,,,,,,,,,,,,171.536,834.713,0.9829999804496765
3262,,,,,,,,,,,,,171.536,834.815,0.9819999933242798
3263,,,,,,,,,,,,,171.503,834.923,0.9679999947547913
3264,,,,,,,,,,,,,171.4,835.061,0.9779999852180481
3265,,,,,,,,,,,,,171.4,835.245,0.9430000185966492
3266,,,,,,,,,,,,,171.378,835.388,0.906000018119812
3267,,,,,,,,,,,,,171.275,835.388,0.8930000066757202
3268,,,,,,,,,,,,,171.275,835.388,0.953000009059906
3269,,,,,,,,,,,,,171.319,835.245,0.9179999828338623
3270,,,,,,,,,,,,,171.319,835.211,0.9449999928474426
3271,,,,,,,,,,,,,171.319,835.211,0.9819999933242798
3272,,,,,,,,,,,,,171.319,835.211,0.9919999837875366
3273,,,,,,,,,,,,,170.99,835.905,0.9679999947547913
3274,,,,,,,,,,,,,170.99,836.385,0.8859999775886536
3275,,,,,,,,,,,,,170.99,836.385,0.9459999799728394
3276,,,,,,,,,,,,,170.985,836.385,0.9079999923706055
3277,,,,,,,,,,,,,170.985,836.494,0.972000002861023
3278,,,,,,,,,,,,,170.955,835.889,0.9290000200271606
3279,12.006,380.053,0.0430000014603138,,,,,,,,,,170.955,835.806,0.5709999799728394
3280,,,,,,,,,,,,,170.955,835.806,0.9549999833106995
3281,12.004,380.073,0.03400000184774399,,,,,,,,,,171.18,834.584,0.972000002861023
3282,12.018,380.088,0.04899999871850014,,,,,,,,,,171.18,834.531,0.9869999885559082
3283,,,,,,,,,,,,,171.249,834.531,0.9890000224113464
3284,12.083,379.958,0.06400000303983688,,,,,,,,,,171.249,834.531,0.984000027179718
3285,12.083,380.032,0.03400000184774399,,,,91.965,1547.995,0.052000001072883606,,,,171.168,834.628,0.9679999947547913
3286,12.083,380.127,0.09799999743700027,,,,,,,,,,171.06,835.198,0.8270000219345093
3287,11.895,380.13,0.18199999630451202,,,,,,,,,,171.06,835.234,0.4519999921321869
3288,11.895,380.154,0.05000000074505806,,,,,,,,,,171.06,835.234,0.9580000042915344
3289,11.895,380.197,0.05700000002980232,,,,,,,,,,171.1,835.198,0.9629999995231628
3290,,,,,,,,,,,,,171.159,834.141,0.9739999771118164
3291,,,,,,,,,,,,,171.159,834.141,0.9739999771118164
3292,,,,,,,,,,,,,171.159,834.141,0.9810000061988831
3293,,,,,,,92.044,1532.033,0.03400000184774399,,,,170.826,836.147,0.9610000252723694
3294,,,,,,,,,,,,,170.826,836.147,0.8180000185966492
3295,,,,,,,91.979,1548.017,0.06599999964237213,,,,170.826,836.147,0.7200000286102295
3296,,,,,,,91.983,1548.02,0.05999999865889549,,,,170.839,835.195,0.878000020980835
3297,,,,,,,92.008,1556.024,0.05000000074505806,,,,170.974,834.919,0.9470000267028809
3298,,,,,,,,,,,,,171.131,834.186,0.9649999737739563
3299,,,,,,,91.821,1555.96,0.16099999845027924,91.8,1588.321,0.04800000041723251,171.26,834.03,0.9509999752044678
3300,,,,,,,,,,,,,171.26,834.03,0.9639999866485596
3301,,,,,,,,,,,,,171.26,834.03,0.9819999933242798
3302,,,,,,,,,,,,,171.171,834.917,0.6899999976158142
3303,900.054,1676.448,0.3019999861717224,,,,,,,,,,171.171,835.933,0.9169999957084656
3304,,,,,,,,,,,,,171.171,835.933,0.8059999942779541
3305,,,,,,,,,,,,,171.181,834.917,0.8130000233650208
3306,,,,,,,,,,,,,172.02,834.181,0.9520000219345093
3307,,,,,,,,,,,,,172.055,829.504,0.9769999980926514
3308,,,,,,,,,,,,,172.02,829.406,0.9800000190734863
3309,,,,,,,,,,,,,172.02,829.26,0.9800000190734863
3310,,,,,,,,,,,,,171.84,828.987,0.9570000171661377
3311,,,,,,,,,,,,,171.743,828.85,0.9300000071525574
3312,,,,,,,,,,,,,171.657,828.771,0.7900000214576721
3313,,,,,,,,,,,,,171.657,828.771,0.9380000233650208
3314,,,,,,,,,,,,,171.737,828.658,0.9020000100135803
3315,,,,,,,,,,,,,171.737,828.85,0.9369999766349792
3316,,,,,,,,,,,,,171.737,828.852,0.9700000286102295
3317,,,,,,,,,,,,,177.656,828.949,0.9760000109672546
3318,,,,,,,,,,,,,177.656,828.852,0.9819999933242798
3319,,,,,,,91.985,1555.914,0.03099999949336052,91.708,1572.032,0.01600000075995922,172.001,828.852,0.9879999756813049
3320,,,,,,,91.985,1555.958,0.032999999821186066,91.708,1579.799,0.024000000208616257,172.001,828.852,0.9190000295639038
3321,,,,,,,91.985,1555.968,0.0989999994635582,91.708,1579.843,0.024000000208616257,171.593,829.15,0.8220000267028809
3322,,,,,,,91.957,1555.969,0.257999986410141,91.59,1588.048,0.14300000667572021,171.297,835.299,0.7960000038146973
3323,,,,,,,91.903,1563.877,0.14900000393390656,84.355,1588.297,0.32100000977516174,171.297,835.299,0.7850000262260437
3324,,,,,,,91.903,1563.945,0.10999999940395355,84.355,1588.297,0.03400000184774399,171.297,835.299,0.9769999980926514
3325,,,,,,,91.914,1572.142,0.06199999898672104,84.355,1588.31,0.06300000101327896,171.319,834.126,0.9829999804496765
3326,,,,,,,91.952,1572.183,0.0430000014603138,84.384,1588.31,0.04399999976158142,171.663,834.126,0.972000002861023
3327,,,,,,,91.952,1572.243,0.057999998331069946,91.866,1588.453,0.027000000700354576,171.663,833.703,0.9990000128746033
3328,,,,,,,,,,,,,171.651,834.126,0.9890000224113464
3329,,,,,,,,,,,,,171.651,834.15,0.9950000047683716
3330,,,,,,,,,,,,,171.651,834.15,0.9559999704360962
3331,,,,,,,,,,,,,171.651,832.9,0.8960000276565552
3332,,,,,,,,,,,,,171.67,828.442,0.8650000095367432
3333,,,,,,,,,,,,,171.781,828.276,0.8180000185966492
3334,,,,,,,92.093,1556.002,0.024000000208616257,,,,171.781,828.276,0.9259999990463257
3335,,,,,,,,,,,,,171.781,828.276,0.8889999985694885
3336,,,,,,,,,,,,,171.719,828.421,0.8169999718666077
3337,,,,,,,,,,,,,171.414,834.651,0.7549999952316284
3338,,,,,,,,,,,,,171.414,834.926,0.8510000109672546
3339,,,,,,,,,,84.358,1588.201,0.04699999839067459,171.414,834.926,0.9399999976158142
3340,,,,,,,91.921,1563.917,0.03500000014901161,91.612,1588.201,0.02800000086426735,171.595,834.831,0.953000009059906
3341,,,,,,,91.981,1572.125,0.11699999868869781,91.676,1588.354,0.36899998784065247,171.638,834.651,0.9409999847412109
3342,,,,,,,91.985,1572.147,0.03200000151991844,91.933,1588.553,0.03200000151991844,178.561,829.311,0.9210000038146973
3343,,,,,,,,,,,,,178.789,829.295,0.9850000143051147
3344,12.191,380.054,0.04399999976158142,,,,,,,,,,178.807,829.216,0.9800000190734863
3345,,,,,,,,,,,,,178.807,829.216,0.9610000252723694
3346,12.119,379.994,0.04399999976158142,,,,,,,202.927,772.59,0.09200000017881393,178.807,829.071,0.984000027179718
3347,12.177,380.015,0.0729999989271164,,,,,,,,,,178.807,828.863,0.9890000224113464
3348,12.177,380.016,0.08399999886751175,,,,,,,,,,178.807,828.863,0.9829999804496765
3349,12.209,380.016,0.10400000214576721,,,,,,,,,,178.512,828.863,0.9860000014305115
3350,12.239,380.098,0.05000000074505806,,,,,,,,,,178.427,828.863,0.9850000143051147
3351,,,,,,,,,,,,,172.311,829.378,0.949999988079071
3352,,,,,,,,,,,,,172.304,829.524,0.9419999718666077
3353,12.103,380.11,0.03400000184774399,,,,,,,,,,172.292,829.524,0.972000002861023
3354,,,,,,,91.967,1563.968,0.05400000140070915,,,,172.292,829.524,0.953000009059906
3355,,,,,,,92.003,1563.993,0.04100000113248825,,,,172.292,829.47,0.9589999914169312
3356,,,,,,,92.003,1572.102,0.10400000214576721,83.686,1596.168,0.11100000143051147,172.304,829.47,0.9769999980926514
3357,,,,,,,,,,,,,172.351,829.47,0.9620000123977661
3358,,,,,,,92.006,1563.965,0.10100000351667404,83.686,1596.172,0.05999999865889549,172.351,829.433,0.9710000157356262
3359,,,,,,,92.027,1563.969,0.03200000151991844,,,,172.217,829.3,0.9860000014305115
3360,,,,,,,,,,,,,171.933,829.114,0.8999999761581421
3361,892.367,1708.183,0.12800000607967377,,,,,,,,,,171.827,829.025,0.9509999752044678
3362,,,,,,,,,,,,,171.827,829.025,0.9120000004768372
3363,,,,,,,,,,,,,171.933,829.025,0.8849999904632568
3364,,,,,,,,,,,,,171.973,828.974,0.9300000071525574
3365,,,,,,,,,,,,,172.004,828.731,0.9539999961853027
3366,,,,,,,,,,,,,172.004,828.974,0.9890000224113464
3367,,,,,,,,,,,,,172.004,828.974,0.9610000252723694
3368,836.341,1796.222,0.017999999225139618,,,,,,,,,,172.12,829.108,0.9509999752044678
3369,,,,,,,,,,,,,171.521,834.185,0.9520000219345093
3370,,,,,,,,,,,,,171.521,834.645,0.9629999995231628
3371,,,,,,,,,,,,,171.527,834.645,0.9710000157356262
3372,,,,,,,,,,,,,171.558,834.706,0.9750000238418579
3373,,,,,,,,,,,,,171.558,834.706,0.9660000205039978
3374,,,,,,,,,,,,,171.592,834.706,0.972000002861023
3375,,,,,,,,,,,,,171.691,834.588,0.9760000109672546
3376,,,,,,,,,,,,,171.716,834.433,0.9779999852180481
3377,,,,,,,,,,,,,171.824,834.433,0.9430000185966492
3378,,,,,,,,,,,,,171.824,834.433,0.9449999928474426
3379,,,,,,,,,,195.865,779.414,0.028999999165534973,171.824,834.433,0.9380000233650208
3380,,,,,,,,,,,,,171.826,834.429,0.9210000038146973
3381,,,,,,,,,,,,,172.059,834.409,0.9900000095367432
3382,,,,,,,,,,,,,172.059,833.682,0.9900000095367432
3383,,,,,,,,,,,,,172.059,833.604,0.9950000047683716
3384,,,,,,,,,,,,,171.865,833.604,0.9919999837875366
3385,,,,,,,,,,,,,171.77,833.682,0.9879999756813049
3386,892.11,1708.104,0.0820000022649765,,,,,,,,,,171.732,834.001,0.9890000224113464
3387,892.216,1708.167,0.05000000074505806,,,,,,,,,,171.722,834.229,0.9819999933242798
3388,,,,,,,,,,,,,171.539,834.691,0.9750000238418579
3389,,,,,,,,,,,,,171.538,834.691,0.984000027179718
3390,892.161,1707.917,0.032999999821186066,,,,,,,,,,171.457,834.668,0.9679999947547913
3391,892.17,1708.046,0.03400000184774399,,,,,,,,,,171.44,834.668,0.9610000252723694
3392,892.283,1708.197,0.06499999761581421,,,,,,,,,,171.413,834.668,0.9419999718666077
3393,899.874,1708.197,0.18700000643730164,,,,,,,,,,171.413,834.668,0.9340000152587891
3394,,,,,,,,,,,,,171.376,835.025,0.9309999942779541
3395,,,,,,,,,,,,,171.37,835.242,0.9430000185966492
3396,,,,,,,,,,,,,171.309,835.242,0.8980000019073486
3397,,,,,,,,,,,,,171.179,835.249,0.8610000014305115
3398,,,,,,,,,,,,,171.179,835.249,0.9010000228881836
3399,,,,,,,91.971,1572.046,0.024000000208616257,,,,171.179,835.249,0.8999999761581421
3400,,,,,,,,,,,,,171.76,828.83,0.9319999814033508
3401,,,,,,,,,,,,,172.108,828.83,0.9769999980926514
3402,,,,,,,,,,,,,172.108,828.83,0.906000018119812
3403,,,,,,,,,,,,,172.108,828.925,0.972000002861023
3404,892.121,1707.876,0.03700000047683716,,,,,,,,,,172.108,828.925,0.9300000071525574
3405,,,,,,,,,,,,,172.108,828.925,0.9909999966621399
3406,,,,,,,,,,,,,172.135,828.925,0.9739999771118164
3407,,,,,,,,,,,,,172.135,828.925,0.9169999957084656
3408,,,,,,,,,,,,,172.135,829.401,0.9599999785423279
3409,,,,,,,,,,,,,172.135,829.538,0.9449999928474426
3410,,,,,,,907.908,1715.875,0.16099999845027924,884.234,1715.292,0.01600000075995922,172.135,834.419,0.9750000238418579
3411,,,,,,,908.151,1716.524,0.4880000054836273,890.63,1715.459,0.07900000363588333,172.122,834.419,0.9649999737739563
3412,,,,,,,908.151,1716.566,0.6909999847412109,890.762,1715.92,0.3440000116825104,171.851,834.419,0.9829999804496765
3413,,,,,,,908.178,1723.125,0.7789999842643738,891.025,1715.92,0.24500000476837158,171.851,833.585,0.9879999756813049
3414,,,,,,,908.178,1724.039,0.13699999451637268,,,,171.851,833.285,0.9860000014305115
3415,,,,,,,,,,,,,172.009,830.066,0.9850000143051147
3416,,,,,,,,,,,,,172.009,829.831,0.9789999723434448
3417,,,,,,,91.969,1579.893,0.06300000101327896,,,,172.009,829.831,0.9729999899864197
3418,,,,,,,,,,,,,171.907,829.831,0.9670000076293945
3419,,,,,,,,,,,,,171.674,829.369,0.9169999957084656
3420,,,,915.386,1724.31,0.06700000166893005,907.484,1724.615,0.5809999704360962,,,,171.674,829.321,0.7760000228881836
3421,,,,915.718,1724.413,0.15800000727176666,907.51,1724.772,0.4399999976158142,,,,171.674,828.607,0.8809999823570251
3422,,,,915.78,1724.797,0.09399999678134918,907.532,1731.499,0.5889999866485596,884.331,1732.124,0.027000000700354576,171.674,828.607,0.9160000085830688
3423,,,,,,,907.532,1732.167,0.29100000858306885,,,,171.731,828.607,0.8610000014305115
3424,,,,915.965,1724.177,0.05400000140070915,907.532,1732.192,0.5590000152587891,884.072,1739.218,0.02800000086426735,178.396,828.287,0.9210000038146973
3425,,,,916.076,1724.241,0.050999999046325684,907.815,1732.557,0.32499998807907104,,,,178.396,828.727,0.9390000104904175
3426,,,,,,,907.912,1732.595,0.3779999911785126,,,,178.396,828.767,0.9390000104904175
3427,,,,,,,908.088,1739.94,0.1509999930858612,,,,178.396,828.837,0.9750000238418579
3428,,,,,,,908.088,1739.94,0.1850000023841858,,,,178.396,835.017,0.8009999990463257
3429,,,,,,,908.088,1739.94,0.33799999952316284,,,,171.407,835.017,0.902999997138977
3430,,,,,,,907.791,1732.42,0.24699999392032623,,,,171.366,835.017,0.8169999718666077
3431,,,,,,,907.791,1732.42,0.6610000133514404,891.184,1731.768,0.08399999886751175,171.366,835.016,0.8610000014305115
3432,,,,,,,907.791,1732.42,0.7170000076293945,891.294,1732.002,0.024000000208616257,171.255,834.909,0.9160000085830688
3433,892.125,1707.876,0.18299999833106995,,,,907.9,1739.993,0.21299999952316284,,,,171.366,834.909,0.9580000042915344
3434,892.149,1707.892,0.0560000017285347,,,,907.94,1740.024,0.3869999945163727,,,,171.403,835.016,0.9139999747276306
3435,892.343,1708.039,0.17299999296665192,,,,908.018,1740.084,0.8159999847412109,883.535,1739.669,0.15600000321865082,868.407,1754.814,0.9760000109672546
3436,,,,,,,908.018,1740.084,0.16300000250339508,,,,868.407,1754.814,0.9940000176429749
3437,,,,,,,908.025,1740.084,0.41999998688697815,,,,868.407,1754.814,0.9860000014305115
3438,,,,,,,908.032,1740.084,0.11800000071525574,,,,868.221,1748.976,0.9900000095367432
3439,,,,,,,908.032,1740.081,0.26600000262260437,884.02,1732.444,0.02199999988079071,867.503,1747.518,0.9900000095367432
3440,,,,,,,908.032,1740.081,0.23000000417232513,,,,867.081,1747.401,0.9909999966621399
3441,899.982,1691.943,0.054999999701976776,908.803,1724.108,0.07999999821186066,907.945,1740.112,0.6209999918937683,884.265,1732.343,0.06199999898672104,867.081,1747.401,0.996999979019165
3442,,,,908.942,1724.257,0.07000000029802322,907.945,1740.188,0.4830000102519989,,,,867.081,1747.387,0.996999979019165
3443,892.071,1708.008,0.07999999821186066,,,,907.945,1740.214,0.17900000512599945,,,,867.735,1747.387,0.9710000157356262
3444,,,,,,,908.016,1740.214,0.23999999463558197,,,,868.556,1747.885,0.9459999799728394
3445,892.084,1707.941,0.07699999958276749,908.358,1723.589,0.03400000184774399,908.129,1740.214,0.531000018119812,875.747,1739.796,0.0729999989271164,868.556,1748.076,0.9620000123977661
3446,,,,,,,908.129,1740.118,0.125,,,,868.556,1748.255,0.8659999966621399
3447,,,,,,,908.145,1740.118,0.12399999797344208,99.848,1579.584,0.017999999225139618,867.728,1748.255,0.9729999899864197
3448,,,,,,,908.172,1740.118,0.08399999886751175,,,,860.359,1748.716,0.9580000042915344
3449,,,,,,,,,,,,,860.359,1749.216,0.9779999852180481
3450,,,,,,,,,,,,,860.359,1749.915,0.968999981880188
3451,892.149,1708.094,0.1469999998807907,,,,91.98,1563.97,0.032999999821186066,,,,860.357,1749.915,0.9919999837875366
3452,,,,,,,,,,,,,866.975,1749.915,0.9909999966621399
3453,892.022,1708.046,0.3880000114440918,908.135,1715.82,0.09300000220537186,907.814,1740.152,0.20200000703334808,,,,867.714,1749.898,0.9380000233650208
3454,892.022,1708.166,0.5019999742507935,908.512,1716.152,0.027000000700354576,907.822,1740.152,0.18700000643730164,,,,867.714,1749.847,0.9990000128746033
3455,892.022,1708.226,0.7549999952316284,,,,907.822,1740.152,0.4129999876022339,,,,866.975,1748.847,0.9980000257492065
3456,891.91,1708.226,0.5049999952316284,,,,907.822,1740.147,0.2160000056028366,,,,867.761,1748.191,0.972000002861023
3457,891.91,1708.113,0.26600000262260437,,,,907.822,1740.147,0.03400000184774399,,,,867.761,1748.191,0.8759999871253967
3458,891.91,1708.113,0.5370000004768372,,,,907.741,1740.147,0.06300000101327896,,,,867.829,1748.191,0.9470000267028809
3459,892.1,1707.466,0.9520000219345093,908.272,1723.69,0.06700000166893005,907.727,1740.22,0.550000011920929,91.638,1588.267,0.041999999433755875,867.536,1748.191,0.9890000224113464
3460,892.1,1707.466,0.9700000286102295,,,,907.727,1740.22,0.36000001430511475,91.811,1588.337,0.035999998450279236,867.536,1748.191,0.9549999833106995
3461,892.129,1707.466,0.9950000047683716,908.234,1723.573,0.11299999803304672,907.669,1740.22,0.48899999260902405,91.811,1588.337,0.16599999368190765,171.167,835.104,0.9010000228881836
3462,892.129,1708.097,0.7260000109672546,,,,907.669,1732.129,0.06300000101327896,91.811,1588.267,0.017000000923871994,171.167,835.009,0.8939999938011169
3463,892.133,1708.106,0.035999998450279236,,,,907.669,1732.129,0.04899999871850014,91.864,1588.23,0.17100000381469727,171.167,835.009,0.8460000157356262
3464,,,,,,,907.831,1732.129,0.1469999998807907,99.834,1588.145,0.24300000071525574,171.896,835.104,0.9409999847412109
3465,892.132,1708.102,0.15600000321865082,,,,907.923,1739.991,0.3889999985694885,99.922,1588.145,0.3569999933242798,171.982,835.104,0.9449999928474426
3466,892.132,1708.102,0.4359999895095825,,,,907.962,1740.037,0.11800000071525574,99.964,1588.23,0.04899999871850014,171.982,829.06,0.9700000286102295
3467,892.132,1708.138,0.08299999684095383,,,,,,,,,,172.069,828.866,0.9010000228881836
3468,892.092,1708.138,0.4830000102519989,908.122,1723.577,0.035999998450279236,,,,,,,172.069,828.866,0.9079999923706055
3469,892.07,1708.237,0.699999988079071,,,,,,,,,,172.069,828.866,0.8339999914169312
3470,892.07,1708.305,0.5590000152587891,,,,92.002,1563.949,0.04800000041723251,,,,172.09,829.128,0.9580000042915344
3471,892.092,1708.312,0.08299999684095383,,,,,,,,,,172.147,829.224,0.9769999980926514
3472,,,,,,,92.0,1563.922,0.026000000536441803,,,,172.147,829.224,0.9710000157356262
3473,,,,,,,,,,,,,172.09,829.224,0.9639999866485596
3474,,,,,,,,,,,,,171.901,829.224,0.9079999923706055
3475,,,,,,,91.975,1563.933,0.03099999949336052,,,,171.876,829.298,0.9549999833106995
3476,,,,,,,,,,,,,171.876,829.347,0.8240000009536743
3477,,,,,,,91.889,1556.076,0.13099999725818634,,,,171.901,829.754,0.9710000157356262
3478,892.003,1692.143,0.024000000208616257,,,,91.991,1572.081,0.10999999940395355,91.49,1579.911,0.37599998712539673,172.032,829.754,0.9860000014305115
3479,899.869,1699.605,0.019999999552965164,,,,907.905,1739.989,0.0860000029206276,99.336,1587.426,0.06599999964237213,172.133,829.538,0.9900000095367432
3480,899.899,1700.303,0.04500000178813934,,,,908.112,1740.072,0.2240000069141388,,,,172.357,829.538,0.9589999914169312
3481,,,,,,,,,,,,,172.397,829.46,0.9760000109672546
3482,,,,,,,91.9,1556.342,0.296999990940094,99.314,1587.914,0.06400000303983688,172.397,829.458,0.9570000171661377
3483,,,,,,,91.935,1564.022,0.28200000524520874,99.314,1588.043,0.2849999964237213,172.397,829.458,0.9739999771118164
3484,,,,,,,91.962,1564.022,0.36500000953674316,99.511,1588.195,0.1860000044107437,172.397,829.373,0.9929999709129333
3485,,,,,,,91.962,1571.777,0.6000000238418579,99.511,1588.23,0.0989999994635582,172.099,828.978,0.9639999866485596
3486,,,,,,,91.977,1572.023,0.03500000014901161,,,,172.079,828.975,0.9860000014305115
3487,,,,,,,91.977,1572.099,0.08699999749660492,,,,171.968,828.781,0.9829999804496765
3488,,,,,,,91.977,1572.126,0.041999999433755875,,,,171.968,828.652,0.9810000061988831
3489,,,,,,,,,,,,,171.964,828.644,0.9879999756813049
3490,,,,,,,91.951,1572.119,0.0729999989271164,,,,171.964,828.604,0.9750000238418579
3491,898.089,1675.439,0.9509999752044678,,,,91.964,1579.905,0.1509999930858612,884.225,1723.551,0.02500000037252903,171.964,828.604,0.9869999885559082
3492,899.488,1682.826,0.8190000057220459,908.182,1715.908,0.02500000037252903,907.606,1716.311,0.05299999937415123,,,,171.973,828.604,0.9850000143051147
3493,900.336,1683.412,0.8420000076293945,908.211,1715.919,0.03200000151991844,907.61,1724.096,0.10300000011920929,,,,172.146,828.604,0.9869999885559082
3494,,,,,,,907.884,1731.96,0.05000000074505806,,,,172.146,828.47,0.9860000014305115
3495,892.147,1676.037,0.04899999871850014,,,,,,,,,,172.146,828.455,0.9869999885559082
3496,892.46,1676.45,0.0430000014603138,,,,,,,,,,171.859,828.455,0.9789999723434448
3497,899.911,1708.079,0.04100000113248825,,,,907.723,1732.186,0.1340000033378601,,,,171.859,828.444,0.9760000109672546
3498,,,,,,,907.916,1740.064,0.10199999809265137,,,,171.858,828.455,0.9679999947547913
3499,,,,,,,,,,,,,171.859,828.727,0.9769999980926514
3500,,,,,,,,,,,,,177.063,828.825,0.9559999704360962
3501,899.88,1675.696,0.21199999749660492,,,,898.809,1707.767,0.4259999990463257,890.263,1715.406,0.8370000123977661,867.09,1740.92,0.984000027179718
3502,899.976,1675.696,0.6330000162124634,,,,899.094,1707.864,0.5680000185966492,890.826,1723.437,0.9120000004768372,867.09,1740.92,0.9660000205039978
3503,900.006,1675.986,0.4050000011920929,,,,900.36,1715.773,0.43299999833106995,890.826,1723.496,0.8330000042915344,867.09,1740.92,0.9789999723434448
3504,900.016,1675.986,0.7269999980926514,,,,900.36,1715.773,0.3959999978542328,890.263,1723.578,0.41999998688697815,172.34,829.593,0.9750000238418579
3505,900.016,1676.031,0.26100000739097595,,,,907.444,1724.146,0.5450000166893005,890.263,1724.078,0.15000000596046448,172.231,829.593,0.9729999899864197
3506,,,,,,,907.48,1724.146,0.2619999945163727,891.052,1732.447,0.017999999225139618,172.111,829.593,0.9520000219345093
3507,,,,,,,907.502,1724.146,0.1420000046491623,,,,172.111,834.555,0.9599999785423279
3508,899.874,1676.174,0.03999999910593033,,,,907.593,1724.146,0.08699999749660492,,,,171.977,834.555,0.9369999766349792
3509,,,,,,,907.699,1724.146,0.027000000700354576,891.645,1715.898,0.024000000208616257,171.891,834.555,0.9509999752044678
3510,,,,,,,,,,,,,171.891,834.867,0.9890000224113464
3511,,,,,,,900.283,1716.35,0.11699999868869781,883.827,1723.944,0.3440000116825104,171.891,834.434,0.9900000095367432
3512,898.791,1675.47,0.5009999871253967,,,,907.361,1724.209,0.25200000405311584,883.827,1723.953,0.30000001192092896,172.317,833.519,0.9900000095367432
3513,899.151,1675.507,0.7480000257492065,,,,907.434,1724.209,0.44699999690055847,883.884,1723.996,0.20600000023841858,172.317,829.548,0.9929999709129333
3514,899.525,1676.128,0.9710000157356262,,,,907.46,1724.214,0.35499998927116394,883.884,1723.996,0.12099999934434891,172.317,829.548,0.9950000047683716
3515,899.548,1676.433,0.2329999953508377,,,,907.46,1724.214,0.7329999804496765,883.878,1724.023,0.28999999165534973,172.278,829.548,0.9869999885559082
3516,899.548,1676.44,0.18299999833106995,908.113,1723.827,0.03500000014901161,907.464,1724.209,0.6880000233650208,883.878,1723.996,0.09399999678134918,172.23,829.436,0.9610000252723694
3517,899.612,1683.934,0.15399999916553497,,,,907.464,1730.34,0.8059999942779541,883.878,1723.996,0.23999999463558197,172.23,829.436,0.9710000157356262
3518,899.612,1683.934,0.4350000023841858,908.397,1723.683,0.05000000074505806,907.464,1730.34,0.9089999794960022,883.691,1724.183,0.9570000171661377,171.548,833.742,0.9789999723434448
3519,899.644,1683.994,0.20000000298023224,908.454,1723.698,0.06700000166893005,907.513,1730.047,0.9259999990463257,883.572,1724.183,0.6819999814033508,172.189,829.3,0.9950000047683716
3520,899.644,1684.064,0.27300000190734863,908.615,1723.774,0.0689999982714653,907.579,1730.047,0.9319999814033508,883.572,1724.183,0.14499999582767487,172.189,829.3,0.9919999837875366
3521,899.665,1684.258,0.04899999871850014,,,,907.579,1730.34,0.5099999904632568,883.572,1733.152,0.027000000700354576,172.064,829.276,0.9869999885559082
3522,,,,,,,,,,,,,172.064,829.368,0.9869999885559082
3523,,,,,,,907.856,1731.946,0.12200000137090683,,,,172.186,829.343,0.9819999933242798
3524,,,,,,,907.856,1731.946,0.23499999940395355,,,,172.186,829.368,0.9789999723434448
3525,,,,,,,907.862,1732.314,0.4050000011920929,,,,172.196,829.358,0.9800000190734863
3526,908.309,1692.285,0.0860000029206276,,,,907.871,1732.314,0.1120000034570694,,,,172.203,829.37,0.9860000014305115
3527,,,,,,,,,,,,,172.196,829.358,0.9710000157356262
3528,,,,,,,907.832,1731.956,0.15299999713897705,891.876,1723.801,0.014999999664723873,172.196,829.358,0.9779999852180481
3529,,,,,,,907.832,1739.743,0.22100000083446503,,,,172.196,829.358,0.9679999947547913
3530,899.915,1692.136,0.04100000113248825,,,,907.832,1739.9,0.6600000262260437,890.783,1732.225,0.11599999666213989,172.203,829.37,0.9800000190734863
3531,899.96,1692.14,0.1080000028014183,908.154,1755.951,0.061000000685453415,907.656,1739.9,0.9539999961853027,891.148,1732.236,0.9779999852180481,859.563,1756.054,0.9959999918937683
3532,899.96,1692.279,0.03799999877810478,908.256,1755.981,0.05999999865889549,907.656,1739.807,0.9229999780654907,891.148,1732.236,0.9390000104904175,859.563,1756.054,0.9940000176429749
3533,899.96,1692.315,0.25999999046325684,,,,907.656,1739.743,0.9399999976158142,890.783,1732.236,0.9160000085830688,859.678,1756.361,0.9549999833106995
3534,899.96,1692.57,0.4350000023841858,,,,907.656,1731.79,0.5600000023841858,884.194,1732.169,0.13199999928474426,859.563,1756.054,0.7910000085830688
3535,899.717,1699.754,0.6060000061988831,908.628,1723.971,0.13300000131130219,907.745,1731.79,0.5139999985694885,884.194,1732.169,0.07599999755620956,859.491,1755.373,0.9769999980926514
3536,892.259,1700.21,0.3970000147819519,908.636,1724.046,0.12999999523162842,907.747,1731.79,0.6240000128746033,884.194,1732.169,0.09099999815225601,171.735,828.564,0.734000027179718
3537,892.259,1708.237,0.11100000143051147,,,,907.747,1732.021,0.0560000017285347,,,,171.735,828.564,0.8980000019073486
3538,900.085,1708.3,0.15800000727176666,,,,907.747,1732.112,0.11299999803304672,,,,171.735,828.564,0.8840000033378601
3539,,,,,,,,,,,,,171.907,828.623,0.9169999957084656
3540,899.859,1707.931,0.06700000166893005,,,,,,,91.601,1588.195,0.017000000923871994,865.576,1756.26,0.9470000267028809
3541,899.969,1708.12,0.03400000184774399,,,,,,,91.731,1595.57,0.1550000011920929,866.199,1757.175,0.9900000095367432
3542,899.969,1708.13,0.16200000047683716,,,,907.761,1740.237,0.028999999165534973,92.025,1595.747,0.13300000131130219,867.279,1757.175,0.9869999885559082
3543,899.969,1708.14,0.0560000017285347,,,,,,,,,,866.199,1757.258,0.9940000176429749
3544,899.969,1708.14,0.04899999871850014,,,,,,,83.902,1595.706,0.027000000700354576,865.576,1757.263,0.9940000176429749
3545,899.957,1708.14,0.28299999237060547,908.27,1739.376,0.03500000014901161,907.718,1747.155,0.625,91.931,1596.053,0.06199999898672104,865.509,1758.327,0.9990000128746033
3546,899.957,1708.142,0.9269999861717224,908.27,1739.376,0.125,907.718,1747.155,0.8519999980926514,890.673,1740.088,0.0689999982714653,864.327,1758.327,0.9990000128746033
3547,899.875,1708.108,0.04500000178813934,908.27,1739.376,0.029999999329447746,907.718,1747.155,0.8349999785423279,890.673,1740.576,0.09700000286102295,863.504,1758.327,0.9990000128746033
3548,899.917,1708.108,0.8119999766349792,908.184,1739.376,0.4740000069141388,907.71,1746.039,0.949999988079071,890.673,1740.576,0.8050000071525574,860.792,1757.893,0.9990000128746033
3549,899.917,1708.142,0.906000018119812,908.095,1739.621,0.35100001096725464,907.541,1745.442,0.9539999961853027,891.608,1740.576,0.6340000033378601,860.012,1757.875,0.9990000128746033
3550,899.941,1708.193,0.12300000339746475,908.081,1739.604,0.03799999877810478,907.502,1740.343,0.453000009059906,890.673,1740.471,0.04500000178813934,860.012,1756.781,0.9950000047683716
3551,899.917,1708.193,0.16899999976158142,908.095,1739.604,0.08100000023841858,907.502,1740.343,0.8349999785423279,891.575,1740.471,0.10100000351667404,860.012,1756.781,0.9959999918937683
3552,899.917,1708.199,0.42100000381469727,908.095,1739.621,0.07199999690055847,907.502,1740.343,0.7720000147819519,891.575,1740.354,0.9629999995231628,864.635,1756.781,0.9929999709129333
3553,899.941,1708.219,0.14300000667572021,908.095,1739.621,0.0689999982714653,907.429,1745.849,0.9210000038146973,884.776,1740.471,0.49399998784065247,864.635,1756.777,0.9990000128746033
3554,899.986,1708.234,0.5370000004768372,908.086,1739.628,0.6769999861717224,907.405,1745.849,0.9359999895095825,884.776,1740.833,0.8560000061988831,864.635,1756.945,0.9990000128746033
3555,899.915,1708.287,0.23999999463558197,908.104,1739.713,0.5730000138282776,907.358,1745.849,0.9390000104904175,891.039,1741.024,0.6830000281333923,863.61,1757.169,0.9980000257492065
3556,899.915,1708.316,0.2329999953508377,908.159,1739.72,0.15600000321865082,907.358,1740.182,0.8529999852180481,884.776,1740.833,0.7429999709129333,860.72,1757.196,1.0
3557,899.915,1708.323,0.38999998569488525,908.159,1739.72,0.09000000357627869,907.358,1740.182,0.890999972820282,884.776,1740.833,0.7519999742507935,859.976,1757.232,0.9990000128746033
3558,899.788,1708.316,0.09099999815225601,908.193,1739.72,0.10300000011920929,907.358,1740.182,0.9160000085830688,883.732,1740.325,0.6150000095367432,859.917,1757.651,0.9990000128746033
3559,899.778,1708.316,0.0560000017285347,908.297,1739.832,0.028999999165534973,907.358,1740.149,0.8679999709129333,883.713,1740.256,0.4449999928474426,859.891,1757.875,0.9980000257492065
3560,899.762,1708.243,0.2930000126361847,908.297,1739.832,0.12099999934434891,907.503,1740.172,0.9819999933242798,883.187,1740.087,0.9480000138282776,859.701,1757.651,0.996999979019165
3561,898.644,1708.243,0.8830000162124634,908.297,1739.832,0.1469999998807907,907.62,1740.317,0.9879999756813049,883.187,1740.087,0.8930000066757202,859.695,1757.651,0.996999979019165
3562,892.349,1708.243,0.13899999856948853,908.332,1739.832,0.028999999165534973,907.714,1740.317,0.7820000052452087,883.187,1740.087,0.289000004529953,859.213,1757.574,0.9959999918937683
3563,898.644,1708.248,0.1420000046491623,908.332,1740.101,0.04500000178813934,907.995,1740.317,0.2809999883174896,,,,172.404,829.764,0.9850000143051147
3564,899.762,1708.332,0.1720000058412552,,,,,,,83.481,1595.719,0.07900000363588333,172.404,829.73,0.9649999737739563
3565,899.813,1708.363,0.03799999877810478,,,,,,,83.614,1595.778,0.029999999329447746,172.404,829.73,0.9869999885559082
3566,,,,,,,,,,83.614,1595.921,0.04500000178813934,172.455,829.764,0.9829999804496765
3567,,,,,,,,,,83.614,1595.923,0.032999999821186066,177.305,830.032,0.9959999918937683
3568,899.813,1708.193,0.027000000700354576,,,,,,,83.646,1596.069,0.03999999910593033,177.305,830.032,0.9869999885559082
3569,,,,,,,,,,84.03,1604.098,0.164000004529953,177.305,830.141,0.996999979019165
3570,,,,,,,,,,91.825,1604.209,0.026000000536441803,172.371,830.141,0.9950000047683716
3571,,,,,,,,,,,,,172.321,829.552,0.9959999918937683
3572,,,,,,,,,,83.693,1595.926,0.04600000008940697,172.321,829.552,0.996999979019165
3573,,,,,,,,,,,,,172.137,829.552,0.9940000176429749
3574,,,,,,,,,,,,,172.09,829.369,0.9950000047683716
3575,,,,,,,,,,,,,172.09,829.369,0.9769999980926514
3576,,,,,,,,,,,,,172.09,829.341,0.9890000224113464
3577,892.038,1708.002,0.05400000140070915,,,,,,,,,,172.035,829.269,0.9890000224113464
3578,899.949,1708.194,0.04600000008940697,,,,,,,,,,172.09,829.341,0.9950000047683716
3579,,,,,,,,,,,,,172.123,829.341,0.9779999852180481
3580,,,,,,,,,,,,,172.123,829.269,0.9959999918937683
3581,,,,,,,,,,,,,172.235,829.356,0.9819999933242798
3582,,,,,,,,,,,,,172.387,829.878,0.9670000076293945
3583,,,,,,,,,,,,,172.387,829.878,0.9860000014305115
3584,,,,,,,,,,,,,860.005,1750.243,0.9909999966621399
3585,,,,,,,,,,76.091,1596.008,0.08299999684095383,860.005,1750.85,0.9919999837875366
3586,892.144,1707.982,0.10700000077486038,,,,,,,,,,859.71,1750.243,0.9959999918937683
3587,892.311,1707.994,0.05700000002980232,,,,,,,,,,860.005,1755.338,0.9929999709129333
3588,,,,,,,,,,,,,860.005,1755.433,0.9860000014305115
3589,892.077,1708.067,0.050999999046325684,,,,,,,,,,859.71,1755.338,0.9829999804496765
3590,,,,,,,,,,,,,860.369,1750.274,0.996999979019165
3591,,,,,,,,,,,,,860.589,1750.274,0.9490000009536743
3592,,,,,,,,,,,,,860.589,1750.011,0.9919999837875366
3593,,,,,,,,,,,,,860.38,1749.436,0.9879999756813049
3594,899.71,1708.091,0.026000000536441803,,,,,,,,,,860.38,1750.011,0.996999979019165
3595,,,,,,,,,,,,,860.478,1750.011,0.9829999804496765
3596,899.689,1708.052,0.04500000178813934,,,,,,,,,,860.38,1750.056,0.9909999966621399
3597,900.084,1708.069,0.48899999260902405,,,,,,,,,,860.38,1751.562,0.9990000128746033
3598,908.199,1708.396,0.2919999957084656,,,,,,,,,,860.417,1751.562,0.9980000257492065
3599,,,,,,,,,,,,,860.417,1752.003,0.9980000257492065
3600,,,,,,,,,,,,,860.417,1752.003,0.9959999918937683
3601,,,,,,,,,,,,,860.417,1750.552,0.996999979019165
3602,,,,,,,,,,,,,860.345,1750.552,0.9959999918937683
3603,,,,,,,,,,,,,860.058,1750.46,0.9810000061988831
3604,,,,,,,,,,,,,860.058,1750.46,0.9819999933242798
3605,,,,,,,,,,,,,860.058,1750.546,0.9950000047683716
3606,899.806,1708.197,0.02199999988079071,,,,,,,,,,860.058,1750.569,0.9959999918937683
3607,,,,,,,,,,,,,860.086,1750.921,0.9940000176429749
3608,,,,,,,,,,84.169,1595.761,0.03799999877810478,860.102,1751.676,0.9700000286102295
3609,,,,,,,,,,91.794,1595.761,0.029999999329447746,860.086,1752.014,0.996999979019165
3610,,,,,,,,,,91.879,1604.069,0.019999999552965164,859.825,1754.486,0.9980000257492065
3611,,,,,,,,,,91.959,1604.069,0.03099999949336052,860.086,1752.014,0.9959999918937683
3612,892.246,1708.246,0.05700000002980232,,,,,,,,,,859.936,1754.486,0.9990000128746033
3613,,,,,,,,,,,,,859.825,1754.561,0.9990000128746033
3614,,,,,,,,,,,,,859.825,1754.561,0.9990000128746033
3615,,,,,,,,,,83.692,1587.93,0.20900000631809235,859.42,1751.568,0.9779999852180481
3616,,,,,,,,,,91.717,1596.053,0.026000000536441803,172.352,829.539,0.9900000095367432
3617,,,,,,,,,,91.852,1604.154,0.032999999821186066,172.352,829.539,0.972000002861023
3618,,,,,,,,,,,,,172.352,829.539,0.9769999980926514
3619,,,,,,,,,,,,,859.619,1755.482,0.9919999837875366
3620,,,,,,,,,,,,,859.661,1755.482,0.9929999709129333
3621,,,,,,,,,,,,,860.085,1755.716,0.996999979019165
3622,,,,,,,,,,,,,860.158,1755.783,0.9980000257492065
3623,,,,,,,,,,,,,860.718,1755.783,1.0
3624,,,,,,,,,,,,,860.718,1755.254,0.9980000257492065
3625,,,,,,,,,,,,,860.718,1755.254,0.9980000257492065
3626,,,,,,,,,,,,,860.135,1754.724,0.996999979019165
3627,,,,,,,,,,,,,859.883,1754.724,0.996999979019165
3628,,,,,,,,,,,,,859.636,1754.724,0.9929999709129333
3629,899.988,1707.981,0.020999999716877937,,,,,,,203.421,763.508,0.019999999552965164,859.636,1755.633,0.9950000047683716
3630,900.133,1715.808,0.1509999930858612,,,,,,,,,,859.534,1755.633,0.9980000257492065
3631,,,,,,,,,,,,,859.366,1755.633,0.9900000095367432
3632,,,,,,,,,,203.22,772.339,0.0560000017285347,172.4,829.84,0.9850000143051147
3633,,,,,,,,,,,,,172.333,829.831,0.9909999966621399
3634,,,,,,,,,,,,,172.333,829.785,0.9940000176429749
3635,,,,,,,,,,,,,172.333,829.785,0.9879999756813049
3636,,,,,,,,,,,,,172.319,829.626,0.9959999918937683
3637,,,,,,,,,,,,,172.119,829.337,0.9890000224113464
3638,,,,,,,,,,,,,172.119,829.337,0.9919999837875366
3639,,,,,,,,,,,,,172.119,829.337,0.9950000047683716
3640,,,,,,,,,,,,,172.215,829.557,0.9950000047683716
3641,,,,,,,,,,,,,859.111,1755.22,0.9929999709129333
3642,,,,,,,,,,,,,859.332,1756.501,0.9940000176429749
3643,,,,,,,,,,,,,859.465,1756.501,0.9940000176429749
3644,,,,,,,,,,,,,859.465,1756.501,0.9980000257492065
3645,,,,,,,,,,,,,859.465,1756.15,0.996999979019165
3646,,,,,,,,,,,,,859.235,1755.907,0.9890000224113464
3647,908.083,1740.064,0.03500000014901161,,,,,,,,,,859.045,1755.709,0.9509999752044678
3648,,,,,,,,,,,,,858.736,1755.556,0.9769999980926514
3649,,,,,,,,,,,,,172.017,828.932,0.9829999804496765
3650,908.123,1740.15,0.05900000035762787,,,,,,,,,,171.899,828.814,0.9900000095367432
3651,,,,,,,,,,,,,171.879,828.702,0.9850000143051147
3652,,,,,,,,,,,,,171.879,828.702,0.9419999718666077
3653,,,,,,,,,,,,,171.879,828.702,0.9490000009536743
3654,907.892,1740.096,0.04100000113248825,,,,,,,,,,858.98,1749.798,0.9869999885559082
3655,,,,,,,,,,,,,859.222,1755.867,0.9940000176429749
3656,,,,,,,900.301,1740.246,0.1889999955892563,,,,859.304,1756.12,0.996999979019165
3657,,,,907.895,1739.579,0.1340000033378601,900.61,1740.285,0.27300000190734863,883.107,1739.61,0.05400000140070915,859.469,1756.435,0.9959999918937683
3658,,,,907.981,1739.579,0.17100000381469727,900.61,1740.338,0.13600000739097595,883.124,1739.672,0.15199999511241913,859.469,1756.54,0.9950000047683716
3659,908.176,1732.178,0.026000000536441803,908.075,1739.579,0.46799999475479126,900.301,1740.285,0.1889999955892563,883.771,1739.997,0.16599999368190765,859.535,1756.54,0.996999979019165
3660,908.184,1732.178,0.04699999839067459,908.075,1731.537,0.8069999814033508,900.279,1740.269,0.3449999988079071,883.868,1740.112,0.31299999356269836,859.535,1756.435,0.9900000095367432
3661,908.381,1748.047,0.07999999821186066,908.202,1731.268,0.31299999356269836,900.279,1740.269,0.10000000149011612,884.075,1740.112,0.1899999976158142,859.535,1751.762,0.9990000128746033
3662,908.381,1748.079,0.07100000232458115,908.284,1731.268,0.593999981880188,900.279,1740.269,0.10400000214576721,884.318,1740.284,0.1589999943971634,859.769,1748.17,0.9940000176429749
3663,,,,908.202,1731.49,0.21400000154972076,901.029,1740.266,0.08299999684095383,884.318,1740.112,0.04699999839067459,860.2,1748.17,0.9909999966621399
3664,,,,907.928,1731.49,0.4729999899864197,907.408,1740.269,0.7070000171661377,884.725,1739.908,0.6069999933242798,860.08,1748.17,0.9990000128746033
3665,,,,908.284,1739.802,0.11299999803304672,907.442,1740.279,0.3319999873638153,884.725,1739.908,0.07800000160932541,860.08,1748.17,0.996999979019165
3666,,,,908.442,1739.824,0.06300000101327896,907.567,1740.451,0.41499999165534973,891.892,1740.409,0.04399999976158142,860.08,1748.17,0.9919999837875366
3667,,,,,,,,,,,,,859.934,1746.739,0.9909999966621399
3668,,,,,,,,,,,,,172.515,830.171,0.9940000176429749
3669,,,,,,,900.928,1739.989,0.04399999976158142,,,,172.515,830.054,0.9959999918937683
3670,,,,907.999,1731.868,0.18799999356269836,901.634,1740.133,0.7770000100135803,883.16,1739.985,0.3230000138282776,172.515,830.054,0.9980000257492065
3671,899.788,1707.802,0.05000000074505806,908.012,1731.868,0.1420000046491623,901.634,1740.133,0.8109999895095825,883.761,1740.035,0.23399999737739563,172.642,830.171,0.9980000257492065
3672,899.788,1708.074,0.5019999742507935,908.229,1731.868,0.5590000152587891,901.15,1740.147,0.953000009059906,883.761,1740.127,0.6579999923706055,859.619,1749.084,0.9980000257492065
3673,899.788,1708.074,0.1889999955892563,908.229,1731.645,0.656000018119812,901.15,1740.435,0.9200000166893005,883.16,1740.24,0.5099999904632568,859.619,1749.084,0.9990000128746033
3674,899.419,1708.01,0.9480000138282776,908.229,1731.54,0.9290000200271606,900.199,1740.548,0.9810000061988831,875.14,1740.24,0.6899999976158142,859.619,1749.084,0.9959999918937683
3675,899.305,1708.01,0.9879999756813049,908.229,1731.455,0.9610000252723694,900.199,1740.548,0.847000002861023,875.14,1740.203,0.17499999701976776,172.18,829.524,0.9919999837875366
3676,899.305,1708.102,0.9919999837875366,908.229,1731.54,0.8100000023841858,900.199,1740.548,0.953000009059906,875.14,1740.165,0.6000000238418579,172.18,829.373,0.9710000157356262
3677,898.605,1708.115,0.8889999985694885,908.321,1731.54,0.3959999978542328,900.996,1740.224,0.9309999942779541,882.106,1740.165,0.3070000112056732,172.18,829.373,0.9860000014305115
3678,899.305,1708.115,0.4309999942779541,908.749,1724.861,0.1289999932050705,901.439,1740.203,0.949999988079071,882.106,1739.734,0.9580000042915344,172.289,829.317,0.9929999709129333
3679,899.624,1708.172,0.08799999952316284,908.808,1724.861,0.06800000369548798,907.394,1739.977,0.6800000071525574,882.106,1739.516,0.44699999690055847,172.369,829.317,0.9890000224113464
3680,899.739,1708.181,0.0820000022649765,908.808,1731.756,0.22200000286102295,907.417,1739.977,0.9190000295639038,875.575,1739.516,0.8169999718666077,177.47,829.025,0.9929999709129333
3681,,,,,,,907.526,1740.007,0.9210000038146973,875.575,1739.516,0.5680000185966492,177.47,829.025,0.953000009059906
3682,899.989,1699.831,0.028999999165534973,,,,907.6,1740.007,0.8899999856948853,875.575,1739.754,0.3230000138282776,172.373,829.025,0.9829999804496765
3683,,,,,,,907.712,1740.2,0.49799999594688416,883.005,1739.85,0.026000000536441803,172.373,829.188,0.972000002861023
3684,,,,,,,907.879,1740.296,0.4690000116825104,883.127,1739.942,0.04500000178813934,172.322,829.286,0.984000027179718
3685,892.189,1708.198,0.03799999877810478,,,,,,,,,,172.256,829.327,0.9769999980926514
3686,893.099,1708.25,0.2150000035762787,908.003,1731.855,0.1940000057220459,907.243,1740.082,0.47200000286102295,882.813,1739.586,0.06800000369548798,172.322,829.327,0.9860000014305115
3687,899.735,1708.471,0.7049999833106995,908.107,1739.749,0.3230000138282776,907.268,1740.253,0.6489999890327454,883.183,1739.914,0.1679999977350235,172.322,829.286,0.9869999885559082
3688,,,,,,,907.507,1740.321,0.7379999756813049,883.273,1739.983,0.1340000033378601,172.212,828.828,0.9950000047683716
3689,899.794,1708.035,0.07999999821186066,,,,907.507,1740.335,0.6439999938011169,,,,176.689,828.828,0.9940000176429749
3690,,,,908.021,1731.105,0.05999999865889549,907.507,1740.335,0.44999998807907104,,,,176.944,828.828,0.9359999895095825
3691,892.291,1707.734,0.13300000131130219,908.34,1731.105,0.546999990940094,900.912,1740.421,0.4309999942779541,883.296,1739.883,0.041999999433755875,176.944,829.29,0.9819999933242798
3692,892.763,1707.828,0.06300000101327896,908.462,1731.105,0.4359999895095825,900.789,1740.421,0.6119999885559082,883.296,1739.889,0.2280000001192093,175.82,829.318,0.9919999837875366
3693,892.763,1708.061,0.4099999964237213,908.753,1730.568,0.578000009059906,900.789,1740.421,0.6420000195503235,883.296,1739.889,0.16500000655651093,175.82,829.49,0.9980000257492065
3694,892.763,1708.061,0.7940000295639038,908.831,1730.542,0.6880000233650208,900.789,1740.324,0.8569999933242798,882.588,1739.889,0.5249999761581421,175.538,829.318,0.9990000128746033
3695,892.763,1708.061,0.050999999046325684,908.958,1725.668,0.16300000250339508,900.789,1740.423,0.843999981880188,882.588,1740.115,0.550000011920929,175.538,829.29,0.9950000047683716
3696,892.763,1708.061,0.1770000010728836,908.958,1725.668,0.8059999942779541,900.841,1740.423,0.9330000281333923,882.588,1740.137,0.8619999885559082,175.82,829.263,0.9929999709129333
3697,892.321,1708.061,0.19200000166893005,908.753,1725.668,0.40700000524520874,900.841,1740.309,0.8790000081062317,882.758,1740.275,0.7170000076293945,172.585,829.263,0.9980000257492065
3698,892.383,1708.119,0.5429999828338623,908.72,1725.668,0.4429999887943268,900.841,1740.309,0.9399999976158142,882.758,1740.275,0.6570000052452087,175.588,829.263,0.9980000257492065
3699,892.326,1708.251,0.5249999761581421,908.64,1724.641,0.25600001215934753,900.841,1740.309,0.902999997138977,882.758,1740.275,0.75,175.646,829.142,0.9940000176429749
3700,892.321,1708.251,0.24799999594688416,908.64,1724.443,0.19699999690055847,900.976,1740.143,0.8899999856948853,875.774,1740.275,0.8690000176429749,175.588,829.329,0.9980000257492065
3701,892.272,1708.296,0.27000001072883606,908.72,1724.443,0.052000001072883606,907.707,1740.143,0.7269999980926514,875.774,1740.315,0.5389999747276306,172.605,829.329,0.9980000257492065
3702,892.326,1708.296,0.8050000071525574,908.814,1724.443,0.3970000147819519,907.707,1740.129,0.8230000138282776,875.774,1740.4,0.42500001192092896,172.605,829.296,0.996999979019165
3703,892.293,1708.231,0.14399999380111694,,,,907.707,1740.1,0.42399999499320984,,,,172.544,828.957,0.9980000257492065
3704,892.293,1708.135,0.9300000071525574,908.366,1724.387,0.3190000057220459,901.033,1740.1,0.6259999871253967,883.149,1740.088,0.050999999046325684,172.411,828.957,0.9980000257492065
3705,892.369,1708.135,0.6899999976158142,908.688,1724.509,0.27000001072883606,901.033,1740.19,0.1340000033378601,,,,172.379,828.866,0.996999979019165
3706,892.564,1708.135,0.7049999833106995,908.693,1724.941,0.7049999833106995,901.033,1740.212,0.5709999799728394,875.206,1732.531,0.0729999989271164,172.191,828.86,0.996999979019165
3707,892.564,1708.332,0.12600000202655792,,,,901.033,1740.228,0.1509999930858612,875.703,1739.844,0.03999999910593033,172.143,828.86,0.9919999837875366
3708,,,,,,,901.033,1740.257,0.2919999957084656,875.718,1740.036,0.07500000298023224,172.006,828.86,0.9950000047683716
3709,892.386,1707.67,0.1509999930858612,908.143,1723.756,0.04699999839067459,900.268,1740.234,0.5569999814033508,883.475,1740.198,0.24699999392032623,172.006,829.012,0.9929999709129333
3710,892.386,1707.72,0.44699999690055847,908.178,1731.141,0.45899999141693115,899.861,1740.257,0.9200000166893005,883.879,1740.275,0.703000009059906,172.143,829.088,0.9919999837875366
3711,892.386,1708.236,0.18799999356269836,908.266,1731.141,0.2529999911785126,899.592,1740.333,0.9470000267028809,883.879,1740.377,0.7450000047683716,172.182,829.088,0.9929999709129333
3712,892.84,1708.353,0.4650000035762787,908.288,1731.141,0.2409999966621399,899.554,1740.449,0.949999988079071,883.879,1740.431,0.5220000147819519,172.2,829.239,0.9909999966621399
3713,892.43,1708.353,0.6679999828338623,908.309,1725.246,0.753000020980835,899.554,1740.333,0.984000027179718,883.34,1740.405,0.9309999942779541,172.2,829.088,0.9900000095367432
3714,892.331,1708.353,0.8859999775886536,908.318,1725.05,0.8009999990463257,899.592,1740.345,0.9670000076293945,883.269,1740.377,0.7200000286102295,172.182,829.054,0.9929999709129333
3715,892.395,1708.242,0.6110000014305115,908.59,1724.818,0.49399998784065247,899.983,1740.345,0.9049999713897705,875.728,1740.377,0.34599998593330383,172.18,828.881,0.9879999756813049
3716,892.413,1708.109,0.20900000631809235,908.59,1724.798,0.46299999952316284,900.16,1740.345,0.4860000014305115,875.707,1740.337,0.17399999499320984,172.112,828.838,0.9800000190734863
3717,892.413,1708.043,0.17800000309944153,908.59,1724.696,0.47600001096725464,900.295,1740.256,0.4020000100135803,875.728,1740.337,0.13300000131130219,172.112,828.838,0.9710000157356262
3718,892.413,1707.953,0.25200000405311584,908.38,1724.419,0.28999999165534973,900.295,1740.345,0.2240000069141388,875.728,1740.337,0.04399999976158142,172.112,828.838,0.9610000252723694
3719,892.452,1708.041,0.0689999982714653,908.144,1724.696,0.2770000100135803,900.761,1740.375,0.9610000252723694,883.223,1740.41,0.7680000066757202,859.838,1747.558,0.9980000257492065
3720,892.452,1707.938,0.36899998784065247,908.144,1724.044,0.1469999998807907,900.783,1740.185,0.6359999775886536,883.431,1740.41,0.3050000071525574,859.983,1747.558,0.9919999837875366
3721,899.496,1707.938,0.21400000154972076,908.227,1723.8,0.16200000047683716,900.783,1740.078,0.5049999952316284,883.619,1740.41,0.15600000321865082,860.062,1747.59,0.9850000143051147
3722,899.496,1708.041,0.07900000363588333,908.144,1723.8,0.22300000488758087,900.761,1740.068,0.7649999856948853,883.619,1740.34,0.5379999876022339,860.062,1748.037,0.9869999885559082
3723,,,,908.15,1723.8,0.06499999761581421,900.327,1740.068,0.3610000014305115,883.619,1740.34,0.16300000250339508,860.062,1747.59,0.9629999995231628
3724,899.684,1707.67,0.06300000101327896,908.15,1723.8,0.18299999833106995,900.327,1739.756,0.7229999899864197,883.899,1740.34,0.48100000619888306,859.936,1747.59,0.9470000267028809
3725,899.7,1707.67,0.07000000029802322,908.15,1723.8,0.4180000126361847,900.327,1739.756,0.9089999794960022,884.084,1740.426,0.953000009059906,859.816,1748.037,0.9980000257492065
3726,899.7,1707.69,0.13899999856948853,908.15,1723.828,0.5239999890327454,900.327,1740.068,0.9020000100135803,884.615,1740.501,0.9679999947547913,859.774,1748.037,0.996999979019165
3727,899.684,1707.69,0.11500000208616257,908.315,1724.858,0.4790000021457672,900.305,1740.083,0.9430000185966492,884.615,1740.6,0.9710000157356262,859.774,1747.421,0.9980000257492065
3728,899.684,1707.993,0.035999998450279236,,,,900.305,1740.055,0.09700000286102295,,,,172.542,830.127,0.9950000047683716
3729,899.769,1708.034,0.08699999749660492,900.334,1716.235,0.023000000044703484,899.947,1740.055,0.25,,,,172.336,829.934,0.996999979019165
3730,,,,,,,899.947,1740.083,0.054999999701976776,,,,172.317,829.451,0.9980000257492065
3731,892.302,1708.095,0.1080000028014183,899.74,1724.224,0.026000000536441803,899.947,1740.055,0.07400000095367432,,,,172.308,829.442,0.9980000257492065
3732,892.398,1708.173,0.16899999976158142,899.769,1724.347,0.03099999949336052,899.947,1740.055,0.06800000369548798,,,,172.195,828.92,0.9959999918937683
3733,892.398,1708.173,0.3100000023841858,900.037,1724.422,0.020999999716877937,900.043,1740.159,0.09700000286102295,,,,172.195,828.92,0.996999979019165
3734,892.398,1708.173,0.3009999990463257,,,,900.14,1740.195,0.09700000286102295,,,,172.195,828.92,0.9959999918937683
3735,892.439,1708.173,0.05700000002980232,,,,907.592,1740.351,0.5059999823570251,883.089,1740.126,0.2460000067949295,172.267,829.058,0.9729999899864197
3736,892.512,1708.197,0.052000001072883606,,,,907.596,1740.351,0.5770000219345093,883.569,1740.141,0.36800000071525574,172.398,829.123,0.9599999785423279
3737,,,,,,,907.806,1740.351,0.17000000178813934,,,,172.419,829.233,0.9620000123977661
3738,,,,,,,907.806,1740.313,0.13199999928474426,,,,172.427,829.456,0.9649999737739563
3739,,,,,,,907.821,1740.313,0.28299999237060547,882.949,1739.747,0.03400000184774399,172.419,829.649,0.9940000176429749
3740,892.301,1708.184,0.0430000014603138,,,,907.881,1740.313,0.3019999861717224,883.279,1740.3,0.0689999982714653,172.398,829.651,0.9959999918937683
3741,,,,,,,,,,,,,172.345,829.651,0.9779999852180481
3742,,,,,,,,,,,,,172.317,829.651,0.9769999980926514
3743,892.254,1708.36,0.11900000274181366,,,,907.894,1740.206,0.06300000101327896,,,,172.299,829.296,0.9890000224113464
3744,892.468,1708.409,0.04500000178813934,,,,,,,,,,172.299,829.235,0.9869999885559082
3745,,,,,,,,,,,,,172.299,829.235,0.9739999771118164
3746,,,,,,,907.912,1740.207,0.05000000074505806,,,,172.311,829.171,0.9900000095367432
3747,,,,,,,907.988,1740.323,0.061000000685453415,,,,172.455,829.171,0.9850000143051147
3748,,,,,,,,,,,,,172.501,829.51,0.9940000176429749
3749,892.256,1708.151,0.054999999701976776,,,,,,,,,,172.501,829.51,0.9810000061988831
3750,,,,,,,,,,,,,172.501,828.917,0.9909999966621399
3751,,,,,,,,,,,,,172.268,828.854,0.9909999966621399
3752,,,,,,,,,,,,,172.265,828.72,0.9869999885559082
3753,,,,,,,,,,,,,172.265,828.72,0.9909999966621399
3754,,,,,,,,,,,,,172.268,828.854,0.9940000176429749
3755,,,,,,,,,,,,,172.28,828.875,0.9950000047683716
3756,,,,,,,,,,,,,172.28,828.875,0.9929999709129333
3757,,,,,,,900.462,1723.934,0.07699999958276749,,,,172.28,828.875,0.9950000047683716
3758,,,,,,,,,,,,,172.084,828.875,0.996999979019165
3759,,,,,,,,,,,,,172.084,828.991,0.996999979019165
3760,,,,,,,,,,,,,172.084,828.991,0.996999979019165
3761,,,,,,,,,,,,,172.264,829.334,0.9980000257492065
3762,,,,,,,,,,,,,172.362,829.482,0.996999979019165
3763,,,,,,,,,,,,,172.568,829.835,0.9980000257492065
3764,,,,,,,,,,,,,172.63,829.898,0.9940000176429749
3765,,,,,,,,,,,,,172.653,829.898,0.9940000176429749
3766,,,,,,,,,,875.692,1723.994,0.06300000101327896,172.63,829.898,0.9950000047683716
3767,,,,,,,,,,,,,172.63,829.427,0.9810000061988831
3768,,,,,,,,,,,,,172.485,829.419,0.9850000143051147
3769,,,,,,,,,,,,,172.326,829.115,0.9620000123977661
3770,,,,,,,,,,,,,172.31,829.084,0.9580000042915344
3771,,,,,,,,,,,,,172.297,829.036,0.9710000157356262
3772,,,,,,,,,,,,,172.297,829.084,0.9739999771118164
3773,,,,,,,,,,,,,172.292,829.115,0.9779999852180481
3774,,,,,,,907.773,1724.068,0.03400000184774399,891.913,1724.025,0.054999999701976776,172.235,829.135,0.9909999966621399
3775,,,,,,,,,,,,,172.235,829.137,0.9929999709129333
3776,,,,,,,,,,,,,172.254,829.216,0.9829999804496765
3777,,,,,,,,,,,,,172.292,829.362,0.9779999852180481
3778,,,,,,,,,,,,,172.459,829.29,0.9909999966621399
3779,,,,,,,,,,,,,172.459,829.29,0.9900000095367432
3780,,,,,,,907.575,1723.902,0.16699999570846558,,,,172.459,829.29,0.9980000257492065
3781,,,,,,,907.75,1723.907,0.18400000035762787,883.389,1723.696,0.027000000700354576,172.344,829.272,0.9829999804496765
3782,,,,,,,,,,,,,172.343,829.182,0.9909999966621399
3783,,,,,,,907.574,1723.925,0.1080000028014183,,,,172.343,829.182,0.9879999756813049
3784,,,,,,,,,,,,,172.344,829.182,0.9959999918937683
3785,,,,,,,,,,,,,172.359,829.166,0.9950000047683716
3786,,,,,,,,,,,,,172.415,829.166,0.9959999918937683
3787,,,,,,,,,,,,,172.415,829.182,0.9950000047683716
3788,,,,,,,,,,,,,172.415,829.166,0.9919999837875366
3789,,,,,,,,,,,,,172.429,829.166,0.9940000176429749
3790,,,,,,,,,,,,,172.395,829.166,0.9959999918937683
3791,,,,,,,,,,,,,172.36,829.182,0.9959999918937683
3792,,,,,,,,,,,,,172.36,829.245,0.9929999709129333
3793,,,,,,,,,,,,,172.327,829.333,0.9900000095367432
3794,,,,,,,,,,,,,172.29,829.333,0.9879999756813049
3795,,,,,,,,,,,,,172.327,829.707,0.9760000109672546
3796,,,,,,,907.939,1715.914,0.04899999871850014,,,,172.407,830.021,0.9850000143051147
3797,,,,,,,,,,,,,172.613,830.166,0.9860000014305115
3798,,,,,,,,,,,,,172.65,830.247,0.9900000095367432
3799,,,,,,,,,,,,,172.689,830.247,0.9909999966621399
3800,,,,,,,,,,,,,172.65,830.166,0.9890000224113464
3801,,,,,,,907.71,1723.913,0.10599999874830246,,,,172.65,830.149,0.9900000095367432
3802,,,,,,,907.771,1723.963,0.17599999904632568,,,,172.586,830.034,0.9900000095367432
3803,,,,,,,907.819,1724.13,0.11999999731779099,875.677,1723.743,0.04899999871850014,172.586,829.931,0.9890000224113464
3804,,,,,,,,,,,,,172.586,829.718,0.9909999966621399
3805,,,,,,,,,,,,,172.598,829.718,0.9940000176429749
3806,,,,,,,,,,,,,172.661,829.772,0.9929999709129333
3807,,,,,,,,,,,,,172.661,829.772,0.9940000176429749
3808,,,,,,,,,,,,,172.598,829.536,0.9869999885559082
3809,,,,,,,,,,,,,172.373,829.417,0.9539999961853027
3810,,,,,,,,,,,,,172.224,829.249,0.9100000262260437
3811,,,,,,,,,,,,,172.158,829.16,0.9599999785423279
3812,,,,,,,,,,,,,172.034,829.135,0.9589999914169312
3813,,,,,,,,,,,,,172.158,829.135,0.9279999732971191
3814,,,,,,,,,,,,,172.158,829.124,0.9710000157356262
3815,,,,,,,,,,,,,172.407,829.124,0.9660000205039978
3816,,,,,,,,,,,,,172.407,829.124,0.9620000123977661
3817,,,,,,,,,,,,,172.435,829.124,0.9779999852180481
3818,,,,,,,,,,,,,172.474,829.269,0.9679999947547913
3819,,,,,,,,,,,,,172.53,829.269,0.9810000061988831
3820,,,,,,,,,,,,,172.53,829.099,0.9919999837875366
3821,,,,,,,,,,,,,172.57,829.203,0.9940000176429749
3822,,,,,,,,,,,,,172.57,829.203,0.9909999966621399
3823,,,,,,,,,,,,,172.57,829.203,0.9950000047683716
3824,,,,,,,,,,,,,172.57,829.203,0.996999979019165
3825,,,,,,,,,,,,,172.57,829.203,0.9959999918937683
3826,,,,,,,,,,,,,172.573,828.808,0.9980000257492065
3827,,,,,,,907.636,1723.847,0.1289999932050705,,,,172.573,828.808,0.996999979019165
3828,,,,,,,,,,,,,172.45,828.636,0.9980000257492065
3829,,,,,,,907.719,1724.012,0.10499999672174454,,,,172.596,828.636,0.9959999918937683
3830,,,,,,,,,,,,,172.627,828.986,0.9959999918937683
3831,,,,,,,,,,,,,172.596,829.103,0.9929999709129333
3832,,,,,,,,,,,,,172.596,829.199,0.9950000047683716
3833,,,,,,,,,,,,,172.642,829.303,0.9929999709129333
3834,,,,,,,907.654,1732.157,0.09600000083446503,,,,172.905,829.309,0.9959999918937683
3835,,,,,,,907.782,1732.241,0.05700000002980232,,,,172.906,829.389,0.9950000047683716
3836,,,,,,,,,,,,,172.941,829.408,0.996999979019165
3837,,,,,,,,,,,,,172.941,829.408,0.996999979019165
3838,,,,,,,,,,,,,172.941,829.389,0.9959999918937683
3839,,,,,,,,,,,,,172.441,828.759,0.9810000061988831
3840,,,,,,,,,,,,,172.323,828.633,0.9309999942779541
3841,,,,,,,,,,,,,172.323,828.633,0.9670000076293945
3842,,,,,,,907.771,1740.266,0.25699999928474426,,,,172.323,828.633,0.8970000147819519
3843,,,,,,,,,,,,,172.45,829.048,0.9229999780654907
3844,,,,,,,,,,,,,172.673,829.174,0.9679999947547913
3845,,,,,,,,,,,,,172.673,829.174,0.9589999914169312
3846,,,,,,,,,,,,,172.673,829.174,0.9639999866485596
3847,,,,,,,,,,,,,172.37,828.861,0.8510000109672546
3848,,,,,,,,,,,,,172.307,828.858,0.8899999856948853
3849,,,,,,,,,,,,,172.247,828.858,0.972000002861023
3850,,,,,,,,,,,,,172.247,828.861,0.9869999885559082
3851,,,,,,,,,,,,,172.184,829.048,0.9879999756813049
3852,891.813,1692.541,0.0860000029206276,,,,,,,,,,172.184,829.048,0.9829999804496765
3853,891.813,1692.706,0.3070000112056732,900.35,1723.674,0.10199999809265137,899.132,1724.03,0.03200000151991844,,,,172.247,829.089,0.9919999837875366
3854,891.874,1692.706,0.4269999861717224,900.35,1724.119,0.28700000047683716,899.517,1724.482,0.6489999890327454,,,,172.247,829.222,0.9879999756813049
3855,891.964,1692.669,0.11100000143051147,908.018,1724.218,0.38499999046325684,900.161,1730.615,0.4429999887943268,875.751,1724.32,0.02800000086426735,172.409,829.222,0.9860000014305115
3856,891.977,1692.669,0.125,908.509,1724.873,0.04800000041723251,900.489,1731.509,0.06800000369548798,,,,172.409,829.149,0.9890000224113464
3857,891.98,1692.669,0.04500000178813934,,,,,,,,,,172.454,829.149,0.9700000286102295
3858,899.782,1692.669,0.19099999964237213,908.073,1723.668,0.04800000041723251,907.699,1731.737,0.029999999329447746,875.839,1724.224,0.052000001072883606,172.409,829.03,0.9750000238418579
3859,,,,,,,,,,,,,172.358,829.007,0.968999981880188
3860,,,,,,,,,,,,,172.206,828.777,0.9150000214576721
3861,,,,,,,907.876,1731.896,0.05999999865889549,875.82,1724.189,0.28600001335144043,172.202,828.777,0.8889999985694885
3862,,,,,,,907.996,1740.156,0.11299999803304672,,,,172.202,828.711,0.8550000190734863
3863,,,,,,,,,,,,,172.202,828.777,0.984000027179718
3864,,,,,,,,,,,,,172.208,829.005,0.984000027179718
3865,,,,,,,899.957,1723.999,0.5130000114440918,875.453,1723.285,0.6200000047683716,172.242,829.301,0.9909999966621399
3866,,,,,,,899.957,1723.999,0.31200000643730164,875.453,1723.345,0.753000020980835,172.242,829.301,0.9950000047683716
3867,892.055,1692.401,0.13899999856948853,908.03,1723.801,0.03099999949336052,907.806,1731.544,0.3569999933242798,883.695,1723.806,0.6790000200271606,172.306,829.342,0.9959999918937683
3868,899.821,1692.505,0.07199999690055847,,,,907.932,1731.544,0.052000001072883606,883.695,1724.007,0.09000000357627869,172.242,829.301,0.9929999709129333
3869,,,,,,,,,,,,,172.101,829.043,0.9940000176429749
3870,,,,,,,,,,,,,172.067,828.902,0.9919999837875366
3871,892.062,1692.164,0.16300000250339508,,,,898.965,1723.635,0.10199999809265137,875.715,1723.681,0.3440000116825104,172.067,828.902,0.9929999709129333
3872,892.062,1692.42,0.029999999329447746,,,,899.511,1723.635,0.029999999329447746,875.944,1724.119,0.17499999701976776,172.067,828.902,0.9909999966621399
3873,892.091,1692.42,0.05299999937415123,,,,899.567,1723.719,0.050999999046325684,883.451,1724.234,0.07999999821186066,172.17,828.919,0.9950000047683716
3874,892.133,1692.42,0.050999999046325684,,,,899.66,1723.719,0.023000000044703484,,,,172.25,828.973,0.9959999918937683
3875,892.119,1692.433,0.03400000184774399,,,,899.694,1723.847,0.03500000014901161,875.714,1715.583,0.06300000101327896,172.333,829.191,0.9959999918937683
3876,892.133,1692.433,0.05900000035762787,,,,899.722,1723.937,0.11800000071525574,883.346,1723.438,0.1340000033378601,172.375,829.239,0.9950000047683716
3877,892.133,1692.433,0.09700000286102295,907.976,1723.902,0.03200000151991844,899.798,1723.965,0.3440000116825104,883.462,1723.458,0.22100000083446503,172.333,829.191,0.9959999918937683
3878,892.133,1692.488,0.08100000023841858,,,,899.798,1723.975,0.3409999907016754,883.723,1723.591,0.6629999876022339,172.323,828.973,0.9940000176429749
3879,,,,,,,899.798,1723.975,0.0729999989271164,884.075,1723.591,0.3930000066757202,172.323,828.97,0.9950000047683716
3880,899.773,1692.254,0.02500000037252903,,,,899.677,1723.975,0.0820000022649765,891.443,1723.899,0.5389999747276306,172.237,828.859,0.9959999918937683
3881,,,,,,,899.492,1723.965,0.05700000002980232,891.443,1723.931,0.3440000116825104,171.918,828.703,0.996999979019165
3882,892.074,1692.28,0.054999999701976776,,,,899.492,1723.915,0.11599999666213989,891.443,1723.931,0.14000000059604645,171.899,828.833,0.996999979019165
3883,892.092,1692.359,0.03099999949336052,,,,899.492,1723.904,0.14800000190734863,875.677,1723.931,0.1550000011920929,171.899,828.833,0.9850000143051147
3884,,,,,,,899.604,1723.904,0.03500000014901161,875.677,1723.931,0.03999999910593033,171.899,828.833,0.9890000224113464
3885,,,,,,,899.64,1723.904,0.07000000029802322,875.677,1723.934,0.11599999666213989,172.193,828.92,0.9959999918937683
3886,,,,,,,899.705,1723.915,0.019999999552965164,,,,172.23,828.92,0.9810000061988831
3887,,,,,,,908.119,1731.946,0.032999999821186066,892.106,1723.861,0.04800000041723251,172.23,828.92,0.9800000190734863
3888,,,,,,,,,,,,,172.283,829.146,0.9570000171661377
3889,,,,,,,,,,,,,172.283,829.146,0.9850000143051147
3890,899.733,1692.125,0.03099999949336052,,,,899.693,1723.956,0.03500000014901161,,,,172.338,829.298,0.9879999756813049
3891,899.786,1692.213,0.09000000357627869,,,,899.73,1724.026,0.0820000022649765,,,,172.457,829.298,0.9869999885559082
3892,899.868,1692.213,0.1080000028014183,908.23,1724.014,0.0560000017285347,899.874,1731.262,0.6060000061988831,875.578,1724.248,0.1080000028014183,172.524,829.298,0.9829999804496765
3893,899.868,1692.248,0.06700000166893005,,,,900.04,1724.026,0.26100000739097595,,,,172.524,829.13,0.9819999933242798
3894,899.871,1692.321,0.039000000804662704,,,,907.392,1731.262,0.22300000488758087,891.831,1723.878,0.023000000044703484,172.524,829.13,0.9959999918937683
3895,,,,,,,907.908,1731.841,0.04899999871850014,,,,172.496,829.13,0.996999979019165
3896,,,,,,,,,,,,,172.447,829.689,0.9950000047683716
3897,,,,,,,,,,,,,172.445,829.689,0.9959999918937683
3898,,,,,,,,,,,,,172.427,829.689,0.9950000047683716
3899,,,,,,,899.573,1723.938,0.026000000536441803,,,,172.427,829.258,0.9869999885559082
3900,892.013,1692.34,0.10000000149011612,,,,899.628,1724.037,0.1979999989271164,,,,172.427,829.183,0.9929999709129333
3901,892.099,1692.34,0.11900000274181366,,,,899.997,1724.045,0.29100000858306885,884.137,1723.618,0.029999999329447746,172.438,828.96,0.9940000176429749
3902,892.115,1692.468,0.03799999877810478,,,,900.142,1732.187,0.3490000069141388,,,,172.461,828.865,0.9860000014305115
3903,899.883,1692.469,0.03700000047683716,,,,900.357,1732.3,0.15299999713897705,,,,172.49,828.96,0.9900000095367432
3904,,,,,,,,,,,,,172.478,828.96,0.9860000014305115
3905,,,,,,,,,,,,,172.478,828.96,0.9900000095367432
3906,,,,,,,,,,,,,172.49,829.089,0.9810000061988831
3907,,,,,,,,,,,,,172.478,829.089,0.9610000252723694
3908,892.094,1692.558,0.27399998903274536,,,,899.648,1731.88,0.07199999690055847,,,,172.438,829.089,0.9810000061988831
3909,892.108,1692.578,0.1589999943971634,,,,,,,,,,172.398,829.091,0.9909999966621399
3910,892.108,1692.594,0.10000000149011612,,,,,,,,,,172.398,829.091,0.9940000176429749
3911,892.11,1692.578,0.07999999821186066,,,,,,,,,,172.397,829.034,0.9940000176429749
3912,892.222,1692.578,0.4860000014305115,899.938,1724.104,0.024000000208616257,892.426,1724.715,0.05999999865889549,,,,172.397,829.034,0.996999979019165
3913,892.222,1692.544,0.7760000228881836,900.05,1724.171,0.03200000151991844,892.739,1724.96,0.05700000002980232,,,,172.355,828.922,0.9929999709129333
3914,898.98,1692.544,0.050999999046325684,,,,898.931,1731.047,0.01899999938905239,,,,172.355,828.922,0.9909999966621399
3915,899.749,1692.534,0.13500000536441803,,,,,,,,,,172.355,828.922,0.9850000143051147
3916,899.819,1692.534,0.15299999713897705,,,,,,,,,,172.442,828.948,0.9900000095367432
3917,899.88,1692.569,0.027000000700354576,,,,,,,,,,172.442,828.948,0.9890000224113464
3918,,,,,,,,,,,,,172.442,829.071,0.9829999804496765
3919,,,,,,,908.13,1731.869,0.0430000014603138,,,,172.383,828.948,0.9819999933242798
3920,,,,,,,908.217,1731.89,0.03799999877810478,,,,172.139,828.839,0.9909999966621399
3921,,,,,,,,,,,,,172.097,828.769,0.9929999709129333
3922,,,,,,,,,,,,,172.097,828.695,0.9950000047683716
3923,899.875,1692.465,0.04899999871850014,,,,,,,,,,172.097,828.695,0.9940000176429749
3924,899.875,1692.473,0.024000000208616257,,,,,,,,,,172.207,828.695,0.9850000143051147
3925,899.875,1692.492,0.0820000022649765,,,,,,,,,,172.207,828.695,0.9729999899864197
3926,899.846,1692.541,0.07999999821186066,,,,,,,,,,172.207,828.695,0.9399999976158142
3927,899.846,1692.541,0.1589999943971634,,,,,,,,,,172.104,828.513,0.8830000162124634
3928,899.846,1692.541,0.057999998331069946,,,,,,,,,,172.008,828.489,0.9319999814033508
3929,899.889,1692.541,0.039000000804662704,,,,,,,,,,172.008,828.332,0.8539999723434448
3930,899.966,1692.541,0.04899999871850014,,,,,,,,,,172.008,828.332,0.7599999904632568
3931,,,,,,,,,,,,,172.096,828.332,0.8289999961853027
3932,891.91,1692.323,0.04500000178813934,,,,899.765,1739.937,0.26899999380111694,875.311,1731.694,0.026000000536441803,172.158,828.537,0.9169999957084656
3933,892.09,1692.398,0.16500000655651093,907.934,1723.887,0.04500000178813934,900.363,1740.034,0.515999972820282,884.046,1732.045,0.10199999809265137,172.193,828.64,0.9350000023841858
3934,898.894,1692.398,0.11100000143051147,907.934,1723.937,0.02800000086426735,900.363,1740.034,0.4830000102519989,884.418,1732.19,0.01600000075995922,172.226,828.652,0.9819999933242798
3935,899.588,1692.379,0.3700000047683716,907.934,1723.953,0.03200000151991844,900.363,1740.034,0.3070000112056732,,,,172.241,828.884,0.972000002861023
3936,899.588,1692.398,0.7850000262260437,900.019,1723.937,0.20600000023841858,899.544,1731.297,0.4309999942779541,875.153,1731.957,0.0430000014603138,172.241,828.884,0.9710000157356262
3937,898.894,1692.404,0.19499999284744263,899.915,1723.981,0.020999999716877937,884.514,1725.627,0.035999998450279236,,,,172.246,828.986,0.9779999852180481
3938,899.588,1692.379,0.2280000001192093,899.701,1723.981,0.017000000923871994,884.514,1725.627,0.09000000357627869,,,,172.246,828.884,0.9810000061988831
3939,899.588,1692.285,0.8320000171661377,899.701,1723.981,0.41999998688697815,884.514,1725.503,0.5099999904632568,867.921,1723.578,0.023000000044703484,172.375,828.769,0.9900000095367432
3940,899.043,1692.404,0.23600000143051147,899.601,1723.784,0.06700000166893005,884.904,1725.627,0.3100000023841858,,,,172.375,828.757,0.9819999933242798
3941,893.165,1692.477,0.9700000286102295,899.601,1716.929,0.5860000252723694,891.759,1729.776,0.6499999761581421,875.093,1724.305,0.07699999958276749,172.375,828.746,0.9649999737739563
3942,892.905,1692.477,0.9100000262260437,899.701,1716.764,0.3959999978542328,899.445,1731.336,0.6710000038146973,875.093,1724.305,0.18799999356269836,172.34,828.421,0.949999988079071
3943,892.565,1692.477,0.47999998927116394,899.793,1716.929,0.05299999937415123,899.696,1731.519,0.3540000021457672,875.093,1724.305,0.03200000151991844,172.332,828.421,0.9300000071525574
3944,892.564,1692.552,0.29100000858306885,899.793,1716.929,0.01600000075995922,899.696,1731.519,0.07199999690055847,868.266,1724.284,0.10400000214576721,172.164,828.396,0.9570000171661377
3945,892.49,1692.659,0.3720000088214874,899.924,1724.085,0.07800000160932541,899.8,1731.58,0.12600000202655792,868.266,1724.284,0.09799999743700027,172.127,828.421,0.9829999804496765
3946,892.49,1699.844,0.29100000858306885,899.924,1724.085,0.09000000357627869,899.696,1731.519,0.30799999833106995,868.266,1724.284,0.03799999877810478,172.057,828.421,0.9909999966621399
3947,892.49,1699.844,0.1420000046491623,899.924,1724.126,0.1120000034570694,884.685,1730.986,0.10499999672174454,,,,172.057,828.485,0.9879999756813049
3948,892.564,1699.844,0.08699999749660492,899.705,1724.151,0.09300000220537186,884.468,1725.038,0.08299999684095383,,,,172.057,828.485,0.9869999885559082
3949,892.709,1699.106,0.6079999804496765,899.578,1724.189,0.2720000147819519,884.468,1725.038,0.04699999839067459,,,,172.051,828.485,0.9829999804496765
3950,892.709,1696.57,0.5989999771118164,899.475,1724.378,0.6669999957084656,884.468,1724.646,0.1469999998807907,,,,172.066,828.501,0.9879999756813049
3951,892.269,1692.1,0.9789999723434448,899.475,1724.408,0.42899999022483826,884.468,1724.646,0.0820000022649765,,,,172.066,828.51,0.9549999833106995
3952,892.097,1691.862,0.9779999852180481,899.578,1724.408,0.6499999761581421,884.65,1724.592,0.6930000185966492,875.567,1740.075,0.07800000160932541,171.946,828.622,0.9800000190734863
3953,891.997,1691.862,0.9169999957084656,899.578,1724.378,0.06800000369548798,885.068,1724.646,0.36800000071525574,,,,171.946,828.627,0.9810000061988831
3954,891.917,1691.856,0.8420000076293945,899.272,1724.366,0.020999999716877937,891.325,1724.715,0.3630000054836273,884.367,1724.113,0.02800000086426735,172.066,828.955,0.9890000224113464
3955,891.8,1691.856,0.6610000133514404,899.77,1724.366,0.01899999938905239,891.482,1730.834,0.23100000619888306,,,,172.076,829.044,0.9810000061988831
3956,891.8,1692.097,0.9549999833106995,900.141,1724.366,0.07100000232458115,891.482,1731.069,0.6610000133514404,,,,172.216,829.044,0.984000027179718
3957,891.788,1692.158,0.4729999899864197,,,,899.795,1740.547,0.03400000184774399,,,,172.248,829.079,0.9869999885559082
3958,891.788,1692.31,0.1509999930858612,,,,,,,,,,172.248,829.079,0.9819999933242798
3959,891.904,1692.49,0.3009999990463257,,,,,,,,,,172.248,828.819,0.9589999914169312
3960,892.173,1697.093,0.9190000295639038,891.978,1723.933,0.023000000044703484,,,,,,,172.043,828.559,0.625
3961,892.248,1697.093,0.9729999899864197,892.084,1724.166,0.02800000086426735,899.944,1740.225,0.020999999716877937,,,,171.983,828.559,0.8360000252723694
3962,892.445,1697.093,0.9919999837875366,899.847,1724.223,0.2750000059604645,900.076,1740.429,0.13500000536441803,,,,171.906,828.459,0.8309999704360962
3963,892.445,1692.514,0.777999997138977,,,,,,,,,,171.983,828.559,0.8930000066757202
3964,892.248,1692.514,0.8930000066757202,892.03,1724.078,0.06199999898672104,891.518,1731.223,0.024000000208616257,,,,171.983,828.701,0.8259999752044678
3965,892.145,1692.499,0.2619999945163727,,,,,,,,,,172.048,828.794,0.9580000042915344
3966,892.145,1692.499,0.2619999945163727,,,,,,,,,,172.048,828.794,0.9779999852180481
3967,892.145,1692.514,0.09799999743700027,,,,,,,,,,172.224,829.248,0.9509999752044678
3968,899.962,1692.58,0.041999999433755875,,,,,,,,,,172.048,828.794,0.9729999899864197
3969,,,,,,,,,,,,,171.91,828.464,0.9340000152587891
3970,,,,,,,,,,,,,171.91,828.464,0.8999999761581421
3971,,,,,,,,,,,,,172.184,828.964,0.9010000228881836
3972,,,,,,,,,,,,,172.043,828.75,0.9539999961853027
3973,,,,,,,,,,,,,172.043,828.75,0.9700000286102295
3974,,,,,,,,,,,,,172.184,828.763,0.9900000095367432
3975,,,,,,,,,,,,,172.191,828.763,0.9890000224113464
3976,,,,,,,,,,,,,172.191,828.75,0.9909999966621399
3977,,,,,,,,,,,,,172.232,828.609,0.9909999966621399
3978,,,,,,,,,,,,,172.256,828.638,0.9850000143051147
3979,,,,,,,900.041,1740.223,0.05299999937415123,,,,172.256,828.609,0.9610000252723694
3980,,,,,,,900.089,1740.308,0.054999999701976776,,,,172.232,828.432,0.9399999976158142
3981,,,,,,,,,,,,,172.314,828.374,0.9670000076293945
3982,,,,,,,,,,,,,172.284,828.339,0.9800000190734863
3983,,,,,,,899.76,1740.055,0.12300000339746475,,,,172.284,828.339,0.9760000109672546
3984,,,,,,,899.795,1740.084,0.1340000033378601,,,,172.314,828.374,0.9789999723434448
3985,,,,,,,899.876,1740.134,0.02800000086426735,,,,172.392,828.891,0.9879999756813049
3986,,,,,,,,,,,,,172.484,829.053,0.9940000176429749
3987,,,,,,,,,,,,,172.569,829.376,0.9739999771118164
3988,,,,,,,,,,,,,172.645,829.376,0.9890000224113464
3989,,,,,,,,,,,,,172.718,829.409,0.9900000095367432
3990,,,,,,,899.746,1740.282,0.061000000685453415,,,,172.718,829.498,0.9890000224113464
3991,867.842,1788.116,0.028999999165534973,,,,899.746,1740.282,0.32100000977516174,,,,172.645,829.498,0.9950000047683716
3992,,,,,,,899.953,1740.285,0.035999998450279236,,,,172.607,829.498,0.9919999837875366
3993,867.867,1788.097,0.024000000208616257,,,,900.08,1740.383,0.035999998450279236,,,,172.539,829.498,0.9929999709129333
3994,,,,,,,,,,,,,172.531,829.346,0.9850000143051147
3995,,,,,,,,,,,,,172.409,828.925,0.9789999723434448
3996,,,,,,,,,,,,,172.409,828.925,0.9869999885559082
3997,,,,,,,,,,,,,172.409,828.925,0.9710000157356262
3998,,,,,,,,,,,,,172.37,828.76,0.9909999966621399
3999,,,,,,,,,,,,,172.426,828.811,0.9919999837875366
4000,,,,,,,,,,,,,172.518,829.068,0.9950000047683716
4001,,,,,,,,,,,,,172.426,828.811,0.996999979019165
4002,,,,,,,,,,,,,172.37,828.76,0.9950000047683716
4003,,,,,,,,,,,,,172.342,828.65,0.9819999933242798
4004,,,,,,,899.802,1740.017,0.03999999910593033,,,,172.303,828.583,0.9779999852180481
4005,,,,,,,,,,,,,172.208,828.477,0.9729999899864197
4006,,,,,,,,,,,,,172.149,828.477,0.9509999752044678
4007,,,,,,,,,,,,,172.028,828.477,0.9729999899864197
4008,,,,,,,,,,,,,172.085,828.49,0.9629999995231628
4009,,,,,,,,,,,,,172.085,828.49,0.9869999885559082
4010,,,,,,,,,,,,,171.682,828.49,0.9819999933242798
4011,,,,,,,,,,,,,171.592,827.789,0.9800000190734863
4012,,,,,,,,,,,,,171.592,827.789,0.9679999947547913
4013,,,,,,,,,,,,,171.592,827.789,0.9399999976158142
4014,,,,,,,,,,,,,171.588,828.579,0.9639999866485596
4015,,,,,,,,,,,,,171.971,828.579,0.9819999933242798
4016,,,,,,,,,,,,,172.157,828.598,0.9810000061988831
4017,,,,,,,891.73,1739.854,0.07000000029802322,,,,172.43,828.898,0.9919999837875366
4018,,,,,,,,,,,,,172.323,829.134,0.9789999723434448
4019,,,,,,,,,,,,,172.323,829.134,0.9819999933242798
4020,,,,,,,,,,,,,172.323,829.134,0.9869999885559082
4021,,,,,,,,,,,,,172.104,829.03,0.9829999804496765
4022,,,,,,,,,,,,,171.742,828.406,0.9819999933242798
4023,,,,,,,,,,,,,171.633,828.406,0.9890000224113464
4024,,,,,,,,,,,,,171.594,828.177,0.9850000143051147
4025,,,,,,,,,,,,,171.587,828.081,0.9850000143051147
4026,899.916,1699.68,0.01600000075995922,900.271,1724.325,0.029999999329447746,899.683,1732.082,0.2549999952316284,883.867,1724.004,0.01899999938905239,171.536,827.956,0.9800000190734863
4027,,,,,,,899.739,1732.273,0.15199999511241913,891.04,1724.004,0.04100000113248825,171.536,827.956,0.9779999852180481
4028,,,,,,,899.767,1732.397,0.16599999368190765,891.444,1731.521,0.164000004529953,171.536,827.956,0.984000027179718
4029,,,,,,,,,,891.798,1731.521,0.15700000524520874,171.816,828.134,0.9890000224113464
4030,,,,,,,,,,,,,171.943,828.427,0.9900000095367432
4031,,,,,,,899.711,1739.998,0.023000000044703484,,,,172.144,828.429,0.9950000047683716
4032,,,,908.023,1723.821,0.05299999937415123,899.81,1740.131,0.07800000160932541,,,,172.583,829.196,0.9929999709129333
4033,,,,,,,900.022,1740.199,0.10300000011920929,,,,172.583,829.196,0.9729999899864197
4034,,,,,,,,,,,,,172.583,829.196,0.9679999947547913
4035,,,,,,,,,,,,,172.528,829.196,0.9350000023841858
4036,,,,,,,,,,,,,172.526,829.177,0.9819999933242798
4037,,,,,,,891.659,1732.544,0.06199999898672104,,,,172.481,829.077,0.9399999976158142
4038,,,,,,,891.747,1739.816,0.041999999433755875,,,,172.32,828.662,0.8709999918937683
4039,,,,908.039,1723.783,0.028999999165534973,891.919,1739.923,0.07400000095367432,875.222,1731.686,0.03999999910593033,172.484,828.689,0.9629999995231628
4040,892.133,1700.004,0.06199999898672104,,,,892.074,1739.937,0.3709999918937683,,,,172.43,828.662,0.949999988079071
4041,892.133,1700.129,0.05700000002980232,,,,,,,,,,172.32,828.63,0.878000020980835
4042,892.133,1700.129,0.14000000059604645,899.349,1716.034,0.041999999433755875,899.776,1732.049,0.03099999949336052,,,,172.3,828.63,0.6869999766349792
4043,892.101,1700.129,0.2370000034570694,899.409,1716.124,0.12600000202655792,899.801,1732.098,0.23100000619888306,,,,172.43,828.689,0.5920000076293945
4044,892.101,1700.085,0.22100000083446503,899.43,1716.408,0.14000000059604645,899.953,1732.206,0.17000000178813934,,,,172.43,829.645,0.9459999799728394
4045,892.084,1700.085,0.3109999895095825,899.724,1716.408,0.07699999958276749,900.087,1740.166,0.0560000017285347,,,,172.3,829.645,0.9679999947547913
4046,892.084,1700.085,0.8119999766349792,899.84,1724.115,0.40400001406669617,900.087,1740.19,0.6510000228881836,,,,172.066,829.645,0.9829999804496765
4047,892.194,1700.114,0.09700000286102295,900.103,1724.501,0.054999999701976776,900.202,1740.237,0.8700000047683716,,,,172.21,828.57,0.9810000061988831
4048,892.198,1700.114,0.09799999743700027,,,,900.087,1740.237,0.1889999955892563,,,,172.21,828.57,0.9750000238418579
4049,892.194,1700.114,0.46000000834465027,897.745,1724.376,0.23499999940395355,899.958,1740.19,0.19699999690055847,,,,172.175,828.561,0.9639999866485596
4050,892.194,1700.114,0.9010000228881836,899.102,1724.409,0.9399999976158142,899.908,1740.19,0.8560000061988831,875.217,1732.446,0.08299999684095383,172.21,828.57,0.9779999852180481
4051,892.182,1700.114,0.2150000035762787,899.102,1724.409,0.1860000044107437,899.765,1740.116,0.6890000104904175,875.29,1740.187,0.04100000113248825,172.293,828.764,0.9850000143051147
4052,892.138,1700.112,0.3540000021457672,899.102,1724.409,0.06199999898672104,899.765,1740.116,0.4869999885559082,,,,172.341,828.987,0.9869999885559082
4053,892.138,1700.112,0.4129999876022339,899.462,1716.313,0.10499999672174454,899.908,1740.201,0.2630000114440918,,,,172.55,829.046,0.9789999723434448
4054,892.138,1700.201,0.1809999942779541,899.462,1716.313,0.10000000149011612,899.908,1740.249,0.17499999701976776,,,,172.864,829.475,0.9810000061988831
4055,892.144,1700.041,0.24199999868869781,899.298,1716.313,0.06400000303983688,898.94,1740.274,0.1080000028014183,,,,172.864,829.475,0.9750000238418579
4056,892.163,1700.023,0.4580000042915344,899.462,1716.327,0.2639999985694885,899.403,1740.274,0.7540000081062317,868.147,1739.87,0.03700000047683716,172.864,829.475,0.9909999966621399
4057,892.198,1699.834,0.6990000009536743,899.462,1716.327,0.08299999684095383,899.403,1740.274,0.9589999914169312,875.465,1739.87,0.5070000290870667,172.364,828.86,0.9739999771118164
4058,892.198,1699.834,0.3880000114440918,899.547,1716.52,0.09399999678134918,899.403,1740.256,0.8299999833106995,875.677,1739.941,0.35499998927116394,172.187,828.843,0.9879999756813049
4059,892.202,1699.814,0.34200000762939453,899.547,1716.64,0.024000000208616257,899.485,1740.208,0.652999997138977,884.133,1740.08,0.08799999952316284,172.166,828.756,0.9819999933242798
4060,892.237,1699.814,0.6579999923706055,899.802,1716.64,0.210999995470047,899.617,1740.208,0.7039999961853027,,,,172.166,828.756,0.9789999723434448
4061,892.316,1699.995,0.5559999942779541,900.22,1724.687,0.3610000014305115,899.881,1740.256,0.4790000021457672,,,,172.166,828.843,0.9729999899864197
4062,,,,,,,,,,,,,172.336,828.894,0.9919999837875366
4063,,,,,,,,,,,,,172.336,828.988,0.9789999723434448
4064,,,,,,,,,,,,,172.336,828.988,0.9879999756813049
4065,,,,,,,,,,,,,172.301,828.988,0.9629999995231628
4066,,,,,,,,,,,,,172.084,828.832,0.9639999866485596
4067,,,,,,,,,,,,,172.023,828.832,0.9330000281333923
4068,,,,,,,,,,,,,165.89,828.832,0.9919999837875366
4069,,,,,,,,,,,,,165.537,834.082,0.9819999933242798
4070,,,,,,,,,,,,,165.537,834.082,0.968999981880188
4071,,,,,,,,,,,,,165.537,834.082,0.9860000014305115
4072,,,,,,,,,,,,,172.415,828.998,0.9909999966621399
4073,851.923,1692.541,0.2280000001192093,,,,,,,,,,172.415,828.775,0.9909999966621399
4074,859.436,1692.541,0.027000000700354576,,,,,,,,,,172.415,828.775,0.9950000047683716
4075,892.123,1700.315,0.03200000151991844,,,,,,,,,,172.247,828.834,0.9959999918937683
4076,892.247,1700.315,0.15600000321865082,891.988,1715.59,0.026000000536441803,891.542,1731.969,0.18299999833106995,,,,172.247,828.848,0.9950000047683716
4077,892.3,1700.315,0.14800000190734863,,,,,,,,,,172.247,828.848,0.9940000176429749
4078,,,,,,,,,,,,,172.424,828.947,0.9959999918937683
4079,,,,,,,,,,,,,172.509,829.007,0.996999979019165
4080,851.487,1692.221,0.43700000643730164,,,,,,,,,,172.591,829.123,0.996999979019165
4081,851.884,1692.221,0.41100001335144043,892.081,1723.773,0.0860000029206276,,,,,,,172.591,829.123,0.996999979019165
4082,891.841,1692.231,0.08100000023841858,,,,,,,,,,172.591,829.133,0.996999979019165
4083,892.229,1692.221,0.4339999854564667,892.186,1715.355,0.035999998450279236,,,,,,,172.552,829.094,0.996999979019165
4084,892.229,1692.221,0.03099999949336052,,,,,,,,,,172.529,829.342,0.9909999966621399
4085,892.18,1691.854,0.46399998664855957,891.968,1715.561,0.04399999976158142,,,,,,,172.526,829.094,0.9919999837875366
4086,892.18,1691.624,0.328000009059906,892.083,1723.697,0.028999999165534973,875.614,1724.267,0.04800000041723251,,,,172.409,829.062,0.9860000014305115
4087,892.18,1691.624,0.878000020980835,892.088,1723.747,0.014999999664723873,,,,,,,172.409,829.051,0.9909999966621399
4088,892.18,1700.194,0.8709999918937683,,,,,,,,,,172.409,829.026,0.9750000238418579
4089,,,,,,,,,,,,,172.433,828.988,0.9729999899864197
4090,891.927,1691.987,0.0989999994635582,,,,,,,,,,172.456,828.988,0.984000027179718
4091,892.149,1692.164,0.07500000298023224,,,,,,,,,,172.461,828.959,0.9860000014305115
4092,,,,,,,,,,,,,172.495,828.959,0.9869999885559082
4093,,,,,,,,,,,,,172.495,828.959,0.9950000047683716
4094,892.119,1691.652,0.1899999976158142,,,,884.614,1724.401,0.14000000059604645,,,,172.72,828.959,0.9909999966621399
4095,892.311,1692.018,0.9160000085830688,899.91,1724.347,0.035999998450279236,884.724,1724.401,0.16699999570846558,,,,172.842,828.975,0.9869999885559082
4096,892.525,1692.199,0.7770000100135803,,,,884.796,1724.401,0.1420000046491623,,,,172.842,829.004,0.9919999837875366
4097,892.383,1692.018,0.6029999852180481,,,,884.933,1724.456,0.05999999865889549,,,,172.842,829.004,0.9919999837875366
4098,892.383,1692.018,0.8029999732971191,892.036,1724.118,0.054999999701976776,884.952,1724.668,0.5329999923706055,891.636,1724.325,0.07800000160932541,172.802,828.869,0.9929999709129333
4099,892.383,1691.902,0.925000011920929,892.15,1724.221,0.08500000089406967,884.952,1724.668,0.2409999966621399,,,,172.802,829.004,0.9890000224113464
4100,892.262,1691.252,0.9760000109672546,892.15,1724.24,0.1420000046491623,884.933,1724.668,0.2549999952316284,,,,172.802,829.004,0.9940000176429749
4101,892.262,1691.099,0.9760000109672546,892.036,1724.306,0.12200000137090683,884.903,1724.646,0.2290000021457672,,,,172.976,829.318,0.9929999709129333
4102,892.152,1691.099,0.9800000190734863,883.832,1724.374,0.289000004529953,884.878,1724.609,0.22200000286102295,,,,173.122,829.563,0.9860000014305115
4103,892.133,1691.099,0.9739999771118164,883.688,1724.566,0.10100000351667404,884.878,1724.609,0.17499999701976776,,,,173.122,829.608,0.9869999885559082
4104,892.133,1691.188,0.9380000233650208,876.159,1724.69,0.08299999684095383,884.903,1724.609,0.08699999749660492,,,,173.122,829.641,0.9890000224113464
4105,892.074,1697.625,0.9599999785423279,883.688,1724.69,0.04899999871850014,,,,,,,173.122,829.641,0.9879999756813049
4106,892.074,1697.625,0.972000002861023,883.739,1724.69,0.0949999988079071,884.602,1724.616,0.057999998331069946,,,,173.122,829.71,0.9909999966621399
4107,892.133,1697.625,0.9980000257492065,883.739,1724.566,0.10700000077486038,,,,,,,173.114,829.71,0.996999979019165
4108,892.11,1696.459,1.0,891.96,1724.736,0.6700000166893005,884.483,1724.713,0.0989999994635582,,,,173.114,829.562,0.9980000257492065
4109,892.413,1692.133,0.9660000205039978,892.126,1724.736,0.05700000002980232,884.719,1732.224,0.16500000655651093,,,,173.011,829.562,0.9959999918937683
4110,892.502,1692.133,0.5139999985694885,,,,,,,,,,173.008,829.538,0.9950000047683716
4111,892.715,1692.133,0.9110000133514404,891.975,1715.236,0.07800000160932541,891.681,1724.395,0.04800000041723251,,,,172.976,829.538,0.9940000176429749
4112,892.738,1697.57,0.9990000128746033,891.975,1715.475,0.2709999978542328,,,,,,,173.008,829.666,0.9860000014305115
4113,892.881,1697.57,0.9980000257492065,891.975,1723.805,0.2930000126361847,891.192,1731.611,0.08699999749660492,,,,173.008,829.739,0.9919999837875366
4114,892.881,1697.57,0.9959999918937683,891.975,1723.805,0.05400000140070915,,,,,,,172.908,829.666,0.9919999837875366
4115,892.881,1697.47,0.9959999918937683,891.993,1723.831,0.07599999755620956,,,,,,,172.887,829.666,0.996999979019165
4116,892.738,1691.738,0.906000018119812,,,,,,,,,,172.908,829.744,0.9950000047683716
4117,892.518,1691.738,0.984000027179718,892.027,1723.761,0.050999999046325684,,,,,,,172.875,829.518,0.9800000190734863
4118,892.349,1691.687,0.9980000257492065,892.039,1723.775,0.0860000029206276,,,,,,,172.846,829.391,0.9929999709129333
4119,892.363,1691.738,0.9940000176429749,892.071,1723.841,0.04500000178813934,,,,,,,172.836,829.184,0.9890000224113464
4120,892.349,1691.744,0.9229999780654907,,,,,,,,,,172.836,829.184,0.9860000014305115
4121,892.363,1691.779,0.8349999785423279,892.046,1723.744,0.041999999433755875,,,,,,,172.503,829.149,0.968999981880188
4122,892.216,1691.779,0.3109999895095825,,,,,,,,,,172.494,829.149,0.9449999928474426
4123,892.216,1691.779,0.6430000066757202,,,,,,,,,,172.462,829.149,0.9419999718666077
4124,892.194,1691.712,0.972000002861023,892.138,1715.248,0.029999999329447746,884.354,1724.39,0.12099999934434891,,,,172.462,829.181,0.9470000267028809
4125,892.216,1691.712,0.9929999709129333,892.179,1715.252,0.052000001072883606,884.399,1724.39,0.4129999876022339,,,,172.494,829.407,0.9800000190734863
4126,892.216,1691.712,0.9580000042915344,,,,884.535,1724.39,0.3370000123977661,891.531,1724.357,0.07999999821186066,172.494,829.407,0.9869999885559082
4127,892.373,1692.056,0.7609999775886536,,,,884.86,1724.274,0.16200000047683716,,,,172.676,829.181,0.9900000095367432
4128,892.622,1692.324,0.8209999799728394,,,,884.86,1723.959,0.16099999845027924,891.541,1724.179,0.09799999743700027,172.796,829.639,0.9909999966621399
4129,892.622,1692.552,0.8270000219345093,,,,885.011,1723.959,0.05299999937415123,891.787,1724.341,0.032999999821186066,172.676,829.639,0.9679999947547913
4130,892.433,1692.597,0.23999999463558197,,,,891.359,1723.959,0.05400000140070915,891.965,1724.341,0.041999999433755875,165.979,829.639,0.9800000190734863
4131,892.541,1692.597,0.03700000047683716,,,,891.432,1724.133,0.024000000208616257,891.965,1724.293,0.08500000089406967,165.8,834.527,0.9259999990463257
4132,892.433,1692.562,0.28600001335144043,,,,885.011,1724.133,0.04800000041723251,891.965,1724.311,0.03999999910593033,165.652,834.586,0.9700000286102295
4133,892.344,1692.562,0.6420000195503235,892.252,1724.031,0.05400000140070915,891.432,1724.133,0.22599999606609344,891.732,1724.293,0.06800000369548798,165.652,834.586,0.9599999785423279
4134,892.344,1692.562,0.15399999916553497,,,,891.521,1724.111,0.12099999934434891,891.732,1724.186,0.17900000512599945,165.8,834.527,0.9710000157356262
4135,892.197,1692.562,0.5019999742507935,,,,891.521,1723.966,0.20399999618530273,891.732,1724.118,0.4650000035762787,165.981,834.289,0.972000002861023
4136,892.197,1692.611,0.24699999392032623,,,,891.661,1723.966,0.05000000074505806,891.751,1724.118,0.04800000041723251,172.702,829.547,0.972000002861023
4137,892.197,1692.872,0.4050000011920929,,,,891.685,1723.966,0.0729999989271164,891.806,1724.118,0.19099999964237213,172.702,829.425,0.9739999771118164
4138,892.19,1692.872,0.3889999985694885,,,,,,,,,,172.702,829.425,0.9769999980926514
4139,892.175,1698.801,0.9959999918937683,,,,,,,,,,172.421,829.041,0.9729999899864197
4140,892.163,1698.927,0.49399998784065247,,,,,,,,,,165.358,829.041,0.9850000143051147
4141,892.016,1698.801,0.7609999775886536,,,,,,,,,,164.95,828.46,0.9570000171661377
4142,892.016,1696.723,0.47999998927116394,,,,890.938,1723.879,0.028999999165534973,,,,164.817,834.172,0.9639999866485596
4143,892.163,1697.641,0.9810000061988831,892.072,1724.263,0.07599999755620956,891.025,1731.738,0.2680000066757202,891.378,1724.777,0.18700000643730164,164.682,834.521,0.9570000171661377
4144,892.069,1697.641,0.9929999709129333,892.072,1724.263,0.1679999977350235,891.132,1731.738,0.5849999785423279,891.742,1731.495,0.024000000208616257,164.682,834.521,0.9760000109672546
4145,892.378,1697.641,0.9950000047683716,892.072,1724.263,0.28700000047683716,891.132,1731.297,0.6830000281333923,,,,164.817,828.757,0.9520000219345093
4146,892.483,1697.715,0.9990000128746033,891.943,1724.077,0.5920000076293945,891.132,1731.533,0.31700000166893005,,,,171.994,828.757,0.9729999899864197
4147,892.88,1697.748,0.9940000176429749,891.901,1724.077,0.4350000023841858,891.132,1731.533,0.11800000071525574,,,,171.994,828.286,0.9670000076293945
4148,892.88,1698.146,0.9879999756813049,891.901,1724.057,0.18799999356269836,891.273,1731.533,0.057999998331069946,,,,171.994,828.016,0.9670000076293945
4149,892.88,1698.586,0.984000027179718,891.943,1724.057,0.19900000095367432,891.279,1731.758,0.2290000021457672,,,,171.939,828.016,0.9700000286102295
4150,892.815,1698.93,0.8429999947547913,892.017,1724.032,0.05400000140070915,891.288,1732.077,0.029999999329447746,,,,171.896,828.016,0.9729999899864197
4151,892.705,1699.057,0.9470000267028809,892.017,1724.032,0.054999999701976776,,,,,,,171.896,829.489,0.9900000095367432
4152,892.705,1699.057,0.8289999961853027,892.017,1724.006,0.04899999871850014,,,,,,,171.939,829.489,0.984000027179718
4153,892.715,1698.994,0.7519999742507935,892.017,1724.006,0.04800000041723251,,,,,,,172.637,829.489,0.9779999852180481
4154,892.496,1698.994,0.9599999785423279,891.97,1724.006,0.1550000011920929,884.95,1724.527,0.04500000178813934,203.212,763.62,0.20200000703334808,172.637,829.204,0.9810000061988831
4155,892.318,1698.994,0.996999979019165,891.857,1723.329,0.2919999957084656,,,,,,,172.637,828.976,0.9900000095367432
4156,892.161,1698.87,0.9959999918937683,891.857,1715.74,0.1979999989271164,212.638,740.134,0.04600000008940697,,,,172.389,828.68,0.9319999814033508
4157,892.161,1698.833,0.9919999837875366,891.857,1715.74,0.6019999980926514,891.14,1731.794,0.023000000044703484,203.337,763.563,0.24300000071525574,172.388,828.68,0.9639999866485596
4158,892.161,1698.87,0.996999979019165,891.97,1715.74,0.08799999952316284,,,,203.549,763.779,0.03999999910593033,172.388,828.68,0.9670000076293945
4159,892.161,1699.099,0.9769999980926514,891.979,1715.74,0.041999999433755875,,,,,,,172.388,828.838,0.9869999885559082
4160,892.085,1699.278,0.9980000257492065,891.979,1723.998,0.1599999964237213,,,,,,,172.388,828.995,0.9940000176429749
4161,891.975,1699.377,0.9980000257492065,899.39,1724.011,0.43799999356269836,,,,,,,172.564,828.995,0.9769999980926514
4162,891.929,1699.465,0.9819999933242798,899.39,1755.898,0.04100000113248825,,,,,,,172.564,828.995,0.9760000109672546
4163,891.855,1699.508,0.6949999928474426,,,,,,,,,,172.449,828.782,0.9340000152587891
4164,891.929,1699.778,0.6890000104904175,,,,,,,,,,172.243,828.682,0.8859999775886536
4165,891.929,1699.812,0.5640000104904175,891.91,1715.679,0.0430000014603138,,,,,,,172.449,828.682,0.902999997138977
4166,891.95,1699.812,0.5709999799728394,891.981,1715.679,0.03999999910593033,,,,,,,172.449,828.682,0.9279999732971191
4167,891.999,1699.812,0.4620000123977661,891.991,1715.715,0.061000000685453415,,,,,,,172.527,828.874,0.949999988079071
4168,891.999,1700.055,0.9350000023841858,891.991,1715.815,0.4569999873638153,891.063,1731.341,0.16300000250339508,,,,172.527,828.874,0.9430000185966492
4169,891.999,1700.195,0.9440000057220459,891.991,1715.679,0.3569999933242798,891.376,1731.417,0.0560000017285347,,,,172.527,828.874,0.9470000267028809
4170,891.971,1700.086,0.16300000250339508,891.991,1724.088,0.05299999937415123,,,,,,,172.692,829.165,0.921999990940094
4171,891.945,1700.086,0.47200000286102295,891.991,1756.127,0.020999999716877937,,,,,,,166.029,829.165,0.9049999713897705
4172,891.906,1700.086,0.1550000011920929,,,,,,,,,,165.851,828.523,0.9819999933242798
4173,891.906,1700.064,0.1589999943971634,,,,,,,,,,166.029,828.657,0.9890000224113464
4174,891.82,1700.064,0.19200000166893005,,,,,,,,,,166.156,828.657,0.9940000176429749
4175,891.805,1700.064,0.07800000160932541,,,,,,,,,,166.156,828.523,0.9739999771118164
4176,891.805,1700.113,0.5659999847412109,,,,,,,,,,172.205,828.498,0.9919999837875366
4177,891.948,1700.157,0.31200000643730164,883.921,1724.8,0.07999999821186066,875.524,1724.28,0.05000000074505806,,,,172.268,828.264,0.9670000076293945
4178,891.948,1786.965,0.11900000274181366,,,,,,,,,,172.205,828.235,0.953000009059906
4179,,,,,,,,,,,,,172.205,828.203,0.9589999914169312
4180,843.63,1779.86,0.4440000057220459,,,,,,,,,,172.172,828.164,0.9599999785423279
4181,843.682,1779.86,0.09000000357627869,,,,,,,,,,172.036,828.203,0.9739999771118164
4182,843.854,1779.86,0.05400000140070915,,,,,,,,,,172.036,828.203,0.9599999785423279
4183,844.581,1777.876,0.9779999852180481,883.896,1724.986,0.08299999684095383,,,,,,,172.172,828.378,0.9290000200271606
4184,851.477,1777.876,0.3919999897480011,,,,,,,,,,172.577,829.005,0.9649999737739563
4185,851.477,1777.876,0.32499998807907104,876.59,1715.76,0.017999999225139618,,,,,,,172.577,829.005,0.9739999771118164
4186,890.883,1699.967,0.9769999980926514,876.59,1724.994,0.257999986410141,875.142,1724.307,0.04800000041723251,,,,172.577,829.005,0.9570000171661377
4187,890.883,1699.967,0.996999979019165,876.59,1731.586,0.19699999690055847,884.118,1724.464,0.03200000151991844,,,,172.523,828.908,0.9480000138282776
4188,890.883,1691.88,0.9890000224113464,876.105,1740.113,0.14800000190734863,,,,187.14,771.699,0.02500000037252903,172.504,828.831,0.8859999775886536
4189,890.886,1691.377,0.9879999756813049,868.586,1740.292,0.2029999941587448,,,,,,,172.458,828.801,0.9570000171661377
4190,890.886,1691.364,0.9909999966621399,868.586,1740.292,0.574999988079071,884.062,1731.3,0.0949999988079071,,,,172.458,828.795,0.9589999914169312
4191,890.886,1691.364,0.9819999933242798,868.586,1740.113,0.17499999701976776,891.187,1732.08,0.04500000178813934,,,,172.374,828.795,0.9539999961853027
4192,890.886,1691.364,0.9950000047683716,876.383,1731.263,0.16500000655651093,,,,,,,172.292,828.721,0.9710000157356262
4193,890.789,1690.869,0.9829999804496765,883.45,1724.962,0.10599999874830246,,,,,,,172.053,828.3,0.9760000109672546
4194,890.757,1690.869,0.9129999876022339,883.45,1724.917,0.02800000086426735,,,,,,,172.003,828.579,0.9390000104904175
4195,890.757,1690.869,0.9819999933242798,883.45,1724.465,0.07100000232458115,,,,,,,171.989,828.579,0.9369999766349792
4196,890.686,1691.084,0.9950000047683716,883.369,1724.465,0.14000000059604645,891.574,1724.229,0.03200000151991844,,,,171.989,828.579,0.9570000171661377
4197,890.686,1691.176,0.9959999918937683,883.278,1724.917,0.13699999451637268,,,,,,,172.003,828.717,0.9760000109672546
4198,890.686,1691.199,0.9919999837875366,868.524,1732.119,0.0949999988079071,,,,,,,172.309,828.834,0.972000002861023
4199,890.73,1691.464,0.9890000224113464,868.463,1732.25,0.13500000536441803,,,,,,,172.725,829.297,0.9829999804496765
4200,890.73,1691.483,0.9819999933242798,868.274,1740.301,0.0989999994635582,,,,,,,172.794,829.366,0.9890000224113464
4201,890.73,1691.483,0.9869999885559082,868.161,1740.516,0.36000001430511475,891.229,1731.299,0.07100000232458115,,,,172.794,829.379,0.9879999756813049
4202,890.582,1691.596,0.9950000047683716,868.161,1740.516,0.4020000100135803,891.229,1731.607,0.16599999368190765,,,,172.794,829.366,0.9900000095367432
4203,890.408,1691.73,0.9909999966621399,860.425,1741.097,0.6669999957084656,891.229,1731.607,0.04100000113248825,,,,172.654,829.297,0.9819999933242798
4204,889.908,1692.406,0.9980000257492065,860.288,1741.223,0.734000027179718,891.229,1731.71,0.2750000059604645,,,,172.654,829.366,0.9570000171661377
4205,889.908,1692.442,0.9990000128746033,860.425,1741.097,0.8119999766349792,891.23,1731.71,0.18799999356269836,,,,172.573,829.381,0.9710000157356262
4206,889.908,1692.651,0.996999979019165,860.549,1731.38,0.8510000109672546,891.226,1724.393,0.22499999403953552,,,,172.573,829.381,0.9449999928474426
4207,890.147,1692.651,0.996999979019165,860.549,1731.904,0.824999988079071,891.218,1724.393,0.06599999964237213,,,,172.618,829.381,0.9589999914169312
4208,890.376,1692.651,0.9950000047683716,860.596,1731.38,0.7950000166893005,891.23,1724.332,0.15399999916553497,,,,172.171,829.381,0.9480000138282776
4209,890.658,1692.308,0.9950000047683716,867.621,1731.38,0.7269999980926514,891.368,1724.332,0.052000001072883606,,,,172.007,829.048,0.9490000009536743
4210,890.658,1692.308,0.9860000014305115,867.73,1731.313,0.32499998807907104,891.368,1731.239,0.05000000074505806,,,,171.975,827.992,0.9490000009536743
4211,890.658,1691.742,0.9810000061988831,867.967,1731.904,0.5049999952316284,,,,,,,171.975,827.989,0.9129999876022339
4212,890.867,1691.742,0.996999979019165,867.967,1731.705,0.9369999766349792,891.015,1724.272,0.12700000405311584,,,,171.799,827.941,0.9470000267028809
4213,891.585,1691.891,0.9729999899864197,867.967,1731.818,0.7599999904632568,891.015,1731.396,0.14499999582767487,,,,171.799,827.941,0.8460000157356262
4214,891.585,1692.027,0.968999981880188,868.079,1731.787,0.7450000047683716,891.015,1731.596,0.25,,,,171.799,827.941,0.8569999933242798
4215,891.939,1692.01,0.9319999814033508,868.079,1731.818,0.5120000243186951,884.583,1731.396,0.07400000095367432,,,,171.994,828.345,0.9440000057220459
4216,892.084,1692.01,0.9739999771118164,867.86,1731.818,0.5009999871253967,884.316,1731.472,0.3240000009536743,,,,171.994,828.364,0.9739999771118164
4217,892.115,1692.01,0.8349999785423279,868.079,1732.14,0.3529999852180481,884.316,1731.596,0.6309999823570251,,,,171.994,828.691,0.9599999785423279
4218,892.084,1691.912,0.7820000052452087,868.096,1732.263,0.21299999952316284,884.316,1731.472,0.6980000138282776,,,,165.477,829.01,0.9459999799728394
4219,892.084,1691.891,0.8289999961853027,867.86,1740.458,0.24899999797344208,884.56,1731.472,0.6970000267028809,,,,165.458,834.253,0.9620000123977661
4220,891.435,1691.89,0.9549999833106995,868.434,1740.458,0.39500001072883606,884.742,1731.779,0.7900000214576721,,,,165.043,834.29,0.925000011920929
4221,891.435,1691.339,0.9769999980926514,876.076,1740.458,0.46000000834465027,884.914,1731.779,0.27799999713897705,,,,165.043,834.29,0.9369999766349792
4222,891.369,1691.339,0.9819999933242798,892.162,1724.547,0.22499999403953552,884.823,1731.829,0.20800000429153442,,,,165.458,834.29,0.9620000123977661
4223,891.435,1691.246,0.9729999899864197,892.162,1724.316,0.2280000001192093,884.823,1731.829,0.07100000232458115,,,,172.019,828.528,0.968999981880188
4224,891.399,1691.196,0.9919999837875366,892.162,1724.294,0.33799999952316284,884.823,1731.406,0.36000001430511475,,,,172.223,828.494,0.9589999914169312
4225,891.399,1691.196,0.9739999771118164,892.058,1724.203,0.1599999964237213,884.698,1731.195,0.17399999499320984,884.441,1731.681,0.010999999940395355,172.223,828.494,0.9800000190734863
4226,891.399,1690.834,0.9879999756813049,892.027,1724.083,0.07500000298023224,884.698,1731.195,0.1289999932050705,,,,172.224,828.524,0.9710000157356262
4227,891.498,1690.497,0.9919999837875366,892.027,1723.847,0.041999999433755875,884.698,1731.195,0.11999999731779099,,,,172.223,828.524,0.9279999732971191
4228,892.029,1690.497,0.9890000224113464,892.027,1723.847,0.08699999749660492,,,,,,,172.216,828.494,0.9369999766349792
4229,892.114,1690.497,0.9919999837875366,892.027,1723.847,0.05000000074505806,,,,,,,164.664,828.063,0.9100000262260437
4230,892.114,1691.34,0.5630000233650208,,,,,,,,,,164.664,828.063,0.9049999713897705
4231,892.029,1691.34,0.24199999868869781,,,,892.037,1724.134,0.03500000014901161,,,,164.664,827.954,0.9139999747276306
4232,891.622,1691.34,0.8849999904632568,,,,,,,,,,164.664,828.063,0.953000009059906
4233,891.587,1691.276,0.9860000014305115,891.901,1723.901,0.026000000536441803,,,,,,,164.695,828.078,0.9399999976158142
4234,891.587,1691.276,0.9549999833106995,,,,,,,,,,164.695,828.126,0.9660000205039978
4235,891.485,1691.276,0.8539999723434448,843.761,1748.097,0.11299999803304672,875.403,1747.684,0.02800000086426735,,,,164.695,828.235,0.9639999866485596
4236,891.485,1691.492,0.671999990940094,,,,,,,,,,164.695,828.283,0.9430000185966492
4237,891.42,1691.609,0.4699999988079071,,,,,,,,,,172.395,828.431,0.843999981880188
4238,891.485,1691.717,0.421999990940094,,,,,,,,,,172.395,828.443,0.9089999794960022
4239,891.485,1692.19,0.5820000171661377,,,,,,,,,,172.395,828.443,0.9470000267028809
4240,891.936,1692.22,0.05000000074505806,,,,,,,,,,172.417,828.493,0.9670000076293945
4241,891.936,1692.19,0.25,,,,,,,,,,172.444,828.515,0.9629999995231628
4242,891.936,1692.19,0.14300000667572021,,,,,,,,,,172.506,828.529,0.9679999947547913
4243,891.56,1692.19,0.921999990940094,891.882,1724.009,0.03400000184774399,884.414,1724.255,0.0689999982714653,,,,172.576,828.694,0.9340000152587891
4244,891.391,1692.22,0.9869999885559082,891.965,1724.052,0.10000000149011612,884.474,1724.537,0.09099999815225601,,,,172.576,828.694,0.9639999866485596
4245,891.391,1691.883,0.8169999718666077,,,,885.1,1732.188,0.02500000037252903,,,,172.576,828.709,0.9539999961853027
4246,891.391,1691.985,0.17800000309944153,,,,891.436,1732.2,0.03799999877810478,891.687,1724.37,0.02500000037252903,172.62,828.744,0.8999999761581421
4247,892.075,1699.494,0.07400000095367432,,,,891.893,1732.338,0.019999999552965164,,,,172.62,828.744,0.9739999771118164
4248,892.163,1692.008,0.03400000184774399,,,,,,,859.449,1708.635,0.052000001072883606,172.62,829.066,0.9800000190734863
4249,899.722,1691.985,0.026000000536441803,843.771,1747.919,0.05299999937415123,868.173,1731.252,0.027000000700354576,875.591,1724.213,0.019999999552965164,173.094,829.12,0.9850000143051147
4250,899.722,1691.985,0.1899999976158142,843.889,1748.091,0.12399999797344208,875.376,1740.02,0.08799999952316284,892.015,1731.634,0.03999999910593033,173.094,829.12,0.9919999837875366
4251,899.722,1691.933,0.10300000011920929,,,,,,,,,,173.094,829.12,0.984000027179718
4252,892.245,1691.933,0.2199999988079071,,,,875.569,1723.763,0.01899999938905239,,,,172.74,828.954,0.9729999899864197
4253,892.174,1691.918,0.6209999918937683,,,,875.57,1724.015,0.03500000014901161,,,,172.725,828.954,0.9480000138282776
4254,892.057,1691.71,0.38999998569488525,891.906,1715.38,0.020999999716877937,875.57,1724.015,0.04699999839067459,,,,172.603,828.954,0.968999981880188
4255,892.057,1691.71,0.6930000185966492,892.116,1715.597,0.020999999716877937,875.57,1724.015,0.06599999964237213,,,,172.355,829.25,0.9919999837875366
4256,892.115,1691.984,0.7129999995231628,,,,884.485,1724.312,0.05400000140070915,,,,172.603,829.25,0.9959999918937683
4257,892.057,1692.015,0.17599999904632568,,,,,,,,,,172.473,829.25,0.9890000224113464
4258,892.057,1698.973,0.7450000047683716,891.933,1723.903,0.06700000166893005,875.619,1724.045,0.18299999833106995,,,,172.473,829.143,0.949999988079071
4259,891.971,1700.136,0.07699999958276749,,,,884.208,1724.115,0.07599999755620956,,,,172.473,828.896,0.9940000176429749
4260,891.957,1700.208,0.2029999941587448,891.894,1724.007,0.04100000113248825,884.464,1724.405,0.1120000034570694,,,,172.473,828.341,0.9940000176429749
4261,891.936,1700.208,0.1809999942779541,,,,884.464,1724.405,0.03400000184774399,,,,172.405,828.341,0.9919999837875366
4262,891.936,1700.208,0.03799999877810478,,,,884.311,1724.484,0.035999998450279236,,,,172.33,828.341,0.9959999918937683
4263,891.957,1700.272,0.13899999856948853,,,,891.274,1731.891,0.03500000014901161,,,,172.214,828.523,0.9940000176429749
4264,891.957,1700.032,0.4309999942779541,891.974,1715.194,0.057999998331069946,891.274,1731.891,0.25,,,,172.074,828.899,0.9929999709129333
4265,892.023,1700.03,0.11500000208616257,,,,,,,,,,172.074,828.899,0.9869999885559082
4266,892.068,1700.03,0.38999998569488525,891.964,1708.256,0.0430000014603138,875.623,1723.903,0.04600000008940697,,,,172.074,828.966,0.9850000143051147
4267,892.087,1700.03,0.5479999780654907,891.983,1708.264,0.029999999329447746,884.09,1723.949,0.03200000151991844,,,,172.363,828.966,0.984000027179718
4268,892.112,1699.962,0.19200000166893005,,,,,,,,,,172.546,828.758,0.9909999966621399
4269,892.122,1692.003,0.3930000066757202,,,,,,,,,,172.546,828.758,0.9879999756813049
4270,892.215,1692.095,0.45100000500679016,891.057,1708.028,0.029999999329447746,885.118,1724.314,0.03799999877810478,875.885,1730.915,0.013000000268220901,172.546,828.701,0.9819999933242798
4271,892.276,1692.095,0.33000001311302185,891.79,1708.437,0.10599999874830246,885.118,1724.489,0.11900000274181366,883.777,1730.915,0.0989999994635582,172.53,828.681,0.9869999885559082
4272,892.315,1692.003,0.902999997138977,891.79,1709.145,0.578000009059906,885.118,1724.789,0.49900001287460327,883.777,1731.147,0.2720000147819519,172.374,828.681,0.968999981880188
4273,892.315,1691.971,0.550000011920929,891.79,1709.145,0.42800000309944153,885.118,1730.177,0.5870000123977661,884.162,1740.212,0.12300000339746475,172.346,828.411,0.9919999837875366
4274,892.315,1691.866,0.921999990940094,891.79,1709.145,0.5600000023841858,885.118,1730.699,0.8939999938011169,884.162,1740.319,0.08399999886751175,172.346,828.411,0.9729999899864197
4275,892.164,1691.866,0.9340000152587891,898.727,1708.726,0.41999998688697815,890.982,1730.745,0.2759999930858612,,,,172.346,828.411,0.9279999732971191
4276,892.164,1691.866,0.925000011920929,898.727,1708.688,0.2759999930858612,890.982,1730.745,0.7350000143051147,867.926,1731.77,0.05000000074505806,172.378,828.414,0.9580000042915344
4277,892.164,1691.895,0.2590000033378601,898.727,1708.372,0.15000000596046448,890.982,1730.745,0.5130000114440918,883.937,1739.908,0.052000001072883606,172.468,828.414,0.9470000267028809
4278,892.164,1691.922,0.07699999958276749,892.083,1708.372,0.10899999737739563,885.025,1724.7,0.11400000005960464,,,,172.493,828.414,0.847000002861023
4279,892.164,1699.811,0.2980000078678131,892.083,1708.372,0.26600000262260437,884.762,1724.507,0.49900001287460327,,,,172.493,828.414,0.8989999890327454
4280,858.565,1771.93,0.6019999980926514,892.083,1740.002,0.13699999451637268,884.762,1724.231,0.3330000042915344,,,,172.378,828.411,0.9169999957084656
4281,858.565,1779.673,0.14499999582767487,,,,884.762,1724.231,0.0689999982714653,,,,172.257,828.285,0.906000018119812
4282,858.565,1779.673,0.2639999985694885,,,,891.658,1724.231,0.03799999877810478,,,,172.257,828.411,0.9100000262260437
4283,859.604,1771.93,0.04800000041723251,,,,891.658,1724.231,0.06199999898672104,,,,171.05,828.671,0.847000002861023
4284,892.285,1700.264,0.07100000232458115,892.091,1708.225,0.07699999958276749,891.67,1724.269,0.08799999952316284,,,,171.112,828.671,0.8579999804496765
4285,892.285,1700.168,0.0989999994635582,,,,891.67,1724.363,0.07400000095367432,,,,171.135,834.576,0.9449999928474426
4286,892.37,1700.043,0.03200000151991844,,,,,,,,,,171.135,835.178,0.8650000095367432
4287,892.348,1692.029,0.06700000166893005,891.982,1715.704,0.03999999910593033,891.128,1731.503,0.2329999953508377,,,,171.135,835.606,0.9520000219345093
4288,892.348,1692.029,0.1599999964237213,,,,,,,,,,171.135,835.728,0.9240000247955322
4289,892.274,1692.024,0.035999998450279236,,,,,,,,,,171.432,835.962,0.9639999866485596
4290,892.274,1691.993,0.03700000047683716,,,,,,,,,,171.432,835.962,0.9649999737739563
4291,892.239,1692.024,0.3319999873638153,891.978,1708.256,0.052000001072883606,,,,,,,171.432,835.943,0.9620000123977661
4292,892.239,1692.054,0.04600000008940697,,,,,,,,,,171.504,835.728,0.9639999866485596
4293,892.239,1692.054,0.3580000102519989,891.975,1708.157,0.2619999945163727,884.526,1724.413,0.057999998331069946,,,,171.727,828.264,0.8970000147819519
4294,892.239,1692.121,0.08900000154972076,892.037,1708.612,0.06800000369548798,,,,,,,171.728,827.897,0.8980000019073486
4295,892.292,1692.126,0.03200000151991844,,,,,,,,,,172.02,827.897,0.9629999995231628
4296,892.327,1692.193,0.14399999380111694,,,,,,,,,,172.003,827.774,0.9380000233650208
4297,,,,,,,,,,,,,171.745,827.717,0.9829999804496765
4298,,,,,,,,,,,,,171.848,827.581,0.9850000143051147
4299,857.732,1770.026,0.44699999690055847,,,,,,,,,,171.848,827.34,0.9810000061988831
4300,858.054,1770.493,0.734000027179718,,,,,,,,,,171.778,827.289,0.9020000100135803
4301,858.422,1779.411,0.2980000078678131,,,,,,,,,,171.778,827.289,0.9049999713897705
4302,,,,,,,,,,,,,171.848,827.34,0.9020000100135803
4303,852.201,1779.396,0.16200000047683716,,,,,,,,,,172.04,827.847,0.8859999775886536
4304,858.194,1779.798,0.6050000190734863,,,,,,,,,,172.246,827.963,0.9390000104904175
4305,858.194,1779.95,0.9750000238418579,892.084,1708.036,0.03799999877810478,,,,,,,172.285,828.014,0.9380000233650208
4306,858.194,1779.798,0.9259999990463257,892.089,1708.036,0.041999999433755875,,,,,,,172.285,828.014,0.9580000042915344
4307,858.288,1779.666,0.9470000267028809,892.116,1708.036,0.08799999952316284,,,,,,,172.285,827.963,0.9330000281333923
4308,859.098,1779.798,0.24300000071525574,892.215,1708.115,0.05400000140070915,,,,,,,172.114,827.827,0.9589999914169312
4309,859.098,1779.811,0.46000000834465027,892.243,1708.182,0.05299999937415123,,,,,,,172.001,827.625,0.9359999895095825
4310,859.098,1779.811,0.382999986410141,892.215,1708.061,0.12099999934434891,,,,,,,171.913,827.457,0.8790000081062317
4311,859.098,1780.196,0.09799999743700027,892.243,1708.182,0.16599999368190765,,,,,,,171.893,827.423,0.8830000162124634
4312,859.364,1780.196,0.8009999990463257,892.243,1708.182,0.06700000166893005,,,,,,,171.893,827.423,0.8429999947547913
4313,859.364,1780.196,0.6840000152587891,892.164,1708.291,0.164000004529953,,,,,,,171.913,827.457,0.6790000200271606
4314,859.617,1779.91,0.2199999988079071,891.956,1708.294,0.029999999329447746,,,,,,,171.919,827.663,0.9750000238418579
4315,859.617,1779.91,0.5839999914169312,883.906,1708.496,0.07699999958276749,,,,,,,172.013,827.774,0.9639999866485596
4316,859.617,1779.91,0.9430000185966492,883.906,1708.496,0.18799999356269836,,,,,,,172.013,827.774,0.9679999947547913
4317,852.241,1787.097,0.20100000500679016,883.906,1708.496,0.10300000011920929,,,,,,,171.958,827.663,0.9559999704360962
4318,852.157,1787.192,0.3070000112056732,883.906,1708.496,0.0689999982714653,,,,,,,171.958,827.612,0.9629999995231628
4319,844.413,1787.321,0.6349999904632568,883.906,1708.496,0.0560000017285347,,,,,,,171.867,827.487,0.968999981880188
4320,844.413,1787.395,0.5680000185966492,883.753,1708.269,0.07900000363588333,,,,,,,171.788,827.487,0.6690000295639038
4321,844.138,1787.395,0.5299999713897705,844.413,1732.196,0.07599999755620956,,,,,,,171.788,827.569,0.8149999976158142
4322,844.138,1787.321,0.2240000069141388,844.413,1732.196,0.01899999938905239,,,,,,,171.694,827.569,0.8799999952316284
4323,852.011,1787.178,0.6710000038146973,883.651,1708.503,0.05000000074505806,868.287,1707.884,0.02500000037252903,,,,171.694,828.139,0.9259999990463257
4324,891.77,1684.121,0.5849999785423279,883.651,1708.503,0.09000000357627869,,,,,,,171.788,828.45,0.9850000143051147
4325,891.79,1684.121,0.9700000286102295,883.651,1708.649,0.1809999942779541,,,,,,,172.113,828.46,0.9879999756813049
4326,891.79,1684.121,0.9700000286102295,883.651,1708.649,0.13300000131130219,,,,,,,172.182,828.493,0.9729999899864197
4327,892.236,1684.208,0.8539999723434448,883.742,1708.676,0.06400000303983688,,,,,,,172.182,828.493,0.9020000100135803
4328,891.828,1684.208,0.25999999046325684,883.742,1708.819,0.03700000047683716,,,,,,,172.182,828.493,0.9430000185966492
4329,891.828,1684.208,0.6079999804496765,883.742,1708.819,0.1289999932050705,,,,,,,172.138,827.745,0.7720000147819519
4330,891.828,1683.704,0.7429999709129333,859.898,1724.231,0.1420000046491623,,,,,,,172.066,827.439,0.8320000171661377
4331,891.828,1683.326,0.906000018119812,883.629,1708.819,0.28299999237060547,,,,,,,171.902,827.437,0.7250000238418579
4332,891.818,1683.326,0.7170000076293945,851.581,1732.109,0.3409999907016754,,,,,,,171.792,827.419,0.6470000147819519
4333,884.645,1683.326,0.8500000238418579,851.515,1740.503,0.07100000232458115,,,,,,,171.717,827.419,0.2750000059604645
4334,844.158,1786.263,0.45100000500679016,851.515,1732.109,0.035999998450279236,,,,,,,171.559,827.419,0.4909999966621399
4335,843.249,1786.299,0.6230000257492065,883.564,1708.54,0.057999998331069946,,,,,,,171.559,827.526,0.6970000267028809
4336,843.249,1786.299,0.6639999747276306,844.369,1732.109,0.02500000037252903,,,,,,,171.717,827.902,0.5860000252723694
4337,843.249,1786.263,0.675000011920929,850.58,1740.584,0.05299999937415123,,,,,,,171.882,828.22,0.8299999833106995
4338,892.076,1691.608,0.972000002861023,851.765,1732.764,0.47600001096725464,,,,,,,172.001,828.22,0.9350000023841858
4339,892.373,1691.1,0.9169999957084656,851.306,1732.764,0.8989999890327454,875.556,1723.942,0.050999999046325684,,,,172.001,828.124,0.9580000042915344
4340,892.373,1691.1,0.27799999713897705,851.306,1732.764,0.40299999713897705,,,,,,,172.091,828.124,0.9139999747276306
4341,892.076,1691.608,0.6159999966621399,851.306,1732.764,0.699999988079071,,,,,,,172.091,828.124,0.8100000023841858
4342,843.919,1785.946,0.8830000162124634,851.306,1732.764,0.30300000309944153,,,,,,,171.928,828.065,0.8809999823570251
4343,837.552,1785.946,0.47699999809265137,851.306,1733.285,0.050999999046325684,,,,,,,166.08,828.065,0.925000011920929
4344,837.552,1785.946,0.8889999985694885,851.7,1733.615,0.07100000232458115,,,,,,,165.951,828.29,0.777999997138977
4345,837.552,1785.874,0.9559999704360962,851.7,1733.615,0.5270000100135803,,,,,,,165.189,828.322,0.9739999771118164
4346,838.36,1785.612,0.9940000176429749,851.754,1733.285,0.7789999842643738,884.262,1716.16,0.01600000075995922,,,,165.291,828.322,0.9879999756813049
4347,837.552,1785.612,0.9639999866485596,851.754,1733.285,0.6010000109672546,,,,,,,165.725,828.381,0.9869999885559082
4348,838.36,1785.592,0.8690000176429749,851.7,1733.615,0.5979999899864197,,,,,,,165.725,828.583,0.9750000238418579
4349,843.025,1784.987,0.8159999847412109,850.888,1739.995,0.9549999833106995,,,,,,,165.725,828.753,0.9800000190734863
4350,892.427,1683.661,0.9300000071525574,850.384,1741.291,0.972000002861023,875.514,1724.089,0.06599999964237213,,,,172.214,828.753,0.9649999737739563
4351,892.749,1683.843,0.9739999771118164,850.384,1741.291,0.9629999995231628,884.244,1724.333,0.20900000631809235,,,,172.214,828.753,0.9129999876022339
4352,892.749,1683.843,0.984000027179718,850.384,1741.291,0.5680000185966492,884.414,1724.333,0.08399999886751175,,,,172.214,828.665,0.9580000042915344
4353,892.749,1683.843,0.9520000219345093,867.105,1732.248,0.4950000047683716,884.414,1724.342,0.16899999976158142,,,,172.175,828.25,0.9440000057220459
4354,892.271,1683.843,0.9110000133514404,867.757,1724.749,0.21400000154972076,884.441,1724.333,0.041999999433755875,,,,171.899,827.976,0.8600000143051147
4355,892.032,1683.924,0.9539999961853027,867.757,1724.749,0.2680000066757202,891.097,1724.342,0.08699999749660492,,,,171.899,827.948,0.8610000014305115
4356,892.032,1683.924,0.9929999709129333,867.757,1724.749,0.22200000286102295,891.097,1724.342,0.07599999755620956,,,,171.901,827.948,0.8659999966621399
4357,891.748,1683.924,0.9940000176429749,860.25,1732.115,0.328000009059906,884.855,1724.402,0.3779999911785126,,,,171.899,827.948,0.8769999742507935
4358,891.748,1683.588,0.984000027179718,852.578,1740.776,0.8190000057220459,890.743,1724.487,0.7250000238418579,891.484,1724.179,0.061000000685453415,171.854,828.045,0.8999999761581421
4359,891.596,1684.215,0.9959999918937683,852.578,1740.776,0.9769999980926514,890.743,1724.487,0.8539999723434448,891.515,1724.395,0.039000000804662704,171.901,829.164,0.9810000061988831
4360,891.711,1683.856,0.9629999995231628,852.578,1740.776,0.8500000238418579,890.743,1724.487,0.7039999961853027,,,,166.242,834.798,0.9800000190734863
4361,891.711,1684.215,0.968999981880188,860.479,1740.812,0.7260000109672546,890.821,1724.34,0.24199999868869781,,,,166.242,835.042,0.9190000295639038
4362,891.711,1684.686,0.9760000109672546,860.479,1741.273,0.9120000004768372,890.821,1724.309,0.23600000143051147,,,,171.457,835.042,0.9509999752044678
4363,891.381,1685.188,0.9869999885559082,860.479,1740.412,0.9409999847412109,890.821,1724.228,0.2150000035762787,,,,172.175,829.164,0.9079999923706055
4364,891.578,1684.686,0.9980000257492065,860.479,1740.412,0.9509999752044678,885.148,1724.309,0.13099999725818634,,,,172.175,828.981,0.9229999780654907
4365,891.381,1685.188,0.9950000047683716,860.382,1741.038,0.9829999804496765,885.035,1724.309,0.5419999957084656,,,,172.404,828.981,0.9330000281333923
4366,890.519,1686.656,0.9950000047683716,860.382,1740.412,0.9300000071525574,884.753,1724.262,0.4009999930858612,,,,172.423,828.975,0.9700000286102295
4367,890.306,1691.64,0.9950000047683716,860.421,1732.113,0.9950000047683716,885.035,1724.262,0.27399998903274536,,,,172.435,828.981,0.9829999804496765
4368,890.519,1691.875,0.9990000128746033,860.421,1732.107,0.9449999928474426,885.035,1724.505,0.0729999989271164,,,,172.641,829.038,0.9950000047683716
4369,890.306,1692.151,0.9980000257492065,860.382,1732.113,0.7540000081062317,,,,,,,172.758,829.516,0.9940000176429749
4370,890.306,1692.151,0.9990000128746033,860.03,1732.113,0.8230000138282776,,,,,,,172.778,829.602,0.9890000224113464
4371,890.159,1692.162,0.9959999918937683,859.785,1733.878,0.9620000123977661,890.965,1724.072,0.03999999910593033,,,,172.807,829.602,0.9829999804496765
4372,852.246,1784.911,0.9959999918937683,859.785,1733.878,0.9710000157356262,891.179,1724.072,0.07000000029802322,,,,172.876,829.602,0.9710000157356262
4373,851.046,1785.195,0.9990000128746033,859.785,1740.367,0.9980000257492065,891.179,1724.109,0.1080000028014183,,,,172.927,829.602,0.949999988079071
4374,851.046,1785.26,0.9940000176429749,860.507,1740.367,0.9679999947547913,890.965,1724.112,0.09099999815225601,,,,172.927,829.539,0.9440000057220459
4375,851.046,1785.26,0.9789999723434448,860.559,1740.367,0.9929999709129333,890.965,1724.235,0.12200000137090683,,,,172.886,829.533,0.9570000171661377
4376,851.476,1785.274,0.9919999837875366,860.559,1741.224,0.9919999837875366,891.045,1724.392,0.04699999839067459,,,,172.886,829.531,0.9779999852180481
4377,851.476,1785.285,0.9959999918937683,860.642,1741.586,0.9110000133514404,891.045,1724.506,0.04899999871850014,,,,172.72,829.531,0.9789999723434448
4378,853.138,1785.26,0.9959999918937683,860.642,1741.634,0.7239999771118164,,,,,,,172.653,829.531,0.9819999933242798
4379,858.834,1785.117,0.9890000224113464,860.412,1741.634,0.9470000267028809,884.255,1724.224,0.04500000178813934,,,,165.466,834.912,0.9679999947547913
4380,851.476,1785.101,0.9929999709129333,860.287,1741.634,0.8840000033378601,891.287,1724.346,0.04600000008940697,,,,165.466,834.912,0.9760000109672546
4381,852.471,1785.101,0.9879999756813049,860.287,1741.792,0.8930000066757202,,,,,,,165.466,834.912,0.9860000014305115
4382,890.708,1691.631,0.9800000190734863,860.254,1741.792,0.9340000152587891,,,,,,,165.847,833.73,0.9919999837875366
4383,852.471,1784.709,0.9539999961853027,859.853,1741.792,0.7519999742507935,,,,,,,165.987,829.563,0.9919999837875366
4384,852.263,1784.709,0.9390000104904175,859.812,1741.542,0.9330000281333923,,,,,,,172.532,829.554,0.9779999852180481
4385,852.471,1784.709,0.9919999837875366,852.725,1741.542,0.9419999718666077,,,,,,,172.532,829.554,0.9769999980926514
4386,852.802,1783.704,0.9980000257492065,852.725,1741.542,0.9079999923706055,,,,,,,172.557,828.598,0.9629999995231628
4387,852.802,1783.704,0.9380000233650208,852.725,1747.239,0.8600000143051147,,,,,,,172.532,828.598,0.9070000052452087
4388,890.999,1691.16,0.984000027179718,852.725,1747.239,0.6510000228881836,,,,,,,172.099,828.598,0.9419999718666077
4389,890.999,1691.157,0.9869999885559082,859.803,1747.239,0.6309999823570251,,,,,,,165.25,828.482,0.9779999852180481
4390,890.999,1691.157,0.9950000047683716,859.939,1746.504,0.6790000200271606,,,,,,,165.001,828.482,0.9700000286102295
4391,890.857,1691.16,0.996999979019165,860.432,1746.439,0.7720000147819519,,,,,,,165.001,828.155,0.9470000267028809
4392,890.857,1691.214,0.9919999837875366,861.023,1741.076,0.9739999771118164,884.563,1724.342,0.08299999684095383,,,,165.001,828.155,0.9819999933242798
4393,890.857,1691.626,0.9919999837875366,867.201,1740.753,0.906000018119812,891.109,1731.728,0.013000000268220901,,,,165.022,828.155,0.9760000109672546
4394,891.341,1691.859,0.9890000224113464,867.201,1740.753,0.5130000114440918,891.209,1732.139,0.04899999871850014,,,,165.001,828.175,0.9760000109672546
4395,891.63,1691.859,0.9769999980926514,867.954,1724.78,0.39399999380111694,,,,,,,164.538,828.175,0.9890000224113464
4396,891.63,1691.87,0.9940000176429749,867.954,1724.78,0.460999995470047,,,,,,,164.538,828.175,0.9549999833106995
4397,891.808,1691.919,0.9950000047683716,867.976,1724.78,0.5839999914169312,,,,,,,164.563,828.088,0.9850000143051147
4398,891.63,1693.948,0.9950000047683716,868.076,1724.78,0.7229999899864197,891.182,1732.0,0.029999999329447746,,,,164.563,828.088,0.9449999928474426
4399,891.2,1696.414,0.9980000257492065,868.123,1724.755,0.6570000052452087,,,,,,,172.02,828.088,0.921999990940094
4400,891.198,1696.414,0.9990000128746033,868.142,1724.954,0.4869999885559082,,,,,,,172.175,828.135,0.9779999852180481
4401,891.2,1696.414,0.9990000128746033,868.142,1731.984,0.12600000202655792,,,,,,,172.216,828.135,0.9829999804496765
4402,891.2,1692.664,0.996999979019165,868.142,1739.732,0.9509999752044678,891.147,1731.694,0.04800000041723251,,,,172.216,828.135,0.968999981880188
4403,891.534,1691.101,0.9959999918937683,867.183,1740.159,0.8960000276565552,,,,,,,172.216,828.1,0.9359999895095825
4404,891.534,1690.986,0.996999979019165,867.183,1740.363,0.9890000224113464,,,,,,,172.187,828.089,0.8730000257492065
4405,891.534,1690.801,0.9909999966621399,867.183,1740.363,0.9330000281333923,,,,,,,171.991,828.089,0.9430000185966492
4406,891.101,1690.638,0.9980000257492065,867.183,1740.403,0.12200000137090683,,,,,,,171.883,827.818,0.9039999842643738
4407,890.663,1690.427,0.9950000047683716,868.137,1740.403,0.0860000029206276,891.514,1724.201,0.0430000014603138,,,,171.879,827.818,0.9430000185966492
4408,890.549,1690.427,0.9909999966621399,868.216,1732.122,0.05700000002980232,,,,,,,171.879,827.592,0.9409999847412109
4409,890.533,1690.427,0.9890000224113464,868.216,1732.122,0.1459999978542328,,,,,,,171.82,827.592,0.925000011920929
4410,889.823,1690.876,0.996999979019165,868.216,1732.122,0.13099999725818634,891.405,1724.16,0.052000001072883606,,,,171.82,827.508,0.9399999976158142
4411,889.823,1692.129,0.9990000128746033,868.423,1724.381,0.22300000488758087,891.46,1724.216,0.05299999937415123,,,,171.929,827.592,0.9259999990463257
4412,889.823,1692.277,1.0,868.479,1724.376,0.3499999940395355,891.611,1731.582,0.06499999761581421,,,,171.963,827.592,0.8619999885559082
4413,890.539,1692.739,1.0,868.558,1724.346,0.5289999842643738,,,,,,,172.027,827.594,0.953000009059906
4414,890.828,1693.371,1.0,875.75,1716.012,0.7210000157356262,891.477,1731.611,0.02199999988079071,,,,172.41,828.519,0.8270000219345093
4415,890.86,1693.371,1.0,875.75,1716.012,0.6850000023841858,,,,,,,172.5,828.531,0.9539999961853027
4416,890.86,1693.478,1.0,875.75,1716.012,0.6759999990463257,,,,,,,172.5,828.519,0.9589999914169312
4417,890.86,1693.527,0.9990000128746033,869.471,1724.758,0.8709999918937683,884.217,1724.487,0.035999998450279236,,,,172.5,828.519,0.9490000009536743
4418,890.561,1693.527,0.9990000128746033,868.928,1731.375,0.8799999952316284,884.466,1731.449,0.06599999964237213,,,,172.374,828.519,0.9340000152587891
4419,890.396,1693.418,0.9990000128746033,868.607,1731.749,0.9300000071525574,884.54,1731.689,0.1599999964237213,,,,172.279,828.531,0.7940000295639038
4420,890.356,1693.418,0.9980000257492065,868.928,1731.749,0.949999988079071,890.961,1731.689,0.4779999852180481,,,,171.322,835.146,0.9509999752044678
4421,890.146,1692.826,0.9990000128746033,869.471,1731.375,0.9190000295639038,891.042,1731.863,0.5600000023841858,,,,171.12,835.146,0.8619999885559082
4422,889.671,1692.684,0.9980000257492065,868.607,1731.375,0.972000002861023,891.062,1731.863,0.5509999990463257,,,,171.12,835.146,0.906000018119812
4423,889.671,1692.135,0.996999979019165,867.89,1731.749,0.828000009059906,891.102,1732.189,0.06400000303983688,,,,171.322,834.728,0.9020000100135803
4424,890.084,1692.135,0.9959999918937683,866.88,1741.017,0.8980000019073486,891.25,1732.224,0.1770000010728836,,,,171.964,827.87,0.8820000290870667
4425,890.084,1692.135,0.9950000047683716,860.246,1741.017,0.8709999918937683,891.305,1732.579,0.0989999994635582,,,,171.964,827.773,0.925000011920929
4426,890.798,1692.135,0.9959999918937683,860.167,1741.017,0.9860000014305115,,,,,,,171.964,827.773,0.8289999961853027
4427,891.057,1692.095,0.9950000047683716,860.167,1740.401,0.9670000076293945,891.179,1724.163,0.02800000086426735,,,,171.799,827.6,0.902999997138977
4428,891.144,1692.378,0.9980000257492065,860.167,1740.401,0.8920000195503235,,,,,,,171.799,827.6,0.8709999918937683
4429,891.144,1692.095,0.996999979019165,860.528,1740.339,0.6850000023841858,,,,,,,171.799,827.807,0.7979999780654907
4430,891.144,1692.095,0.9980000257492065,860.528,1740.401,0.7820000052452087,891.331,1724.185,0.024000000208616257,,,,171.701,827.807,0.8309999704360962
4431,891.228,1692.102,0.9980000257492065,860.528,1747.362,0.6079999804496765,,,,,,,171.701,828.092,0.9520000219345093
4432,891.228,1692.102,0.9990000128746033,860.528,1747.737,0.7680000066757202,891.271,1724.219,0.041999999433755875,,,,170.855,828.24,0.9110000133514404
4433,891.02,1691.821,0.9980000257492065,868.285,1747.737,0.9290000200271606,,,,,,,170.855,828.285,0.968999981880188
4434,891.02,1691.821,0.996999979019165,867.759,1747.737,0.8069999814033508,,,,,,,171.888,828.285,0.9909999966621399
4435,891.02,1691.755,0.996999979019165,867.9,1740.399,0.5770000219345093,,,,,,,171.888,828.358,0.9539999961853027
4436,890.701,1691.748,0.9980000257492065,867.914,1740.399,0.9240000247955322,,,,,,,165.942,828.358,0.9390000104904175
4437,890.701,1691.748,0.9980000257492065,867.914,1740.161,0.9430000185966492,,,,,,,172.11,828.37,0.878000020980835
4438,890.701,1691.755,0.9959999918937683,867.914,1740.113,0.9660000205039978,890.904,1724.036,0.10400000214576721,,,,165.536,828.37,0.8610000014305115
4439,891.04,1691.829,0.9940000176429749,868.026,1739.925,0.8330000042915344,890.986,1724.146,0.07000000029802322,,,,165.536,828.537,0.8600000143051147
4440,891.138,1691.864,0.996999979019165,868.512,1739.886,0.8569999933242798,890.986,1724.32,0.4580000042915344,,,,172.332,828.537,0.8799999952316284
4441,892.076,1693.444,0.9919999837875366,875.116,1739.339,0.7670000195503235,890.986,1724.32,0.23899999260902405,,,,172.332,828.537,0.8880000114440918
4442,893.002,1693.444,0.9660000205039978,875.49,1732.058,0.8360000252723694,884.744,1724.32,0.0689999982714653,,,,165.436,828.148,0.9319999814033508
4443,893.02,1693.444,0.9559999704360962,875.566,1732.058,0.8600000143051147,875.375,1723.757,0.06400000303983688,,,,165.436,828.148,0.9700000286102295
4444,893.02,1693.19,0.9160000085830688,875.49,1739.339,0.9129999876022339,875.035,1716.041,0.14000000059604645,,,,165.407,827.858,0.9480000138282776
4445,893.02,1692.65,0.9549999833106995,875.49,1739.449,0.7590000033378601,875.035,1716.041,0.25,,,,165.407,827.858,0.953000009059906
4446,893.02,1685.135,0.9480000138282776,869.124,1739.624,0.4970000088214874,875.035,1716.041,0.10700000077486038,,,,165.019,827.858,0.890999972820282
4447,892.886,1685.135,0.9739999771118164,868.891,1739.624,0.8970000147819519,875.337,1723.915,0.11699999868869781,,,,165.019,828.027,0.7879999876022339
4448,892.338,1691.737,0.9879999756813049,868.891,1739.55,0.8960000276565552,884.201,1724.433,0.04100000113248825,,,,164.819,828.096,0.9340000152587891
4449,891.961,1691.78,0.9929999709129333,869.074,1739.55,0.968999981880188,884.201,1724.44,0.01600000075995922,,,,164.93,828.096,0.9290000200271606
4450,891.584,1691.78,0.9890000224113464,869.074,1739.731,0.9760000109672546,884.25,1732.273,0.03500000014901161,,,,164.93,828.096,0.8740000128746033
4451,891.578,1691.798,0.9570000171661377,869.589,1739.55,0.9810000061988831,884.25,1732.556,0.01600000075995922,,,,165.109,834.833,0.8889999985694885
4452,891.578,1691.958,0.9620000123977661,875.19,1739.357,0.8709999918937683,,,,,,,165.109,834.911,0.8119999766349792
4453,891.584,1692.079,0.9940000176429749,875.19,1739.731,0.878000020980835,884.996,1732.23,0.017000000923871994,,,,170.396,827.751,0.6209999918937683
4454,891.646,1692.079,0.996999979019165,875.249,1739.357,0.8659999966621399,,,,,,,171.517,827.751,0.6610000133514404
4455,891.646,1692.079,0.9980000257492065,875.311,1731.737,0.7720000147819519,,,,,,,171.517,835.772,0.7879999876022339
4456,891.646,1691.631,0.9959999918937683,875.342,1731.658,0.5559999942779541,,,,,,,171.517,827.622,0.5770000219345093
4457,891.04,1691.588,0.9919999837875366,875.342,1724.317,0.4819999933242798,884.611,1724.111,0.03700000047683716,,,,171.517,827.44,0.45500001311302185
4458,890.949,1691.056,0.9959999918937683,875.373,1724.317,0.5860000252723694,891.309,1724.328,0.054999999701976776,,,,171.517,827.44,0.5270000100135803
4459,890.924,1691.05,0.996999979019165,875.373,1724.246,0.49300000071525574,891.435,1724.482,0.02500000037252903,,,,171.788,827.751,0.5860000252723694
4460,890.639,1691.024,0.9990000128746033,875.345,1724.098,0.4779999852180481,,,,,,,171.788,827.751,0.8650000095367432
4461,890.429,1691.024,1.0,875.351,1724.098,0.5249999761581421,,,,,,,172.075,827.755,0.8629999756813049
4462,890.429,1690.642,0.9990000128746033,875.351,1724.098,0.7960000038146973,,,,,,,172.075,827.755,0.890999972820282
4463,890.429,1690.591,0.9980000257492065,875.351,1724.096,0.765999972820282,,,,,,,172.075,827.751,0.871999979019165
4464,890.429,1686.231,0.9959999918937683,875.436,1724.096,0.6259999871253967,884.701,1724.461,0.03099999949336052,,,,171.88,827.755,0.8980000019073486
4465,891.055,1686.231,0.9959999918937683,875.454,1724.186,0.31299999356269836,,,,,,,171.791,827.672,0.9089999794960022
4466,891.055,1686.231,0.996999979019165,875.558,1724.186,0.6079999804496765,884.667,1724.488,0.09300000220537186,,,,164.862,827.603,0.9679999947547913
4467,890.683,1691.326,0.9959999918937683,875.733,1715.473,0.6159999966621399,,,,,,,164.803,827.603,0.9570000171661377
4468,890.678,1692.657,0.9959999918937683,882.976,1714.305,0.9750000238418579,884.258,1724.397,0.2840000092983246,,,,164.803,827.672,0.9589999914169312
4469,890.678,1692.657,0.9990000128746033,883.881,1712.286,0.9950000047683716,884.302,1724.427,0.23199999332427979,,,,164.803,827.672,0.921999990940094
4470,890.671,1692.657,0.996999979019165,884.82,1709.607,0.9869999885559082,884.799,1724.442,0.19900000095367432,,,,164.915,827.879,0.9319999814033508
4471,890.611,1692.395,0.9959999918937683,884.82,1709.427,0.9919999837875366,884.799,1724.452,0.35899999737739563,,,,164.985,827.879,0.9390000104904175
4472,890.535,1692.34,0.996999979019165,884.82,1709.373,0.9700000286102295,884.799,1724.452,0.08500000089406967,,,,165.362,827.885,0.875
4473,890.535,1692.34,0.9950000047683716,884.616,1709.31,0.8870000243186951,884.872,1724.452,0.08299999684095383,,,,171.898,828.003,0.9300000071525574
4474,890.517,1691.869,0.9950000047683716,884.616,1708.849,0.8080000281333923,884.872,1724.452,0.1080000028014183,,,,172.126,828.397,0.9139999747276306
4475,890.517,1691.869,0.9869999885559082,884.616,1708.694,0.7480000257492065,884.872,1724.452,0.24799999594688416,,,,172.126,828.397,0.8360000252723694
4476,890.558,1691.801,0.9950000047683716,884.69,1708.544,0.8870000243186951,884.872,1724.447,0.2630000114440918,,,,172.126,828.42,0.906000018119812
4477,890.558,1691.762,0.9950000047683716,885.07,1708.417,0.9909999966621399,884.883,1724.55,0.289000004529953,,,,172.069,828.539,0.7749999761581421
4478,890.553,1691.207,0.9990000128746033,885.457,1708.371,0.9980000257492065,884.883,1724.594,0.7929999828338623,,,,172.069,828.539,0.9319999814033508
4479,890.558,1691.105,0.9980000257492065,885.633,1708.166,0.9959999918937683,884.904,1724.642,0.5619999766349792,,,,172.053,828.35,0.9169999957084656
4480,891.093,1685.964,0.9980000257492065,885.633,1708.166,0.9950000047683716,884.904,1724.642,0.48899999260902405,,,,172.069,828.591,0.9599999785423279
4481,890.998,1685.458,0.9990000128746033,885.633,1708.166,0.9879999756813049,884.904,1724.642,0.8460000157356262,,,,172.073,828.35,0.9399999976158142
4482,890.998,1685.458,0.9990000128746033,885.048,1708.56,0.9879999756813049,884.811,1731.62,0.8600000143051147,,,,172.107,828.289,0.9639999866485596
4483,890.998,1685.458,0.9980000257492065,884.29,1709.103,0.9909999966621399,891.167,1731.949,0.5920000076293945,,,,172.107,828.266,0.8820000290870667
4484,890.655,1685.906,0.9990000128746033,884.21,1709.753,0.9490000009536743,884.811,1731.976,0.1599999964237213,,,,172.126,828.118,0.9430000185966492
4485,889.403,1686.28,1.0,883.525,1709.829,0.9440000057220459,884.752,1731.976,0.328000009059906,,,,172.126,828.118,0.9120000004768372
4486,889.403,1686.28,0.9990000128746033,884.21,1709.829,0.906000018119812,884.811,1731.976,0.07100000232458115,,,,172.166,828.118,0.984000027179718
4487,889.403,1686.28,1.0,884.21,1709.757,0.7110000252723694,891.022,1731.317,0.23499999940395355,,,,172.126,828.133,0.9819999933242798
4488,890.029,1684.91,0.9990000128746033,884.172,1709.757,0.9259999990463257,891.022,1724.232,0.6769999861717224,,,,172.126,828.133,0.9559999704360962
4489,890.435,1684.91,0.9990000128746033,884.361,1709.757,0.8650000095367432,891.022,1724.232,0.3619999885559082,,,,172.013,828.173,0.9430000185966492
4490,890.606,1684.91,0.9980000257492065,884.361,1709.476,0.906000018119812,891.022,1724.26,0.7210000157356262,,,,171.877,828.173,0.9649999737739563
4491,890.677,1684.669,0.9990000128746033,884.172,1709.476,0.7829999923706055,884.851,1724.26,0.6850000023841858,,,,165.218,828.133,0.9290000200271606
4492,890.677,1685.786,0.9980000257492065,883.902,1709.47,0.5019999742507935,884.851,1724.26,0.1459999978542328,,,,165.148,828.107,0.9649999737739563
4493,890.606,1685.786,0.996999979019165,883.902,1709.47,0.9470000267028809,884.851,1724.26,0.6230000257492065,,,,164.923,828.173,0.9580000042915344
4494,890.606,1685.014,0.9990000128746033,883.902,1709.432,0.9649999737739563,891.028,1724.02,0.7459999918937683,,,,164.923,828.312,0.9629999995231628
4495,887.032,1684.565,0.9990000128746033,883.979,1709.07,0.9940000176429749,891.028,1723.828,0.6589999794960022,,,,164.797,828.107,0.9789999723434448
4496,887.032,1683.45,0.9990000128746033,884.075,1709.07,0.9739999771118164,891.028,1723.766,0.4690000116825104,,,,164.797,828.312,0.9729999899864197
4497,891.028,1682.681,0.9990000128746033,884.213,1709.036,0.9909999966621399,885.796,1723.749,0.8659999966621399,,,,164.797,828.399,0.9110000133514404
4498,891.037,1682.681,0.9980000257492065,884.075,1709.036,0.828000009059906,885.03,1723.766,0.703000009059906,,,,164.551,828.399,0.9639999866485596
4499,892.157,1682.681,0.9950000047683716,884.075,1708.621,0.9340000152587891,885.03,1723.766,0.8130000233650208,,,,164.551,834.223,0.972000002861023
4500,892.603,1682.681,0.9259999990463257,884.428,1699.462,0.5590000152587891,885.03,1723.766,0.5149999856948853,,,,165.277,834.223,0.9319999814033508
4501,892.719,1682.681,0.9829999804496765,890.207,1699.356,0.8759999871253967,885.1,1723.739,0.14399999380111694,,,,171.843,834.223,0.824999988079071
4502,892.879,1682.553,0.9879999756813049,890.207,1699.356,0.9729999899864197,885.715,1723.815,0.48399999737739563,,,,172.256,829.147,0.8330000042915344
4503,892.879,1682.179,0.9879999756813049,890.207,1699.462,0.9919999837875366,885.715,1723.815,0.6539999842643738,,,,172.429,829.147,0.7789999842643738
4504,892.879,1681.077,0.9980000257492065,889.36,1699.952,0.9940000176429749,885.715,1716.21,0.34700000286102295,,,,172.505,828.775,0.9620000123977661
4505,892.199,1680.979,1.0,889.346,1699.952,0.996999979019165,890.564,1716.21,0.375,,,,172.505,828.775,0.9330000281333923
4506,892.053,1679.583,0.9990000128746033,889.346,1699.952,0.9829999804496765,890.652,1716.21,0.6399999856948853,,,,172.505,828.775,0.8339999914169312
4507,891.118,1678.04,0.9980000257492065,889.346,1698.866,0.9860000014305115,890.652,1716.21,0.6389999985694885,,,,172.505,828.775,0.9369999766349792
4508,891.118,1678.04,0.9909999966621399,889.346,1698.866,0.906000018119812,890.801,1716.21,0.43799999356269836,,,,171.804,828.775,0.9639999866485596
4509,891.118,1678.04,0.9909999966621399,889.346,1698.866,0.9200000166893005,890.801,1715.872,0.6000000238418579,891.713,1724.237,0.04500000178813934,171.804,829.028,0.9710000157356262
4510,892.128,1679.945,0.9959999918937683,888.994,1699.474,0.9810000061988831,891.005,1716.021,0.1889999955892563,,,,172.694,829.028,0.984000027179718
4511,892.519,1680.071,0.9980000257492065,888.994,1699.474,0.9829999804496765,891.005,1716.021,0.2199999988079071,,,,172.694,829.028,0.9509999752044678
4512,892.519,1680.339,0.9990000128746033,888.994,1699.474,0.9860000014305115,890.64,1715.804,0.0729999989271164,,,,172.616,828.832,0.9359999895095825
4513,892.39,1680.071,0.9959999918937683,888.994,1699.474,0.9620000123977661,890.64,1715.804,0.20499999821186066,,,,172.616,828.731,0.949999988079071
4514,892.39,1680.381,0.9959999918937683,889.752,1698.728,0.9829999804496765,890.56,1715.819,0.1340000033378601,,,,172.616,828.625,0.9629999995231628
4515,892.39,1680.381,0.9940000176429749,889.821,1698.54,0.8569999933242798,890.402,1715.819,0.19900000095367432,,,,172.482,828.488,0.9380000233650208
4516,892.349,1677.719,0.9879999756813049,890.606,1698.54,0.8489999771118164,885.136,1715.897,0.0560000017285347,,,,172.332,828.488,0.9539999961853027
4517,892.205,1677.719,0.9789999723434448,890.606,1698.728,0.5979999899864197,885.136,1716.255,0.03999999910593033,,,,172.328,828.488,0.9639999866485596
4518,892.349,1677.889,0.9829999804496765,890.643,1698.54,0.7450000047683716,885.136,1716.255,0.25,,,,171.41,834.415,0.9559999704360962
4519,892.349,1677.889,0.9950000047683716,890.643,1698.54,0.8339999914169312,,,,,,,164.985,834.97,0.9810000061988831
4520,892.349,1678.039,0.9929999709129333,890.255,1699.158,0.8970000147819519,,,,,,,164.96,834.97,0.9100000262260437
4521,892.218,1678.048,0.9990000128746033,885.627,1699.687,0.9539999961853027,,,,,,,164.96,834.97,0.9290000200271606
4522,892.378,1678.252,0.9940000176429749,884.975,1708.173,0.8550000190734863,875.332,1715.993,0.023000000044703484,,,,164.985,829.102,0.796999990940094
4523,892.378,1678.252,0.9950000047683716,875.241,1716.351,0.8199999928474426,,,,,,,172.0,829.102,0.7260000109672546
4524,892.378,1678.048,0.9959999918937683,875.241,1723.142,0.8769999742507935,,,,,,,172.13,828.954,0.972000002861023
4525,892.49,1678.443,0.9950000047683716,875.241,1723.142,0.9789999723434448,891.416,1724.053,0.041999999433755875,,,,172.198,829.102,0.949999988079071
4526,892.49,1678.443,0.9850000143051147,875.255,1723.142,0.9729999899864197,891.416,1724.181,0.017999999225139618,,,,172.275,829.102,0.9779999852180481
4527,892.49,1678.042,0.9950000047683716,875.634,1715.785,0.8560000061988831,891.416,1724.181,0.03500000014901161,,,,172.198,829.018,0.9750000238418579
4528,892.49,1678.042,0.9940000176429749,875.634,1715.756,0.9049999713897705,891.416,1724.181,0.03700000047683716,,,,172.13,829.018,0.9890000224113464
4529,892.582,1678.477,0.9739999771118164,875.634,1715.756,0.7459999918937683,891.416,1724.34,0.5239999890327454,,,,172.002,829.018,0.9229999780654907
4530,892.417,1678.884,0.9990000128746033,875.753,1715.694,0.671999990940094,,,,,,,172.002,829.018,0.4189999997615814
4531,892.606,1679.247,0.9990000128746033,875.99,1715.694,0.8690000176429749,891.301,1724.023,0.050999999046325684,,,,171.67,828.721,0.5230000019073486
4532,892.725,1679.496,0.9990000128746033,883.997,1708.862,0.8190000057220459,891.308,1724.033,0.041999999433755875,,,,171.67,828.594,0.4860000014305115
4533,892.606,1679.496,0.9990000128746033,884.052,1708.825,0.7710000276565552,,,,,,,172.173,828.578,0.5580000281333923
4534,892.494,1679.763,1.0,884.51,1708.348,0.9359999895095825,884.47,1716.376,0.03099999949336052,,,,172.259,828.594,0.859000027179718
4535,892.494,1679.763,0.9990000128746033,884.51,1708.348,0.9330000281333923,884.683,1716.376,0.020999999716877937,,,,172.259,828.594,0.8840000033378601
4536,892.409,1679.763,1.0,884.51,1708.295,0.9909999966621399,884.683,1716.376,0.050999999046325684,,,,172.259,828.594,0.9369999766349792
4537,892.268,1679.707,0.9980000257492065,884.502,1708.348,0.8429999947547913,884.47,1716.284,0.11400000005960464,,,,172.259,828.711,0.9330000281333923
4538,892.169,1678.252,0.996999979019165,883.594,1708.561,0.7450000047683716,875.522,1716.255,0.08399999886751175,,,,172.046,828.713,0.9110000133514404
4539,892.136,1678.014,0.9980000257492065,875.565,1715.409,0.875,875.396,1716.112,0.07400000095367432,,,,171.017,834.429,0.9129999876022339
4540,892.08,1677.229,0.9950000047683716,874.986,1723.477,0.9570000171661377,875.38,1716.112,0.18000000715255737,,,,170.847,834.745,0.9750000238418579
4541,891.901,1677.042,0.9950000047683716,874.966,1723.492,0.9649999737739563,875.369,1716.112,0.28200000524520874,,,,165.614,834.745,0.9589999914169312
4542,891.76,1676.867,0.9940000176429749,874.966,1723.598,0.9440000057220459,875.369,1716.203,0.14499999582767487,,,,165.614,834.766,0.9559999704360962
4543,891.738,1676.987,0.6470000147819519,874.986,1723.908,0.9330000281333923,875.353,1716.19,0.8059999942779541,891.555,1708.376,0.19599999487400055,165.434,835.045,0.9279999732971191
4544,891.653,1676.987,0.9610000252723694,875.075,1723.908,0.9610000252723694,875.38,1716.203,0.4620000123977661,891.76,1708.499,0.029999999329447746,165.28,835.045,0.9620000123977661
4545,891.302,1676.987,0.9760000109672546,875.295,1723.908,0.9160000085830688,884.213,1716.46,0.15299999713897705,,,,164.757,834.552,0.9549999833106995
4546,891.302,1677.16,0.9950000047683716,876.437,1715.583,0.7009999752044678,,,,,,,164.665,834.552,0.9769999980926514
4547,891.568,1677.16,1.0,876.437,1715.583,0.9580000042915344,,,,,,,164.724,834.515,0.968999981880188
4548,891.653,1677.16,0.9980000257492065,876.437,1715.583,0.8569999933242798,875.268,1715.767,0.0689999982714653,,,,164.757,834.336,0.9539999961853027
4549,891.568,1677.064,0.9980000257492065,884.66,1709.931,0.7879999876022339,884.554,1716.187,0.05299999937415123,,,,164.757,834.18,0.9769999980926514
4550,891.568,1677.064,0.9919999837875366,884.66,1709.717,0.8980000019073486,884.727,1716.515,0.0949999988079071,,,,164.821,834.18,0.968999981880188
4551,891.176,1677.064,0.9980000257492065,884.709,1709.127,0.8399999737739563,884.758,1724.177,0.26100000739097595,,,,164.821,834.173,0.9710000157356262
4552,891.159,1677.584,1.0,888.471,1708.904,0.9890000224113464,884.976,1724.284,0.07800000160932541,,,,165.03,834.173,0.8740000128746033
4553,891.159,1677.945,1.0,888.471,1708.828,0.9940000176429749,884.976,1724.284,0.09300000220537186,,,,164.981,834.725,0.9729999899864197
4554,891.176,1677.945,1.0,888.471,1708.828,0.996999979019165,884.976,1724.284,0.16300000250339508,,,,164.981,834.725,0.9610000252723694
4555,891.176,1677.945,1.0,886.224,1708.828,0.9919999837875366,884.966,1724.235,0.08799999952316284,,,,164.981,834.321,0.9380000233650208
4556,891.155,1677.74,0.9990000128746033,885.296,1709.135,0.9890000224113464,884.966,1724.235,0.02199999988079071,,,,164.981,834.321,0.9729999899864197
4557,891.202,1677.682,0.9990000128746033,885.296,1709.727,0.9940000176429749,884.966,1724.235,0.0689999982714653,,,,164.912,834.321,0.9559999704360962
4558,891.202,1677.682,0.9990000128746033,885.296,1709.808,0.9860000014305115,884.966,1724.235,0.17100000381469727,,,,164.76,828.684,0.9399999976158142
4559,891.221,1677.504,0.9990000128746033,885.296,1709.808,0.9959999918937683,884.966,1724.214,0.2750000059604645,,,,164.191,828.684,0.7919999957084656
4560,891.221,1677.74,0.9990000128746033,885.296,1710.183,0.9829999804496765,884.624,1724.16,0.02800000086426735,,,,163.703,834.834,0.9800000190734863
4561,891.221,1678.402,0.9990000128746033,883.563,1710.28,0.9900000095367432,884.624,1724.16,0.1589999943971634,,,,163.703,835.032,0.9810000061988831
4562,887.571,1678.591,1.0,883.563,1710.28,0.9929999709129333,884.624,1724.16,0.27399998903274536,,,,163.703,835.032,0.9739999771118164
4563,887.571,1678.617,1.0,883.563,1710.28,0.9980000257492065,884.822,1724.188,0.2980000078678131,,,,163.716,835.55,0.9729999899864197
4564,887.571,1678.617,1.0,883.563,1710.28,0.996999979019165,884.834,1724.22,0.3319999873638153,,,,163.852,835.55,0.9649999737739563
4565,887.922,1678.591,1.0,883.563,1710.28,0.9980000257492065,884.834,1724.238,0.3440000116825104,,,,163.868,835.019,0.9890000224113464
4566,891.289,1677.317,0.996999979019165,876.031,1715.187,0.9309999942779541,884.822,1724.238,0.3529999852180481,,,,164.73,834.867,0.9789999723434448
4567,891.482,1677.317,0.996999979019165,876.001,1715.187,0.9750000238418579,884.602,1724.235,0.13600000739097595,,,,164.742,834.227,0.9929999709129333
4568,891.519,1677.177,0.9909999966621399,875.858,1715.187,0.9649999737739563,884.51,1724.235,0.3140000104904175,,,,164.742,833.734,0.9950000047683716
4569,891.53,1677.317,0.9959999918937683,875.752,1713.907,0.9950000047683716,884.471,1724.235,0.13500000536441803,,,,165.402,833.632,0.9739999771118164
4570,892.069,1677.287,0.9950000047683716,875.617,1713.907,0.9900000095367432,884.471,1724.235,0.4189999997615814,,,,165.523,833.734,0.9890000224113464
4571,892.069,1679.658,0.9959999918937683,875.617,1713.75,0.9860000014305115,884.366,1724.235,0.23499999940395355,,,,165.979,833.789,0.9890000224113464
4572,891.519,1680.133,0.9980000257492065,875.617,1713.907,0.9649999737739563,884.022,1724.096,0.11299999803304672,,,,166.079,833.734,0.9929999709129333
4573,887.424,1681.507,0.9990000128746033,875.628,1714.335,0.9900000095367432,884.022,1724.192,0.25699999928474426,,,,166.186,829.572,0.9879999756813049
4574,887.424,1681.507,0.9980000257492065,875.942,1715.873,0.9940000176429749,884.022,1724.249,0.35199999809265137,,,,172.236,829.572,0.9490000009536743
4575,887.424,1681.507,0.9980000257492065,875.942,1715.88,0.9900000095367432,884.022,1724.192,0.19699999690055847,,,,172.554,829.572,0.9769999980926514
4576,891.774,1681.063,0.9980000257492065,875.643,1716.545,0.9750000238418579,884.022,1724.109,0.15600000321865082,,,,172.554,829.464,0.925000011920929
4577,892.527,1680.352,0.9980000257492065,875.643,1716.671,0.9739999771118164,883.899,1724.109,0.06800000369548798,,,,172.393,829.306,0.968999981880188
4578,892.68,1680.352,0.9990000128746033,875.08,1723.897,0.9639999866485596,884.076,1724.057,0.1720000058412552,,,,172.314,829.119,0.9789999723434448
4579,892.527,1680.352,0.996999979019165,875.08,1723.897,0.9810000061988831,884.076,1723.999,0.05999999865889549,,,,172.379,829.119,0.9950000047683716
4580,891.774,1680.6,0.9919999837875366,875.08,1723.897,0.9710000157356262,883.899,1723.907,0.05400000140070915,,,,172.34,829.103,0.9890000224113464
4581,891.899,1681.613,0.996999979019165,876.064,1715.792,0.972000002861023,883.899,1723.907,0.0689999982714653,,,,172.314,829.103,0.9610000252723694
4582,891.899,1681.783,0.9909999966621399,876.064,1715.792,0.9860000014305115,884.169,1723.907,0.041999999433755875,,,,172.175,828.766,0.9589999914169312
4583,891.899,1682.191,0.9929999709129333,876.064,1715.792,0.9879999756813049,,,,,,,165.426,828.672,0.9779999852180481
4584,891.899,1682.191,0.9860000014305115,876.064,1715.876,0.9710000157356262,,,,,,,165.048,828.621,0.9710000157356262
4585,892.35,1682.191,0.9869999885559082,876.064,1715.876,0.9380000233650208,884.285,1724.256,0.019999999552965164,,,,165.048,828.621,0.9679999947547913
4586,892.35,1680.347,0.9980000257492065,876.373,1715.876,0.8989999890327454,,,,,,,165.048,828.621,0.9789999723434448
4587,891.896,1679.934,0.9990000128746033,876.373,1715.876,0.9769999980926514,,,,,,,165.511,828.65,0.9779999852180481
4588,891.896,1679.779,0.9990000128746033,876.373,1715.903,0.9200000166893005,,,,,,,166.031,828.944,0.9559999704360962
4589,892.113,1679.779,0.9990000128746033,885.212,1709.802,0.9490000009536743,884.193,1724.086,0.0430000014603138,,,,172.679,829.851,0.9950000047683716
4590,891.955,1679.779,0.9990000128746033,875.285,1723.374,0.9259999990463257,,,,,,,172.696,829.851,0.9950000047683716
4591,892.113,1679.779,0.9990000128746033,875.285,1723.374,0.9679999947547913,,,,,,,172.809,829.851,0.9929999709129333
4592,892.2,1679.779,0.9990000128746033,875.353,1723.374,0.9679999947547913,883.903,1724.218,0.026000000536441803,,,,172.818,829.854,0.9909999966621399
4593,892.113,1679.473,0.9990000128746033,875.37,1723.55,0.9319999814033508,,,,,,,172.809,829.854,0.9940000176429749
4594,892.012,1679.803,0.9929999709129333,875.37,1723.55,0.9010000228881836,884.148,1724.131,0.02800000086426735,,,,172.809,829.803,0.9929999709129333
4595,892.012,1678.567,0.996999979019165,875.37,1724.154,0.9470000267028809,,,,,,,172.685,829.533,0.9909999966621399
4596,891.725,1678.362,0.9990000128746033,875.37,1724.154,0.9169999957084656,,,,,,,172.559,829.03,0.9860000014305115
4597,891.484,1678.567,0.9929999709129333,875.37,1723.57,0.9359999895095825,890.935,1715.656,0.035999998450279236,,,,172.127,829.025,0.9810000061988831
4598,890.962,1678.362,0.9980000257492065,875.724,1717.524,0.9739999771118164,,,,,,,172.127,828.884,0.9800000190734863
4599,890.962,1677.99,0.9990000128746033,875.216,1723.57,0.9890000224113464,,,,,,,172.127,828.884,0.9929999709129333
4600,890.962,1677.56,0.996999979019165,875.389,1723.57,0.9660000205039978,884.202,1715.61,0.017000000923871994,,,,172.073,828.48,0.9789999723434448
4601,891.032,1677.56,0.9909999966621399,875.389,1724.324,0.9430000185966492,884.675,1715.61,0.07199999690055847,,,,172.073,828.48,0.9829999804496765
4602,891.121,1677.247,0.9940000176429749,875.529,1724.324,0.9269999861717224,891.01,1715.78,0.04399999976158142,,,,165.303,828.399,0.9869999885559082
4603,891.258,1676.703,0.9679999947547913,875.529,1724.324,0.8059999942779541,891.223,1715.823,0.020999999716877937,,,,165.303,828.399,0.9919999837875366
4604,891.258,1677.247,0.9769999980926514,875.529,1724.964,0.6019999980926514,,,,,,,165.303,828.48,0.9710000157356262
4605,891.258,1677.338,0.9639999866485596,875.529,1724.646,0.4390000104904175,884.746,1708.548,0.027000000700354576,,,,165.707,828.541,0.9890000224113464
4606,886.222,1676.935,0.9950000047683716,875.183,1724.646,0.9200000166893005,891.045,1715.85,0.024000000208616257,,,,172.257,828.695,0.968999981880188
4607,886.222,1676.935,0.9980000257492065,875.183,1724.646,0.9789999723434448,,,,,,,172.257,828.856,0.9819999933242798
4608,886.222,1676.957,0.996999979019165,875.183,1724.646,0.9760000109672546,,,,,,,172.257,828.991,0.9860000014305115
4609,889.981,1676.935,0.9950000047683716,875.63,1716.451,0.8130000233650208,,,,,,,165.395,829.094,0.9729999899864197
4610,889.981,1676.424,0.9980000257492065,875.764,1716.335,0.7870000004768372,,,,,,,165.258,829.103,0.968999981880188
4611,889.981,1676.264,0.9860000014305115,890.974,1699.28,0.7149999737739563,891.414,1708.361,0.05999999865889549,,,,165.258,829.14,0.9850000143051147
4612,889.932,1676.264,0.9940000176429749,890.974,1699.28,0.777999997138977,,,,,,,165.02,829.226,0.9850000143051147
4613,889.932,1676.244,0.9940000176429749,890.974,1699.28,0.7910000085830688,,,,,,,165.02,829.317,0.9810000061988831
4614,889.932,1676.264,0.9990000128746033,890.712,1699.591,0.9020000100135803,,,,,,,165.02,829.317,0.9890000224113464
4615,890.596,1676.399,0.9900000095367432,884.224,1708.641,0.625,,,,,,,165.397,829.392,0.9850000143051147
4616,890.713,1676.705,0.984000027179718,875.838,1715.656,0.6600000262260437,884.527,1716.147,0.024000000208616257,,,,165.397,829.317,0.9769999980926514
4617,890.713,1676.705,0.9810000061988831,875.482,1715.79,0.8069999814033508,884.527,1716.258,0.057999998331069946,,,,165.96,829.264,0.968999981880188
4618,890.713,1676.705,0.9860000014305115,875.211,1716.282,0.9739999771118164,884.527,1716.299,0.07500000298023224,,,,165.96,829.264,0.9919999837875366
4619,890.713,1676.727,0.9909999966621399,875.211,1716.282,0.9700000286102295,884.527,1716.363,0.07699999958276749,,,,165.96,829.613,0.9909999966621399
4620,890.559,1677.278,0.996999979019165,875.211,1715.656,0.8180000185966492,884.419,1716.262,0.024000000208616257,,,,165.47,834.323,0.9909999966621399
4621,890.559,1676.727,0.9940000176429749,885.297,1698.589,0.8080000281333923,884.419,1716.363,0.05999999865889549,,,,164.958,834.504,0.9909999966621399
4622,890.717,1676.727,0.9980000257492065,890.532,1698.589,0.9079999923706055,884.669,1716.407,0.04500000178813934,,,,164.958,834.786,0.9940000176429749
4623,890.72,1677.156,0.9919999837875366,891.287,1698.589,0.7990000247955322,884.862,1716.363,0.05999999865889549,,,,165.018,834.786,0.9800000190734863
4624,890.781,1677.156,0.9950000047683716,891.438,1698.663,0.6570000052452087,884.862,1716.262,0.03500000014901161,,,,165.47,834.615,0.9509999752044678
4625,891.313,1677.156,0.9869999885559082,891.676,1698.758,0.6740000247955322,884.862,1708.224,0.04699999839067459,,,,165.018,834.615,0.9959999918937683
4626,891.411,1677.161,0.9919999837875366,891.841,1698.762,0.7850000262260437,891.123,1708.181,0.032999999821186066,,,,165.018,834.615,0.9940000176429749
4627,892.246,1677.161,0.949999988079071,891.906,1699.128,0.6830000281333923,891.123,1708.104,0.05999999865889549,,,,164.24,834.615,0.9929999709129333
4628,892.246,1677.291,0.8159999847412109,892.297,1699.145,0.3330000042915344,891.123,1707.801,0.028999999165534973,,,,164.24,834.573,0.9909999966621399
4629,892.246,1677.392,0.6809999942779541,892.297,1699.156,0.4180000126361847,884.936,1707.777,0.052000001072883606,,,,164.24,834.573,0.9559999704360962
4630,883.822,1739.782,0.36399999260902405,892.297,1699.656,0.1850000023841858,884.936,1707.777,0.04699999839067459,,,,164.596,834.296,0.9169999957084656
4631,883.822,1740.157,0.5210000276565552,892.074,1699.842,0.13199999928474426,884.674,1707.801,0.10300000011920929,,,,165.142,828.284,0.9769999980926514
4632,883.822,1787.009,0.7179999947547913,891.342,1724.307,0.2070000022649765,884.674,1707.842,0.13300000131130219,891.155,1698.391,0.027000000700354576,171.721,828.284,0.9490000009536743
4633,884.317,1787.009,0.3240000009536743,884.214,1724.307,0.3230000138282776,884.647,1707.91,0.2590000033378601,891.155,1698.546,0.050999999046325684,171.912,828.284,0.9520000219345093
4634,884.476,1786.893,0.49900001287460327,884.214,1724.307,0.25600001215934753,884.647,1707.934,0.4020000100135803,891.398,1698.749,0.08500000089406967,171.912,828.734,0.9430000185966492
4635,884.621,1787.003,0.41499999165534973,884.214,1755.02,0.26499998569488525,884.647,1707.97,0.5049999952316284,891.218,1698.866,0.10899999737739563,171.912,828.796,0.9520000219345093
4636,884.621,1787.003,0.503000020980835,891.465,1755.02,0.20100000500679016,884.701,1707.976,0.6510000228881836,891.218,1698.896,0.19699999690055847,172.396,828.796,0.9700000286102295
4637,884.665,1786.893,0.4699999988079071,891.763,1724.205,0.1509999930858612,884.701,1707.987,0.5569999814033508,891.398,1699.01,0.4399999976158142,165.009,828.796,0.9800000190734863
4638,884.759,1786.755,0.4490000009536743,891.8,1700.134,0.0989999994635582,884.701,1708.02,0.4569999873638153,891.547,1699.106,0.1420000046491623,164.789,828.796,0.9259999990463257
4639,884.665,1740.488,0.5450000166893005,891.8,1700.134,0.3580000102519989,884.563,1708.116,0.26100000739097595,891.921,1699.148,0.035999998450279236,164.789,834.214,0.972000002861023
4640,883.793,1740.488,0.597000002861023,891.8,1700.134,0.2919999957084656,884.494,1708.2,0.09099999815225601,,,,164.988,834.214,0.9750000238418579
4641,883.785,1740.488,0.4580000042915344,891.563,1715.877,0.19499999284744263,884.494,1708.241,0.5049999952316284,891.385,1698.567,0.11100000143051147,164.988,834.214,0.9580000042915344
4642,883.785,1746.515,0.2639999985694885,891.563,1754.607,0.2029999941587448,884.547,1708.241,0.3440000116825104,891.405,1698.859,0.08500000089406967,164.883,834.177,0.9769999980926514
4643,883.785,1786.709,0.3070000112056732,891.563,1754.648,0.5370000004768372,884.547,1708.241,0.32199999690055847,891.405,1699.134,0.10999999940395355,164.883,834.132,0.9750000238418579
4644,883.859,1786.878,0.675000011920929,891.897,1754.832,0.5249999761581421,884.991,1707.836,0.1379999965429306,891.405,1699.444,0.035999998450279236,164.883,833.791,0.9559999704360962
4645,883.859,1795.45,0.796999990940094,891.897,1755.153,0.492000013589859,891.347,1707.836,0.041999999433755875,891.452,1699.652,0.04600000008940697,164.883,833.791,0.9049999713897705
4646,883.859,1795.45,0.984000027179718,891.897,1763.165,0.6510000228881836,891.477,1707.836,0.03099999949336052,891.587,1699.729,0.04600000008940697,164.883,834.177,0.9649999737739563
4647,883.859,1795.45,0.9860000014305115,891.637,1763.165,0.7390000224113464,891.572,1716.512,0.06199999898672104,,,,164.769,834.568,0.9710000157356262
4648,883.859,1795.45,0.9729999899864197,891.405,1763.241,0.7789999842643738,,,,,,,165.258,834.689,0.9319999814033508
4649,884.816,1786.888,0.7829999923706055,891.405,1763.241,0.6029999852180481,868.869,1715.923,0.05000000074505806,891.49,1699.608,0.03400000184774399,165.411,834.709,0.9869999885559082
4650,884.927,1786.878,0.796999990940094,890.621,1763.593,0.652999997138977,884.291,1716.881,0.16099999845027924,891.6,1708.177,0.0689999982714653,165.761,834.72,0.9929999709129333
4651,884.943,1786.878,0.5879999995231628,890.61,1763.728,0.9490000009536743,891.339,1717.18,0.050999999046325684,891.687,1708.35,0.04899999871850014,165.821,834.709,0.9929999709129333
4652,885.321,1786.878,0.6439999938011169,890.61,1764.041,0.8700000047683716,,,,,,,165.866,834.709,0.9909999966621399
4653,885.321,1786.916,0.7440000176429749,890.61,1763.728,0.6579999923706055,,,,,,,172.033,828.278,0.9860000014305115
4654,891.191,1786.916,0.8299999833106995,890.401,1763.728,0.7260000109672546,,,,,,,172.033,828.268,0.9470000267028809
4655,891.191,1786.916,0.4580000042915344,852.064,1716.235,0.1940000057220459,,,,,,,172.033,827.926,0.9240000247955322
4656,891.191,1786.331,0.6660000085830688,852.064,1716.235,0.09200000017881393,,,,,,,165.481,827.631,0.9520000219345093
4657,891.206,1780.69,0.5870000123977661,852.064,1716.235,0.2549999952316284,,,,,,,165.481,827.631,0.9779999852180481
4658,891.206,1780.307,0.8420000076293945,852.064,1716.235,0.5450000166893005,868.518,1716.68,0.03200000151991844,,,,165.481,827.631,0.9610000252723694
4659,891.463,1780.307,0.8220000267028809,852.192,1723.879,0.15700000524520874,868.793,1716.886,0.02199999988079071,,,,884.672,1682.452,0.9670000076293945
4660,891.507,1780.383,0.6729999780654907,859.498,1723.879,0.0860000029206276,,,,,,,884.672,1682.452,0.9779999852180481
4661,892.042,1780.69,0.9919999837875366,859.498,1716.055,0.04100000113248825,,,,,,,885.856,1683.361,0.9890000224113464
4662,892.042,1780.383,0.9750000238418579,859.498,1716.055,0.10899999737739563,,,,,,,890.865,1683.361,0.9769999980926514
4663,892.042,1780.383,0.9610000252723694,852.17,1716.213,0.7070000171661377,868.334,1707.57,0.06599999964237213,890.892,1692.437,0.061000000685453415,885.856,1683.749,0.9980000257492065
4664,892.042,1780.383,0.9160000085830688,852.17,1716.213,0.8769999742507935,875.575,1707.573,0.12800000607967377,891.853,1698.93,0.04699999839067459,890.791,1683.749,0.9959999918937683
4665,851.522,1755.59,0.734000027179718,852.17,1724.162,0.5849999785423279,875.777,1707.827,0.057999998331069946,,,,890.865,1684.484,0.996999979019165
4666,851.522,1755.59,0.9810000061988831,884.0,1748.197,0.41100001335144043,883.963,1707.862,0.050999999046325684,890.662,1691.772,0.17299999296665192,890.865,1684.776,0.9909999966621399
4667,883.946,1785.578,0.8629999756813049,884.0,1748.197,0.6079999804496765,884.121,1707.862,0.08100000023841858,890.764,1692.259,0.24300000071525574,890.881,1684.776,0.9950000047683716
4668,883.946,1785.578,0.8370000123977661,891.336,1748.366,0.6899999976158142,884.375,1707.862,0.19900000095367432,891.377,1698.622,0.47600001096725464,890.881,1684.776,0.9940000176429749
4669,883.946,1786.141,0.6299999952316284,884.0,1748.197,0.20900000631809235,884.484,1707.862,0.10400000214576721,891.377,1699.326,0.20200000703334808,890.923,1682.777,0.996999979019165
4670,885.272,1786.141,0.09799999743700027,875.976,1724.105,0.11599999666213989,,,,,,,890.881,1675.193,0.9850000143051147
4671,886.331,1784.789,0.9409999847412109,859.908,1724.105,0.14000000059604645,868.675,1716.306,0.020999999716877937,,,,891.752,1675.193,0.9769999980926514
4672,890.841,1784.779,0.9890000224113464,859.473,1724.299,0.6150000095367432,868.675,1716.324,0.057999998331069946,,,,891.558,1675.193,0.9779999852180481
4673,890.841,1784.779,0.9850000143051147,859.473,1724.299,0.7670000195503235,868.675,1716.497,0.07199999690055847,,,,891.558,1675.193,0.9850000143051147
4674,890.841,1784.779,0.9990000128746033,859.473,1724.299,0.8479999899864197,868.438,1716.324,0.08900000154972076,883.874,1699.64,0.017999999225139618,166.14,834.912,0.984000027179718
4675,885.567,1784.779,0.9990000128746033,859.721,1724.299,0.6639999747276306,868.438,1716.324,0.35899999737739563,883.883,1699.656,0.1860000044107437,166.14,828.82,0.9850000143051147
4676,874.096,1795.66,0.597000002861023,859.757,1723.86,0.38199999928474426,868.438,1716.543,0.024000000208616257,,,,165.142,828.708,0.9929999709129333
4677,874.096,1795.66,0.6129999756813049,859.757,1723.814,0.3100000023841858,,,,,,,165.108,828.708,0.9909999966621399
4678,874.096,1795.66,0.8949999809265137,859.757,1723.814,0.3479999899864197,868.378,1716.487,0.032999999821186066,875.66,1707.489,0.0430000014603138,165.108,828.758,0.9959999918937683
4679,874.391,1787.268,0.4410000145435333,859.757,1723.794,0.3109999895095825,,,,,,,165.108,828.82,0.9909999966621399
4680,886.485,1785.463,0.9829999804496765,859.359,1723.814,0.3619999885559082,,,,,,,165.373,828.758,0.996999979019165
4681,891.122,1785.174,0.9829999804496765,859.359,1723.876,0.7020000219345093,859.702,1707.941,0.09600000083446503,,,,165.716,829.154,0.9919999837875366
4682,891.325,1785.153,0.9779999852180481,859.894,1725.021,0.9390000104904175,859.792,1707.941,0.1420000046491623,,,,165.716,829.154,0.9639999866485596
4683,891.469,1785.006,0.9950000047683716,859.591,1731.016,0.968999981880188,859.792,1707.953,0.024000000208616257,,,,165.373,834.154,0.9660000205039978
4684,891.469,1785.006,0.9959999918937683,859.894,1731.709,0.9909999966621399,868.113,1707.953,0.05000000074505806,,,,165.224,834.154,0.9779999852180481
4685,891.325,1785.006,0.9959999918937683,860.675,1731.709,0.9620000123977661,868.251,1707.978,0.029999999329447746,,,,165.139,834.685,0.9869999885559082
4686,883.543,1785.006,0.9259999990463257,860.675,1731.016,0.9990000128746033,868.327,1708.017,0.06800000369548798,,,,164.835,834.685,0.9900000095367432
4687,883.543,1784.877,0.9340000152587891,860.346,1729.684,0.9990000128746033,868.327,1716.839,0.03500000014901161,,,,164.835,834.154,0.9869999885559082
4688,883.543,1668.25,0.9900000095367432,861.082,1727.955,0.9990000128746033,,,,,,,164.609,829.019,0.9919999837875366
4689,883.543,1668.25,0.9829999804496765,860.689,1727.473,0.9950000047683716,,,,,,,164.492,829.055,0.968999981880188
4690,885.205,1668.25,0.9950000047683716,860.689,1727.084,0.9990000128746033,,,,,,,163.753,829.055,0.9789999723434448
4691,889.992,1668.46,0.9520000219345093,860.689,1727.084,0.9929999709129333,,,,,,,163.62,829.055,0.984000027179718
4692,889.992,1675.577,0.968999981880188,860.689,1725.474,0.9940000176429749,,,,,,,163.62,835.571,0.968999981880188
4693,859.535,1755.848,0.9819999933242798,860.689,1725.474,0.9679999947547913,,,,,,,163.62,835.706,0.9639999866485596
4694,889.992,1675.577,0.8709999918937683,865.002,1725.273,0.8309999704360962,875.244,1715.632,0.02500000037252903,,,,163.866,835.706,0.9449999928474426
4695,845.436,1755.848,0.9480000138282776,860.365,1725.273,0.9340000152587891,875.411,1715.788,0.03999999910593033,,,,164.024,835.571,0.8389999866485596
4696,845.436,1755.848,0.9020000100135803,860.365,1725.067,0.9879999756813049,,,,,,,164.324,834.859,0.9259999990463257
4697,891.172,1755.848,0.7850000262260437,860.365,1715.51,0.9440000057220459,,,,,,,164.324,828.303,0.9279999732971191
4698,891.387,1755.991,0.718999981880188,859.989,1715.51,0.7829999923706055,,,,,,,164.324,828.303,0.9100000262260437
4699,891.874,1785.271,0.8339999914169312,859.865,1715.211,0.8759999871253967,,,,,,,163.504,834.859,0.8999999761581421
4700,891.874,1785.271,0.9020000100135803,859.806,1714.924,0.3269999921321869,,,,,,,163.504,834.76,0.8289999961853027
4701,891.874,1785.271,0.9670000076293945,859.806,1715.51,0.13600000739097595,,,,,,,163.504,834.76,0.9570000171661377
4702,891.404,1785.243,0.9860000014305115,859.865,1715.607,0.10100000351667404,,,,,,,164.073,834.76,0.953000009059906
4703,891.287,1785.243,0.9869999885559082,891.728,1747.681,0.1420000046491623,,,,,,,171.881,829.174,0.9559999704360962
4704,891.093,1785.243,0.9959999918937683,891.728,1747.681,0.5830000042915344,,,,,,,171.929,828.989,0.9639999866485596
4705,890.943,1785.399,0.996999979019165,891.728,1756.336,0.5730000138282776,,,,,,,171.929,828.794,0.9739999771118164
4706,890.729,1785.752,0.9810000061988831,883.415,1756.336,0.4169999957084656,891.587,1707.731,0.026000000536441803,,,,171.929,828.794,0.9559999704360962
4707,890.729,1786.045,0.9919999837875366,867.49,1724.147,0.32199999690055847,,,,,,,165.166,828.376,0.9769999980926514
4708,890.729,1786.423,0.9739999771118164,867.49,1724.147,0.28700000047683716,891.54,1700.013,0.024000000208616257,,,,165.166,828.299,0.9850000143051147
4709,891.334,1786.423,0.7990000247955322,883.415,1756.403,0.5239999890327454,891.61,1707.893,0.028999999165534973,,,,165.166,828.23,0.9850000143051147
4710,891.334,1786.423,0.8640000224113464,884.389,1756.289,0.5299999713897705,,,,,,,171.767,828.188,0.9330000281333923
4711,891.334,1786.423,0.8420000076293945,884.642,1756.81,0.7820000052452087,,,,,,,171.767,828.188,0.8970000147819519
4712,891.265,1786.423,0.5879999995231628,884.7,1756.955,0.7979999780654907,,,,,,,171.768,827.928,0.9539999961853027
4713,891.265,1786.549,0.8980000019073486,884.7,1763.303,0.9539999961853027,,,,,,,171.768,827.928,0.9789999723434448
4714,891.265,1786.549,0.9179999828338623,884.642,1763.303,0.871999979019165,,,,,,,171.854,828.035,0.9580000042915344
4715,891.27,1786.549,0.7599999904632568,884.524,1763.303,0.8159999847412109,,,,,,,171.987,828.551,0.9430000185966492
4716,891.27,1786.175,0.9079999923706055,867.851,1724.555,0.6349999904632568,,,,,,,172.302,828.766,0.9869999885559082
4717,891.411,1786.175,0.8970000147819519,867.064,1716.32,0.6970000267028809,875.43,1707.731,0.03400000184774399,891.297,1699.053,0.014999999664723873,883.489,1683.728,0.9879999756813049
4718,891.439,1786.175,0.9419999718666077,866.761,1715.939,0.7870000004768372,875.501,1707.739,0.05299999937415123,891.527,1699.13,0.03400000184774399,883.489,1683.728,0.9900000095367432
4719,891.484,1786.308,0.9120000004768372,866.627,1715.739,0.9139999747276306,875.53,1707.759,0.10899999737739563,891.573,1699.25,0.061000000685453415,883.489,1683.728,0.9900000095367432
4720,891.411,1786.308,0.7509999871253967,866.587,1715.734,0.8870000243186951,875.659,1707.759,0.02800000086426735,,,,883.489,1684.256,0.9860000014305115
4721,891.581,1786.781,0.43799999356269836,866.587,1715.734,0.7720000147819519,875.662,1707.834,0.05900000035762787,891.607,1699.408,0.023000000044703484,884.236,1684.147,0.9879999756813049
4722,891.601,1786.781,0.7120000123977661,866.587,1715.734,0.9520000219345093,875.682,1707.858,0.050999999046325684,,,,171.522,834.677,0.9940000176429749
4723,891.601,1786.601,0.6539999842643738,866.587,1716.18,0.9440000057220459,875.722,1707.869,0.029999999329447746,,,,171.58,834.677,0.9869999885559082
4724,891.697,1786.435,0.75,866.587,1716.207,0.9200000166893005,884.058,1707.904,0.03999999910593033,,,,172.622,834.235,0.9879999756813049
4725,891.751,1786.439,0.4699999988079071,867.196,1716.456,0.4180000126361847,884.091,1717.0,0.01899999938905239,,,,171.58,834.068,0.9940000176429749
4726,891.751,1786.439,0.6430000066757202,884.379,1756.203,0.6959999799728394,,,,,,,171.58,829.198,0.9810000061988831
4727,891.751,1786.54,0.7020000219345093,890.999,1756.203,0.6269999742507935,,,,,,,172.437,829.096,0.9919999837875366
4728,891.751,1786.54,0.8949999809265137,891.002,1756.424,0.7590000033378601,,,,,,,172.437,828.95,0.9890000224113464
4729,891.275,1786.56,0.9700000286102295,891.219,1756.543,0.8700000047683716,,,,,,,172.209,828.805,0.9919999837875366
4730,891.275,1786.56,0.8690000176429749,891.219,1756.543,0.3799999952316284,,,,,,,172.209,828.677,0.9860000014305115
4731,891.025,1786.54,0.9290000200271606,891.219,1755.922,0.2549999952316284,,,,,,,172.022,828.61,0.9190000295639038
4732,885.307,1786.56,0.9359999895095825,859.947,1715.984,0.26100000739097595,,,,,,,172.022,828.61,0.9739999771118164
4733,885.307,1786.56,0.7760000228881836,859.947,1715.984,0.1080000028014183,,,,,,,171.908,828.348,0.9810000061988831
4734,884.567,1786.667,0.6769999861717224,859.947,1715.984,0.10400000214576721,,,,,,,172.022,828.677,0.953000009059906
4735,884.355,1787.001,0.8230000138282776,891.421,1755.843,0.03400000184774399,,,,,,,172.056,828.701,0.9589999914169312
4736,884.517,1795.253,0.49300000071525574,891.654,1755.868,0.04600000008940697,,,,,,,172.056,828.701,0.9890000224113464
4737,884.355,1795.332,0.7620000243186951,891.654,1755.868,0.04500000178813934,,,,,,,172.022,828.633,0.9810000061988831
4738,884.162,1795.253,0.9449999928474426,891.421,1755.869,0.08100000023841858,,,,,,,172.022,828.633,0.9819999933242798
4739,883.866,1795.253,0.921999990940094,882.992,1755.999,0.04399999976158142,,,,,,,172.015,828.357,0.9520000219345093
4740,883.866,1795.253,0.9160000085830688,882.992,1756.299,0.1340000033378601,,,,,,,171.877,828.045,0.9409999847412109
4741,883.866,1795.332,0.9070000052452087,882.795,1764.029,0.10700000077486038,,,,,,,171.877,827.875,0.9039999842643738
4742,884.035,1795.678,0.8109999895095825,882.795,1764.029,0.08100000023841858,,,,,,,171.877,827.875,0.9110000133514404
4743,884.038,1795.678,0.7620000243186951,882.795,1763.845,0.11299999803304672,,,,,,,171.877,827.875,0.9639999866485596
4744,884.038,1795.678,0.8309999704360962,882.936,1763.761,0.2160000056028366,,,,,,,172.324,828.508,0.9800000190734863
4745,884.037,1795.259,0.9580000042915344,882.936,1763.761,0.3179999887943268,,,,,,,172.324,828.508,0.9940000176429749
4746,884.037,1786.816,0.8730000257492065,883.027,1763.755,0.07699999958276749,,,,,,,172.324,828.508,0.9879999756813049
4747,883.599,1786.552,0.8199999928474426,883.187,1763.63,0.07500000298023224,,,,,,,172.288,829.06,0.9779999852180481
4748,883.537,1786.335,0.9330000281333923,883.027,1756.733,0.11999999731779099,,,,,,,172.288,829.064,0.9800000190734863
4749,883.537,1786.056,0.9570000171661377,883.027,1756.709,0.07800000160932541,,,,,,,172.288,829.17,0.9779999852180481
4750,883.072,1785.657,0.9769999980926514,883.652,1716.503,0.061000000685453415,,,,,,,889.734,1675.772,0.9829999804496765
4751,883.072,1785.57,0.9210000038146973,883.438,1716.503,0.09300000220537186,,,,,,,889.821,1675.772,0.9940000176429749
4752,882.931,1785.57,0.9559999704360962,883.438,1716.503,0.029999999329447746,,,,,,,890.062,1675.772,0.9909999966621399
4753,882.931,1785.235,0.9789999723434448,883.668,1740.499,0.05700000002980232,,,,,,,890.062,1675.741,0.9909999966621399
4754,882.881,1785.062,0.9800000190734863,883.686,1740.499,0.10300000011920929,,,,,,,890.062,1675.741,0.9900000095367432
4755,882.624,1785.062,0.9900000095367432,883.686,1748.21,0.08100000023841858,,,,,,,889.941,1675.741,0.9869999885559082
4756,882.624,1784.944,0.9869999885559082,883.686,1748.21,0.22200000286102295,,,,,,,889.932,1675.757,0.9959999918937683
4757,882.624,1784.624,0.968999981880188,883.686,1748.801,0.0560000017285347,,,,,,,889.889,1675.757,0.9919999837875366
4758,883.391,1784.423,0.9940000176429749,883.556,1756.441,0.09000000357627869,,,,,,,889.533,1675.757,0.9990000128746033
4759,883.508,1784.423,0.996999979019165,883.465,1756.457,0.3230000138282776,,,,,,,885.328,1675.404,0.9879999756813049
4760,883.508,1784.423,0.9940000176429749,883.238,1756.457,0.2619999945163727,,,,,,,885.088,1668.57,0.9890000224113464
4761,883.508,1785.391,0.9919999837875366,883.167,1756.441,0.11599999666213989,,,,,,,884.662,1667.24,0.9919999837875366
4762,883.471,1785.391,0.9929999709129333,883.167,1756.441,0.14100000262260437,,,,,,,171.879,828.122,0.9589999914169312
4763,883.471,1785.391,0.9950000047683716,883.238,1756.304,0.19900000095367432,,,,,,,171.879,828.122,0.9779999852180481
4764,883.031,1785.113,0.9909999966621399,883.345,1756.304,0.18799999356269836,,,,,,,171.739,828.122,0.9860000014305115
4765,883.02,1785.113,0.9819999933242798,883.487,1756.304,0.3019999861717224,,,,,,,171.739,834.888,0.953000009059906
4766,883.031,1784.991,0.9909999966621399,883.487,1756.544,0.7160000205039978,,,,,,,171.721,834.984,0.9190000295639038
4767,883.541,1785.113,0.9879999756813049,883.531,1756.728,0.4129999876022339,,,,,,,171.721,834.984,0.9179999828338623
4768,882.77,1785.23,0.9950000047683716,883.531,1756.728,0.800000011920929,,,,,,,171.721,834.888,0.8659999966621399
4769,882.77,1785.23,0.9980000257492065,883.539,1756.653,0.9559999704360962,,,,,,,172.088,834.888,0.9010000228881836
4770,881.934,1784.936,0.9900000095367432,883.531,1756.653,0.9409999847412109,,,,,,,172.218,828.549,0.9660000205039978
4771,881.934,1784.896,0.9959999918937683,883.531,1756.653,0.9359999895095825,,,,,,,172.218,828.464,0.9729999899864197
4772,881.934,1784.896,0.9940000176429749,883.503,1756.633,0.890999972820282,,,,,,,172.218,828.464,0.9810000061988831
4773,882.493,1784.896,0.9919999837875366,883.503,1756.529,0.8510000109672546,,,,,,,172.141,828.268,0.9539999961853027
4774,882.651,1785.394,0.9800000190734863,883.503,1756.253,0.9879999756813049,,,,,,,172.141,828.268,0.9919999837875366
4775,883.227,1785.559,0.9509999752044678,883.788,1756.253,0.972000002861023,,,,,,,172.141,828.854,0.9440000057220459
4776,883.227,1785.596,0.9739999771118164,884.145,1756.253,0.9459999799728394,,,,891.617,1675.341,0.04800000041723251,171.936,828.988,0.9539999961853027
4777,883.227,1785.609,0.9710000157356262,884.169,1756.28,0.9409999847412109,,,,891.745,1675.709,0.05400000140070915,171.936,828.988,0.9430000185966492
4778,883.187,1785.682,0.9800000190734863,884.26,1756.28,0.9739999771118164,,,,891.833,1675.79,0.0820000022649765,171.258,833.951,0.859000027179718
4779,882.977,1785.682,0.9890000224113464,884.169,1756.393,0.9539999961853027,891.236,1731.741,0.02800000086426735,,,,171.258,834.247,0.9490000009536743
4780,882.977,1786.06,0.9660000205039978,884.169,1756.28,0.9169999957084656,,,,,,,171.08,834.341,0.9900000095367432
4781,883.187,1785.682,0.9739999771118164,884.169,1756.118,0.8100000023841858,,,,,,,166.54,834.341,0.9580000042915344
4782,883.405,1785.295,0.9769999980926514,884.134,1749.057,0.8360000252723694,,,,,,,166.153,834.247,0.9929999709129333
4783,884.551,1781.379,0.9869999885559082,883.869,1748.864,0.8949999809265137,891.081,1724.016,0.03700000047683716,,,,166.153,834.354,0.9959999918937683
4784,885.143,1781.379,0.9819999933242798,883.869,1748.864,0.8330000042915344,891.256,1724.029,0.041999999433755875,,,,166.031,834.696,0.9900000095367432
4785,885.143,1781.379,0.972000002861023,883.869,1748.864,0.628000020980835,,,,,,,166.031,834.696,0.9810000061988831
4786,885.143,1786.234,0.9160000085830688,883.535,1748.621,0.36000001430511475,,,,,,,166.153,834.247,0.9679999947547913
4787,884.928,1786.234,0.8859999775886536,883.307,1748.208,0.2199999988079071,,,,,,,170.681,834.247,0.9440000057220459
4788,883.68,1786.234,0.8349999785423279,883.307,1748.364,0.20999999344348907,,,,,,,171.629,828.534,0.9350000023841858
4789,883.68,1786.234,0.9240000247955322,883.307,1748.258,0.03700000047683716,,,,,,,171.684,828.492,0.9430000185966492
4790,883.68,1786.234,0.8519999980926514,883.373,1748.258,0.03999999910593033,,,,,,,171.684,828.302,0.9559999704360962
4791,884.714,1786.192,0.7960000038146973,883.378,1748.258,0.029999999329447746,,,,,,,171.684,828.252,0.8899999856948853
4792,885.155,1786.192,0.9160000085830688,883.566,1748.258,0.18400000035762787,,,,,,,171.684,828.252,0.8700000047683716
4793,891.814,1780.227,0.9079999923706055,883.566,1748.258,0.07500000298023224,,,,,,,171.634,828.252,0.8930000066757202
4794,891.889,1780.151,0.8600000143051147,883.604,1748.322,0.14900000393390656,,,,,,,171.634,828.34,0.859000027179718
4795,891.889,1780.151,0.7009999752044678,883.626,1748.81,0.11699999868869781,,,,,,,171.634,828.34,0.8640000224113464
4796,891.889,1780.227,0.6819999814033508,883.626,1748.81,0.15399999916553497,,,,,,,171.768,828.34,0.9169999957084656
4797,884.495,1780.537,0.7720000147819519,891.184,1748.81,0.13199999928474426,,,,,,,171.803,828.517,0.8389999866485596
4798,884.111,1786.362,0.7789999842643738,891.184,1748.104,0.03500000014901161,,,,,,,171.803,828.517,0.9169999957084656
4799,883.958,1786.386,0.9229999780654907,891.184,1747.989,0.257999986410141,,,,,,,171.803,828.382,0.8799999952316284
4800,884.108,1786.453,0.8500000238418579,883.703,1724.341,0.0989999994635582,,,,,,,171.803,828.517,0.8859999775886536
4801,884.108,1786.54,0.828000009059906,883.702,1724.341,0.14000000059604645,,,,,,,171.807,828.594,0.8629999756813049
4802,884.108,1786.54,0.8029999732971191,883.652,1724.341,0.0689999982714653,,,,,,,171.807,834.473,0.9660000205039978
4803,884.276,1786.54,0.8270000219345093,883.652,1756.502,0.03700000047683716,,,,,,,171.807,828.594,0.9200000166893005
4804,884.276,1786.218,0.8790000081062317,883.702,1756.502,0.05999999865889549,,,,,,,165.184,828.594,0.8799999952316284
4805,884.388,1786.108,0.9150000214576721,883.771,1756.502,0.07800000160932541,,,,,,,171.453,828.085,0.9309999942779541
4806,884.436,1786.024,0.9409999847412109,891.735,1724.421,0.04800000041723251,,,,,,,171.453,827.772,0.8859999775886536
4807,884.388,1786.024,0.9430000185966492,891.86,1724.403,0.2800000011920929,891.389,1724.114,0.052000001072883606,,,,171.453,827.772,0.8209999799728394
4808,883.729,1786.024,0.9160000085830688,891.919,1724.403,0.11100000143051147,,,,,,,171.653,827.699,0.859000027179718
4809,883.822,1786.169,0.8880000114440918,892.065,1724.421,0.06700000166893005,,,,,,,171.653,827.699,0.8690000176429749
4810,883.729,1786.181,0.7440000176429749,,,,,,,,,,171.653,828.006,0.8349999785423279
4811,883.635,1786.343,0.8569999933242798,,,,,,,,,,170.624,834.721,0.9649999737739563
4812,883.635,1786.516,0.9369999766349792,883.216,1763.785,0.017999999225139618,,,,,,,170.624,834.721,0.9819999933242798
4813,883.606,1786.362,0.875,883.225,1763.886,0.028999999165534973,,,,,,,170.624,835.125,0.8450000286102295
4814,883.172,1786.475,0.8799999952316284,883.437,1764.148,0.026000000536441803,,,,,,,170.624,835.698,0.7590000033378601
4815,882.881,1786.475,0.9589999914169312,,,,,,,,,,170.624,835.698,0.9330000281333923
4816,883.081,1786.362,0.9369999766349792,,,,,,,,,,171.074,835.262,0.9760000109672546
4817,883.081,1786.287,0.8759999871253967,891.824,1724.01,0.03400000184774399,,,,,,,165.204,835.462,0.9559999704360962
4818,883.081,1786.132,0.8569999933242798,,,,,,,,,,165.103,835.462,0.9660000205039978
4819,883.562,1786.132,0.9350000023841858,,,,,,,,,,164.854,835.462,0.9750000238418579
4820,883.625,1786.132,0.9259999990463257,,,,,,,,,,164.854,835.909,0.968999981880188
4821,883.625,1786.112,0.9610000252723694,,,,,,,,,,164.854,836.001,0.9789999723434448
4822,883.625,1786.041,0.9739999771118164,891.779,1724.051,0.03799999877810478,,,,,,,165.231,836.102,0.9710000157356262
4823,884.133,1786.041,0.972000002861023,891.79,1724.061,0.0430000014603138,,,,,,,165.231,836.23,0.9909999966621399
4824,884.133,1785.99,0.949999988079071,891.884,1724.166,0.04800000041723251,,,,,,,165.231,836.102,0.9869999885559082
4825,884.133,1785.724,0.8970000147819519,,,,,,,,,,165.13,836.102,0.9769999980926514
4826,884.133,1785.724,0.9480000138282776,,,,,,,,,,165.13,835.602,0.9810000061988831
4827,884.133,1785.829,0.9850000143051147,,,,,,,,,,165.13,835.256,0.972000002861023
4828,883.051,1785.367,0.9769999980926514,883.3,1764.411,0.020999999716877937,,,,,,,165.13,835.256,0.9470000267028809
4829,882.802,1784.767,0.8199999928474426,,,,,,,,,,165.13,835.584,0.9789999723434448
4830,882.586,1754.797,0.9190000295639038,891.708,1715.901,0.07000000029802322,,,,,,,165.017,835.162,0.9369999766349792
4831,881.772,1754.797,0.9309999942779541,891.745,1715.901,0.10100000351667404,,,,,,,165.017,835.584,0.9139999747276306
4832,879.614,1754.797,0.8059999942779541,891.745,1724.314,0.15000000596046448,,,,,,,165.017,835.584,0.9380000233650208
4833,881.772,1785.911,0.9350000023841858,891.708,1724.318,0.3720000088214874,,,,,,,165.57,835.008,0.9350000023841858
4834,882.586,1785.911,0.9449999928474426,891.708,1716.083,0.10999999940395355,,,,,,,165.706,834.847,0.9750000238418579
4835,882.469,1785.911,0.8259999752044678,891.638,1716.504,0.027000000700354576,,,,,,,165.914,834.847,0.9589999914169312
4836,882.469,1785.818,0.9670000076293945,891.327,1716.504,0.0949999988079071,,,,,,,165.706,834.847,0.9739999771118164
4837,882.469,1748.606,0.9800000190734863,891.327,1716.083,0.5619999766349792,890.979,1691.939,0.052000001072883606,,,,165.57,834.847,0.9620000123977661
4838,882.174,1748.606,0.9919999837875366,891.638,1708.427,0.5920000076293945,890.979,1699.611,0.11400000005960464,,,,165.292,834.59,0.9869999885559082
4839,881.56,1748.606,0.996999979019165,891.638,1708.39,0.722000002861023,891.061,1699.689,0.5550000071525574,,,,165.194,834.59,0.9890000224113464
4840,881.47,1782.611,0.9710000157356262,890.322,1708.39,0.7319999933242798,891.169,1699.689,0.46399998664855957,,,,165.194,834.701,0.9739999771118164
4841,881.47,1786.045,0.9670000076293945,891.765,1708.39,0.5690000057220459,891.188,1700.337,0.06800000369548798,,,,165.292,834.609,0.984000027179718
4842,882.174,1786.045,0.9679999947547913,891.782,1755.773,0.06599999964237213,,,,,,,165.853,834.701,0.9850000143051147
4843,882.75,1786.045,0.9919999837875366,,,,,,,,,,165.991,834.786,0.9879999756813049
4844,883.942,1746.538,0.9470000267028809,891.799,1707.843,0.07199999690055847,,,,,,,165.999,834.95,0.9559999704360962
4845,883.942,1746.538,0.9819999933242798,891.799,1708.079,0.6859999895095825,890.756,1699.988,0.10499999672174454,,,,891.314,1611.96,0.9800000190734863
4846,883.942,1746.538,0.9700000286102295,891.809,1708.12,0.6660000085830688,890.867,1700.053,0.12600000202655792,,,,891.802,1612.181,0.984000027179718
4847,882.818,1755.063,0.9010000228881836,891.853,1708.12,0.6039999723434448,890.933,1700.053,0.08100000023841858,,,,892.11,1612.344,0.949999988079071
4848,876.822,1781.717,0.9760000109672546,891.853,1708.199,0.7009999752044678,891.077,1700.233,0.052000001072883606,,,,892.165,1617.986,0.9559999704360962
4849,876.822,1785.583,0.9929999709129333,907.481,1708.247,0.05999999865889549,907.583,1700.285,0.18400000035762787,,,,892.165,1618.485,0.8870000243186951
4850,876.822,1785.583,0.9660000205039978,,,,,,,891.984,1628.057,0.07400000095367432,892.238,1618.6,0.9850000143051147
4851,881.903,1785.583,0.9679999947547913,,,,,,,,,,892.165,1618.485,0.9480000138282776
4852,882.158,1771.855,0.023000000044703484,884.251,1700.94,0.03700000047683716,,,,,,,892.058,1617.986,0.8579999804496765
4853,882.158,1764.627,0.9210000038146973,885.177,1706.373,0.7839999794960022,884.256,1691.749,0.42500001192092896,899.582,1628.003,0.03700000047683716,892.058,1618.6,0.7639999985694885
4854,883.054,1754.239,0.9800000190734863,890.384,1706.373,0.9980000257492065,884.256,1691.749,0.9589999914169312,899.792,1635.471,0.06300000101327896,891.391,1611.064,0.9300000071525574
4855,882.561,1740.731,0.9819999933242798,886.295,1706.373,0.9869999885559082,884.325,1691.851,0.9240000247955322,899.872,1635.505,0.050999999046325684,171.586,835.081,0.9919999837875366
4856,882.561,1740.731,0.6899999976158142,890.384,1706.373,0.9430000185966492,884.892,1691.851,0.28999999165534973,,,,170.794,835.081,0.9049999713897705
4857,883.054,1740.595,0.8960000276565552,890.908,1701.545,0.9940000176429749,884.892,1691.985,0.6480000019073486,,,,170.794,834.813,0.9290000200271606
4858,891.556,1721.703,0.17900000512599945,891.988,1692.194,0.09700000286102295,,,,,,,170.794,834.813,0.9150000214576721
4859,891.984,1721.703,0.984000027179718,891.988,1692.194,0.3569999933242798,,,,,,,170.794,835.15,0.9240000247955322
4860,891.984,1721.703,0.9900000095367432,891.988,1692.194,0.5230000019073486,881.847,1683.825,0.10400000214576721,,,,891.846,1620.372,0.9150000214576721
4861,891.556,1725.571,1.0,890.409,1699.702,0.9890000224113464,882.272,1683.825,0.8640000224113464,,,,891.846,1620.372,0.9380000233650208
4862,884.856,1757.674,0.9990000128746033,885.78,1709.441,1.0,882.272,1683.825,0.9990000128746033,883.005,1675.888,0.09600000083446503,891.846,1620.372,0.9760000109672546
4863,877.102,1771.655,0.9929999709129333,884.843,1715.82,0.9990000128746033,882.272,1683.181,0.9940000176429749,883.591,1676.01,0.03099999949336052,164.558,834.639,0.9829999804496765
4864,876.754,1771.655,0.9990000128746033,883.196,1716.969,1.0,882.272,1683.181,0.9980000257492065,883.591,1676.01,0.06499999761581421,164.558,834.639,0.9490000009536743
4865,876.754,1771.655,1.0,883.196,1716.969,0.9990000128746033,882.803,1683.181,0.9980000257492065,885.123,1676.01,0.032999999821186066,164.558,834.639,0.9779999852180481
4866,876.754,1763.949,1.0,883.68,1716.969,1.0,882.856,1684.022,1.0,883.803,1675.839,0.08100000023841858,893.074,1601.796,0.9980000257492065
4867,876.754,1763.949,1.0,883.044,1716.969,1.0,883.802,1684.022,1.0,885.533,1675.655,0.27799999713897705,893.074,1603.394,0.9990000128746033
4868,876.754,1763.949,1.0,883.044,1716.969,1.0,883.802,1684.022,1.0,883.803,1675.655,0.07900000363588333,893.074,1603.433,0.9990000128746033
4869,876.723,1764.447,1.0,883.68,1717.127,1.0,883.802,1683.374,1.0,890.784,1627.517,0.057999998331069946,892.928,1604.006,0.9850000143051147
4870,876.387,1769.43,0.9990000128746033,883.68,1717.547,1.0,882.857,1683.19,1.0,890.897,1627.517,0.08799999952316284,892.9,1604.006,0.9909999966621399
4871,876.387,1779.945,0.9990000128746033,882.886,1719.98,1.0,882.604,1683.19,0.9890000224113464,890.897,1620.941,0.05000000074505806,892.9,1604.006,0.9980000257492065
4872,875.015,1779.945,0.9990000128746033,882.479,1720.396,0.9990000128746033,882.604,1683.19,0.9959999918937683,890.632,1620.17,0.14399999380111694,892.9,1604.006,0.9940000176429749
4873,876.387,1782.825,0.9980000257492065,882.391,1723.598,0.996999979019165,882.604,1683.045,0.9980000257492065,890.811,1620.115,0.531000018119812,892.928,1604.006,0.984000027179718
4874,876.754,1782.825,0.9990000128746033,881.486,1723.598,0.9980000257492065,882.439,1682.287,0.9950000047683716,890.632,1620.17,0.23600000143051147,892.943,1611.746,0.871999979019165
4875,876.812,1781.441,0.9990000128746033,875.715,1723.598,0.9879999756813049,880.668,1676.524,0.9869999885559082,890.523,1620.532,0.08100000023841858,893.162,1612.008,0.9470000267028809
4876,876.812,1776.422,0.9959999918937683,875.715,1708.254,0.9190000295639038,880.668,1676.502,0.9929999709129333,890.38,1620.173,0.574999988079071,892.961,1612.33,0.9779999852180481
4877,876.812,1771.904,0.6470000147819519,875.533,1708.254,0.996999979019165,877.492,1676.478,0.9890000224113464,890.38,1620.173,0.6140000224113464,893.198,1612.33,0.9679999947547913
4878,874.609,1771.711,0.9990000128746033,875.533,1700.433,0.9459999799728394,877.492,1676.429,0.9729999899864197,890.38,1620.186,0.6290000081062317,893.198,1612.33,0.9480000138282776
4879,874.054,1771.711,0.9929999709129333,876.073,1700.433,0.052000001072883606,881.171,1676.429,0.8809999823570251,890.623,1620.173,0.34299999475479126,892.963,1612.037,0.9950000047683716
4880,868.906,1771.711,0.9900000095367432,876.204,1699.783,0.9490000009536743,883.536,1676.393,0.9739999771118164,890.623,1620.173,0.1469999998807907,892.961,1611.773,0.9490000009536743
4881,874.054,1771.711,0.9860000014305115,882.107,1699.482,0.9629999995231628,883.819,1676.393,0.9779999852180481,890.623,1620.186,0.10300000011920929,892.276,1604.203,0.972000002861023
4882,868.906,1752.214,0.9160000085830688,882.107,1699.482,0.9890000224113464,884.38,1676.362,0.9950000047683716,890.972,1620.472,0.14100000262260437,892.276,1604.319,0.9430000185966492
4883,865.374,1746.878,0.972000002861023,876.204,1699.482,0.9980000257492065,884.627,1676.362,0.9990000128746033,890.972,1627.322,0.22499999403953552,892.26,1604.203,0.9340000152587891
4884,868.906,1746.878,0.9990000128746033,876.204,1710.891,0.8140000104904175,884.627,1676.453,0.9539999961853027,890.931,1627.322,0.28600001335144043,892.26,1604.07,0.968999981880188
4885,867.738,1752.214,0.9110000133514404,881.502,1710.891,0.9959999918937683,886.012,1676.453,0.9980000257492065,890.972,1620.472,0.24300000071525574,892.26,1603.783,0.972000002861023
4886,866.977,1771.567,0.31700000166893005,881.502,1710.891,0.9990000128746033,886.27,1676.362,0.9929999709129333,890.972,1620.472,0.49900001287460327,892.26,1603.798,0.9789999723434448
4887,866.977,1779.411,0.9259999990463257,882.986,1700.261,0.9980000257492065,886.284,1676.152,0.9990000128746033,891.112,1627.322,0.15299999713897705,892.134,1603.798,0.8849999904632568
4888,867.738,1779.411,0.9269999861717224,883.062,1700.127,0.9900000095367432,890.5,1676.14,0.9900000095367432,891.112,1619.92,0.11999999731779099,892.134,1603.798,0.9610000252723694
4889,867.738,1779.411,0.9279999732971191,883.203,1699.924,0.9480000138282776,890.5,1675.888,0.9940000176429749,891.112,1619.969,0.10100000351667404,891.994,1603.798,0.9710000157356262
4890,866.977,1739.831,0.9940000176429749,883.203,1699.351,0.9919999837875366,890.601,1675.473,0.9929999709129333,890.959,1619.969,0.3310000002384186,891.9,1603.798,0.9879999756813049
4891,859.158,1739.131,0.9990000128746033,882.986,1699.081,0.9950000047683716,890.675,1675.473,0.996999979019165,890.837,1619.665,0.7490000128746033,172.034,827.913,0.9750000238418579
4892,892.013,1736.374,0.9359999895095825,883.203,1698.942,0.9990000128746033,890.675,1675.136,0.9959999918937683,890.318,1619.454,0.8519999980926514,165.537,827.913,0.9760000109672546
4893,866.216,1739.131,0.9850000143051147,883.203,1698.942,0.9980000257492065,890.675,1675.136,0.9940000176429749,890.318,1618.27,0.878000020980835,165.517,827.913,0.9860000014305115
4894,861.145,1739.831,0.578000009059906,883.545,1692.748,0.9990000128746033,890.675,1670.319,0.9990000128746033,890.318,1618.242,0.9449999928474426,165.517,828.488,0.9959999918937683
4895,861.145,1768.817,0.9319999814033508,883.545,1692.716,0.9990000128746033,890.301,1668.003,0.9990000128746033,891.134,1618.242,0.46799999475479126,165.537,828.546,0.9940000176429749
4896,866.216,1768.817,0.7400000095367432,883.545,1692.694,0.9980000257492065,884.538,1667.776,0.9900000095367432,891.134,1618.27,0.39899998903274536,172.335,829.066,0.9909999966621399
4897,866.216,1768.817,0.968999981880188,881.672,1684.438,0.9959999918937683,884.538,1666.896,0.9919999837875366,891.134,1659.48,0.03999999910593033,172.335,829.066,0.984000027179718
4898,861.145,1716.281,0.9470000267028809,880.23,1683.833,0.9990000128746033,889.477,1666.873,0.9980000257492065,884.11,1659.48,0.24699999392032623,891.711,1595.238,0.9549999833106995
4899,864.647,1716.281,0.9129999876022339,880.23,1683.833,0.9980000257492065,889.477,1666.766,0.9959999918937683,884.11,1659.505,0.1809999942779541,891.711,1595.238,0.8870000243186951
4900,864.647,1716.281,0.8209999799728394,880.23,1683.833,0.9990000128746033,890.49,1666.766,0.9980000257492065,884.11,1659.505,0.1940000057220459,172.215,828.315,0.921999990940094
4901,864.647,1736.026,0.996999979019165,880.23,1683.98,0.996999979019165,890.492,1666.766,0.9980000257492065,889.884,1659.505,0.1420000046491623,171.887,828.105,0.953000009059906
4902,864.428,1738.985,0.996999979019165,880.23,1684.6,0.9980000257492065,891.074,1665.717,0.9990000128746033,889.884,1659.366,0.3319999873638153,165.068,828.315,0.8949999809265137
4903,864.647,1738.985,0.9089999794960022,881.384,1684.6,0.9929999709129333,891.074,1665.702,0.9980000257492065,890.387,1659.368,0.593999981880188,164.837,828.315,0.9470000267028809
4904,868.35,1738.985,0.9760000109672546,881.692,1684.6,0.9950000047683716,891.074,1660.922,0.996999979019165,889.884,1658.928,0.6209999918937683,164.463,834.564,0.9369999766349792
4905,883.673,1715.781,0.9580000042915344,881.057,1678.425,0.9769999980926514,885.105,1659.475,0.9950000047683716,889.562,1658.655,0.057999998331069946,164.413,834.58,0.9639999866485596
4906,868.35,1715.781,0.9919999837875366,881.057,1678.425,0.9980000257492065,885.105,1659.475,0.9990000128746033,884.694,1653.154,0.5130000114440918,163.643,834.58,0.9779999852180481
4907,868.35,1715.781,0.9570000171661377,881.479,1678.425,0.9990000128746033,885.006,1659.421,0.9990000128746033,884.694,1652.672,0.7960000038146973,163.643,834.58,0.984000027179718
4908,866.707,1723.62,0.9940000176429749,881.479,1682.072,0.9990000128746033,885.006,1659.408,0.9990000128746033,884.694,1652.672,0.75,163.643,834.485,0.9879999756813049
4909,866.707,1733.074,0.9890000224113464,881.177,1682.927,0.9940000176429749,885.105,1659.346,0.9980000257492065,885.204,1652.482,0.1889999955892563,163.768,834.485,0.984000027179718
4910,865.815,1739.151,0.9169999957084656,881.479,1683.608,0.9800000190734863,885.006,1659.346,0.9929999709129333,890.692,1652.482,0.22200000286102295,164.27,834.485,0.9760000109672546
4911,866.189,1739.151,0.7879999876022339,882.372,1682.927,0.9950000047683716,884.495,1659.144,0.9929999709129333,890.857,1652.368,0.20399999618530273,164.531,835.044,0.9760000109672546
4912,866.189,1739.151,1.0,882.781,1682.927,0.9110000133514404,883.764,1659.144,0.9769999980926514,890.968,1651.668,0.08100000023841858,165.338,835.116,0.9570000171661377
4913,862.835,1697.868,0.8949999809265137,882.372,1676.086,0.9829999804496765,883.545,1655.42,0.9950000047683716,890.857,1651.668,0.2590000033378601,165.338,835.347,0.9279999732971191
4914,862.481,1697.256,0.9929999709129333,882.372,1676.003,0.9900000095367432,882.924,1655.223,0.9980000257492065,890.857,1651.668,0.3490000069141388,165.338,835.533,0.906000018119812
4915,862.481,1697.256,0.9929999709129333,879.125,1676.003,0.9950000047683716,882.76,1655.098,0.9990000128746033,890.702,1652.041,0.4259999990463257,165.181,835.533,0.9399999976158142
4916,862.481,1697.868,0.9990000128746033,875.6,1675.788,0.9980000257492065,882.722,1655.223,0.9980000257492065,890.55,1652.041,0.46700000762939453,165.022,835.533,0.9629999995231628
4917,866.778,1699.99,0.9729999899864197,875.523,1675.788,0.9990000128746033,882.722,1655.223,0.9990000128746033,890.55,1652.458,0.25200000405311584,164.37,835.311,0.9909999966621399
4918,866.778,1708.541,0.781000018119812,875.523,1676.227,0.9990000128746033,882.722,1655.098,0.9990000128746033,890.55,1652.458,0.3529999852180481,164.37,834.895,0.984000027179718
4919,866.778,1708.604,0.8330000042915344,875.523,1677.55,0.9990000128746033,882.722,1655.098,0.9990000128746033,885.538,1652.156,0.257999986410141,164.37,834.87,0.9879999756813049
4920,860.39,1714.125,0.9710000157356262,875.073,1679.097,0.9729999899864197,882.904,1655.667,0.9909999966621399,884.679,1652.156,0.1770000010728836,165.126,834.87,0.9879999756813049
4921,860.39,1717.287,0.9879999756813049,874.578,1680.097,0.9980000257492065,883.286,1660.242,0.9990000128746033,884.573,1652.37,0.6299999952316284,165.139,834.87,0.9769999980926514
4922,860.126,1722.006,0.9990000128746033,874.578,1681.758,1.0,883.229,1660.242,1.0,884.573,1652.365,0.5680000185966492,165.168,835.214,0.972000002861023
4923,851.8,1722.006,0.6060000061988831,874.578,1681.758,0.9980000257492065,883.286,1660.242,1.0,884.573,1652.37,0.5,891.362,1595.697,0.9470000267028809
4924,851.8,1723.914,0.9940000176429749,876.062,1683.08,0.9829999804496765,883.618,1658.979,0.9950000047683716,891.183,1652.826,0.0860000029206276,891.362,1595.697,0.984000027179718
4925,851.8,1730.564,0.9279999732971191,882.587,1681.758,0.9419999718666077,884.266,1658.885,0.9100000262260437,,,,891.362,1595.697,0.9909999966621399
4926,851.8,1730.564,0.492000013589859,883.121,1681.758,0.9509999752044678,884.383,1654.645,0.9900000095367432,891.736,1643.909,0.06800000369548798,172.284,834.961,0.9440000057220459
4927,867.291,1723.914,0.49300000071525574,883.121,1676.122,0.30399999022483826,884.383,1652.792,0.3529999852180481,,,,172.203,834.961,0.9290000200271606
4928,867.436,1692.128,0.6949999928474426,882.587,1676.083,0.1589999943971634,884.266,1652.792,0.3269999921321869,,,,171.217,834.961,0.9800000190734863
4929,867.436,1691.466,0.9980000257492065,874.309,1668.671,0.9900000095367432,882.898,1651.931,0.9399999976158142,891.722,1643.908,0.0560000017285347,170.763,834.961,0.9449999928474426
4930,867.436,1691.466,1.0,874.309,1668.671,0.9829999804496765,882.595,1651.931,0.9480000138282776,891.826,1644.006,0.11800000071525574,170.69,834.961,0.9340000152587891
4931,866.65,1691.466,0.9869999885559082,874.309,1668.671,0.9679999947547913,875.501,1651.931,0.7580000162124634,,,,170.763,834.789,0.9879999756813049
4932,866.511,1692.271,0.7910000085830688,875.337,1675.126,0.9729999899864197,875.403,1651.931,0.5270000100135803,,,,171.017,834.724,0.9869999885559082
4933,866.511,1692.271,0.49399998784065247,875.404,1675.421,0.8569999933242798,875.403,1651.896,0.3269999921321869,,,,171.017,833.565,0.9919999837875366
4934,866.65,1692.271,0.09300000220537186,875.734,1675.421,0.23999999463558197,875.457,1651.621,0.0430000014603138,,,,171.549,828.041,0.9810000061988831
4935,876.562,1668.084,0.09200000017881393,875.734,1675.421,0.4269999861717224,875.486,1651.621,0.19300000369548798,899.427,1643.615,0.03400000184774399,171.706,828.041,0.9879999756813049
4936,876.593,1668.084,0.06499999761581421,875.734,1675.36,0.07999999821186066,875.486,1651.767,0.09200000017881393,,,,171.981,828.008,0.9909999966621399
4937,876.593,1668.084,0.02199999988079071,875.549,1674.668,0.2409999966621399,875.486,1651.767,0.19699999690055847,,,,171.991,828.008,0.9919999837875366
4938,876.562,1683.644,0.06300000101327896,875.549,1674.668,0.4050000011920929,875.61,1652.047,0.6290000081062317,,,,172.045,828.008,0.9829999804496765
4939,873.99,1691.672,0.15700000524520874,875.447,1675.273,0.14300000667572021,875.61,1652.537,0.13300000131130219,,,,172.045,828.008,0.9819999933242798
4940,868.402,1753.424,0.8790000081062317,875.549,1675.273,0.12099999934434891,,,,,,,171.991,827.762,0.968999981880188
4941,868.255,1753.424,0.8240000009536743,883.95,1675.53,0.18000000715255737,,,,,,,171.841,827.759,0.9710000157356262
4942,868.056,1753.424,0.7860000133514404,,,,,,,,,,171.841,827.759,0.9190000295639038
4943,868.056,1700.191,0.04800000041723251,867.99,1675.533,0.10199999809265137,,,,,,,171.841,827.868,0.9350000023841858
4944,867.985,1700.01,0.1599999964237213,868.041,1675.956,0.7319999933242798,869.207,1660.06,0.859000027179718,,,,171.841,827.868,0.9279999732971191
4945,867.676,1692.229,0.37400001287460327,868.041,1683.388,0.9330000281333923,875.124,1660.067,0.9829999804496765,875.33,1653.3,0.1080000028014183,171.841,827.99,0.9259999990463257
4946,867.676,1697.703,0.4399999976158142,867.99,1683.388,0.9290000200271606,875.18,1660.092,0.9810000061988831,882.768,1659.848,0.5080000162124634,171.924,827.997,0.9639999866485596
4947,866.654,1697.703,0.8299999833106995,867.99,1683.388,0.7950000166893005,875.18,1660.067,0.9789999723434448,882.768,1659.952,0.49300000071525574,171.949,827.997,0.9520000219345093
4948,866.122,1692.229,0.9580000042915344,868.041,1682.778,0.9700000286102295,875.124,1660.067,0.9900000095367432,883.122,1659.986,0.7260000109672546,165.481,828.031,0.9290000200271606
4949,866.122,1692.227,0.9169999957084656,868.873,1675.741,0.9470000267028809,874.639,1660.004,0.9629999995231628,883.122,1660.024,0.2930000126361847,170.855,828.243,0.9570000171661377
4950,866.654,1692.227,0.9359999895095825,869.48,1675.711,0.6790000200271606,869.482,1659.982,0.8870000243186951,,,,171.065,828.306,0.9509999752044678
4951,866.654,1692.227,0.7310000061988831,869.48,1675.261,0.6399999856948853,868.924,1659.886,0.871999979019165,,,,170.855,833.933,0.9449999928474426
4952,866.122,1699.327,0.9120000004768372,869.355,1675.261,0.9750000238418579,868.924,1659.787,0.9879999756813049,883.612,1660.358,0.10700000077486038,170.855,833.933,0.9850000143051147
4953,867.124,1700.04,0.7730000019073486,868.873,1675.711,0.9390000104904175,869.482,1659.787,0.9879999756813049,883.622,1660.358,0.06400000303983688,171.065,833.933,0.9639999866485596
4954,861.446,1707.801,0.8820000290870667,868.16,1683.661,0.953000009059906,875.632,1659.787,0.9369999766349792,883.778,1660.358,0.03400000184774399,171.73,828.468,0.9079999923706055
4955,860.782,1716.508,0.9909999966621399,868.16,1683.661,1.0,876.105,1659.787,0.9980000257492065,883.96,1660.116,0.5130000114440918,171.73,828.272,0.9679999947547913
4956,859.811,1716.508,0.972000002861023,868.16,1683.661,0.9990000128746033,876.374,1660.131,0.9980000257492065,884.029,1660.116,0.39500001072883606,171.73,828.272,0.9129999876022339
4957,859.35,1716.788,0.9829999804496765,868.411,1683.661,0.9950000047683716,876.507,1660.131,0.996999979019165,884.409,1660.116,0.26499998569488525,165.034,828.468,0.9549999833106995
4958,859.177,1716.788,0.07400000095367432,876.012,1683.956,0.25999999046325684,883.369,1660.131,0.8610000014305115,,,,165.014,834.563,0.9559999704360962
4959,859.177,1763.849,0.23000000417232513,882.953,1684.694,0.01899999938905239,883.606,1660.131,0.15399999916553497,,,,165.014,834.563,0.9660000205039978
4960,859.394,1763.849,0.5740000009536743,882.953,1684.813,0.05000000074505806,884.176,1667.959,0.11100000143051147,,,,165.014,834.771,0.9879999756813049
4961,859.394,1763.849,0.9179999828338623,882.953,1692.08,0.8420000076293945,884.176,1668.468,0.32100000977516174,,,,165.086,834.771,0.9940000176429749
4962,860.012,1762.845,0.996999979019165,882.756,1693.651,0.8579999804496765,884.176,1668.468,0.9679999947547913,891.15,1667.323,0.019999999552965164,165.428,834.056,0.9810000061988831
4963,860.1,1762.845,0.9940000176429749,882.521,1693.941,0.7210000157356262,884.176,1667.959,0.9919999837875366,891.306,1667.323,0.06499999761581421,171.708,827.881,0.9620000123977661
4964,860.1,1762.845,0.9959999918937683,882.521,1693.941,0.8119999766349792,884.231,1667.025,0.9959999918937683,891.306,1667.323,0.04699999839067459,171.708,827.881,0.9340000152587891
4965,860.032,1763.434,0.9950000047683716,882.756,1693.779,0.9020000100135803,884.319,1666.301,0.996999979019165,891.15,1659.67,0.2150000035762787,171.708,827.881,0.9350000023841858
4966,860.032,1763.595,0.9980000257492065,882.756,1693.779,0.9549999833106995,884.993,1665.886,0.9980000257492065,890.939,1659.592,0.4309999942779541,171.708,827.868,0.9259999990463257
4967,860.065,1763.614,0.996999979019165,882.59,1693.925,0.9200000166893005,885.888,1665.886,0.9959999918937683,884.664,1659.19,0.38600000739097595,165.879,827.915,0.9679999947547913
4968,860.065,1763.614,0.9990000128746033,882.59,1693.925,0.9980000257492065,890.154,1665.886,1.0,884.627,1659.067,0.6340000033378601,165.879,827.969,0.9100000262260437
4969,860.633,1763.614,0.9980000257492065,882.491,1694.654,0.9990000128746033,890.154,1666.783,0.9990000128746033,884.627,1659.037,0.3700000047683716,171.817,827.969,0.9729999899864197
4970,863.291,1754.65,0.996999979019165,882.415,1696.393,0.9990000128746033,885.888,1667.205,0.9990000128746033,884.664,1659.037,0.5820000171661377,882.852,1595.585,0.9789999723434448
4971,865.224,1753.259,0.9990000128746033,882.415,1696.393,0.9980000257492065,885.794,1667.205,1.0,884.627,1659.037,0.3659999966621399,882.852,1595.585,0.9760000109672546
4972,866.167,1748.02,0.9990000128746033,882.415,1698.582,0.9900000095367432,885.794,1667.867,0.9990000128746033,884.729,1659.067,0.14300000667572021,882.852,1595.585,0.9779999852180481
4973,867.452,1747.147,0.9729999899864197,882.08,1699.251,0.8080000281333923,884.813,1667.867,0.9750000238418579,891.086,1659.459,0.03999999910593033,165.234,835.591,0.9919999837875366
4974,867.509,1747.147,0.9990000128746033,882.08,1699.854,0.984000027179718,884.813,1668.08,0.9570000171661377,,,,165.234,834.464,0.9879999756813049
4975,869.952,1748.02,1.0,882.007,1699.854,0.9879999756813049,883.555,1668.348,0.6679999828338623,,,,164.999,834.242,0.9610000252723694
4976,874.025,1748.349,1.0,882.007,1700.306,0.7919999957084656,891.415,1675.866,0.2669999897480011,,,,164.357,834.464,0.7990000247955322
4977,874.025,1748.349,0.996999979019165,882.007,1700.352,0.9700000286102295,891.415,1699.63,0.07599999755620956,,,,164.357,835.425,0.9139999747276306
4978,875.283,1749.056,0.3919999897480011,,,,,,,,,,164.357,835.425,0.9909999966621399
4979,876.285,1749.854,0.8539999723434448,867.455,1691.922,0.574999988079071,875.474,1669.109,0.027000000700354576,,,,164.357,835.718,0.9890000224113464
4980,884.019,1755.453,0.03500000014901161,,,,,,,,,,163.701,836.051,0.9190000295639038
4981,,,,,,,,,,,,,163.591,836.051,0.9380000233650208
4982,,,,,,,,,,,,,162.85,836.051,0.828000009059906
4983,,,,,,,,,,,,,162.85,835.434,0.9169999957084656
4984,852.311,1692.06,0.3869999945163727,859.32,1676.503,0.26899999380111694,859.142,1659.711,0.4959999918937683,,,,162.85,835.359,0.8199999928474426
4985,852.311,1692.06,0.6769999861717224,859.32,1676.503,0.9440000057220459,859.33,1659.95,0.972000002861023,867.443,1659.694,0.06300000101327896,163.176,835.281,0.7789999842643738
4986,852.549,1692.124,0.871999979019165,859.32,1682.464,0.8389999866485596,860.018,1660.214,0.8489999771118164,,,,163.86,835.159,0.777999997138977
4987,852.549,1692.4,0.5640000104904175,859.298,1682.464,0.414000004529953,859.709,1659.95,0.11299999803304672,,,,164.268,828.156,0.9459999799728394
4988,852.549,1700.313,0.5180000066757202,851.701,1684.201,0.41200000047683716,860.018,1660.214,0.07699999958276749,,,,164.268,828.156,0.9779999852180481
4989,852.549,1700.313,0.9909999966621399,851.558,1684.408,0.9100000262260437,860.069,1660.444,0.5759999752044678,,,,164.268,828.156,0.9240000247955322
4990,852.549,1700.313,0.5109999775886536,851.42,1684.408,0.22100000083446503,860.018,1660.279,0.07400000095367432,,,,164.152,834.747,0.9490000009536743
4991,851.947,1699.999,0.22100000083446503,851.42,1684.201,0.2370000034570694,859.73,1660.444,0.08100000023841858,,,,163.391,834.747,0.9359999895095825
4992,851.773,1699.683,0.7570000290870667,851.42,1684.133,0.6389999985694885,859.73,1660.558,0.9309999942779541,,,,163.292,834.747,0.9660000205039978
4993,851.378,1699.683,0.25999999046325684,851.42,1683.847,0.36899998784065247,858.745,1660.697,0.9200000166893005,,,,162.785,835.067,0.9300000071525574
4994,845.335,1699.683,0.5699999928474426,851.42,1683.702,0.5230000019073486,858.137,1666.61,0.824999988079071,,,,163.292,827.99,0.9179999828338623
4995,851.378,1699.745,0.7979999780654907,851.372,1683.702,0.8379999995231628,858.097,1666.871,0.9769999980926514,858.949,1659.561,0.06800000369548798,163.391,827.99,0.9769999980926514
4996,851.378,1708.324,0.41999998688697815,843.9,1683.702,0.8529999852180481,858.097,1667.814,0.9869999885559082,859.014,1667.47,0.20900000631809235,164.117,827.99,0.9409999847412109
4997,859.998,1769.754,0.9599999785423279,843.344,1694.429,0.9829999804496765,852.792,1668.727,0.9990000128746033,859.351,1667.511,0.2669999897480011,164.19,827.99,0.9789999723434448
4998,859.998,1770.485,0.8299999833106995,842.076,1702.242,1.0,851.595,1668.727,1.0,859.014,1667.511,0.23100000619888306,164.436,827.949,0.8920000195503235
4999,859.998,1770.485,0.9409999847412109,841.39,1702.409,0.9990000128746033,850.51,1668.817,1.0,859.014,1667.65,0.20399999618530273,164.436,827.949,0.9350000023841858
5000,853.127,1769.754,0.7929999828338623,835.707,1702.409,1.0,850.011,1668.727,0.9980000257492065,853.211,1667.958,0.07000000029802322,164.552,827.949,0.9359999895095825
5001,852.651,1763.374,0.8949999809265137,835.692,1702.242,1.0,849.087,1667.898,0.9430000185966492,853.169,1668.315,0.0430000014603138,164.552,828.029,0.9580000042915344
5002,852.306,1753.798,0.9879999756813049,830.25,1697.561,1.0,843.169,1667.898,0.9710000157356262,852.838,1668.315,0.0860000029206276,164.28,828.132,0.9200000166893005
5003,851.653,1753.432,0.8109999895095825,828.877,1697.126,1.0,842.985,1667.962,0.968999981880188,852.247,1668.315,0.07100000232458115,164.091,834.746,0.9279999732971191
5004,851.179,1753.027,0.9369999766349792,827.449,1694.242,0.9990000128746033,842.587,1667.962,0.9520000219345093,852.247,1668.315,0.10700000077486038,163.604,834.746,0.8500000238418579
5005,837.575,1739.824,0.9990000128746033,823.083,1694.176,1.0,835.925,1668.396,0.9739999771118164,852.247,1668.315,0.039000000804662704,163.542,834.906,0.9670000076293945
5006,836.915,1739.824,1.0,818.931,1694.176,0.996999979019165,835.391,1668.396,0.7070000171661377,,,,163.542,834.906,0.8560000061988831
5007,836.888,1739.824,1.0,818.446,1694.242,0.9990000128746033,834.741,1668.396,0.9810000061988831,836.274,1666.639,0.07100000232458115,163.604,834.746,0.9229999780654907
5008,836.379,1742.336,0.9990000128746033,815.985,1694.276,0.9990000128746033,827.845,1668.62,0.9649999737739563,843.209,1667.259,0.10499999672174454,163.542,835.073,0.9639999866485596
5009,836.274,1747.209,0.9990000128746033,802.804,1697.874,0.996999979019165,827.461,1668.62,0.9739999771118164,843.489,1668.89,0.09000000357627869,164.109,828.183,0.9819999933242798
5010,835.826,1753.583,0.9869999885559082,802.804,1699.265,0.9959999918937683,820.367,1668.349,0.9520000219345093,,,,164.198,828.044,0.9580000042915344
5011,835.826,1763.897,0.9390000104904175,802.683,1699.265,0.996999979019165,812.203,1668.349,0.9139999747276306,,,,164.198,828.183,0.9710000157356262
5012,833.95,1763.897,0.9860000014305115,801.723,1699.265,0.9990000128746033,811.455,1667.308,0.9710000157356262,827.285,1667.765,0.06199999898672104,164.109,827.856,0.9509999752044678
5013,827.672,1763.897,0.7319999933242798,801.723,1694.798,1.0,811.211,1667.251,0.5080000162124634,,,,164.109,827.696,0.9959999918937683
5014,827.672,1764.919,0.9760000109672546,801.723,1694.798,1.0,811.084,1667.251,0.49900001287460327,,,,163.473,827.621,0.9419999718666077
5015,827.517,1764.919,0.9580000042915344,797.494,1694.798,0.9789999723434448,804.608,1667.308,0.42100000381469727,,,,163.434,827.696,0.9459999799728394
5016,827.672,1764.919,0.9959999918937683,787.633,1716.834,0.9869999885559082,796.449,1668.214,0.8989999890327454,,,,163.399,827.696,0.9350000023841858
5017,827.771,1767.859,0.9980000257492065,787.633,1716.834,0.9769999980926514,796.449,1668.911,0.9570000171661377,795.058,1659.785,0.0989999994635582,163.434,827.621,0.9580000042915344
5018,915.801,1778.995,0.8840000033378601,787.633,1717.087,0.8849999904632568,796.224,1669.451,0.9900000095367432,795.058,1659.793,0.26100000739097595,163.434,827.757,0.9769999980926514
5019,923.968,1795.998,0.8529999852180481,929.635,1717.087,0.9670000076293945,796.224,1675.401,0.9860000014305115,795.058,1668.594,0.1469999998807907,164.781,827.776,0.9909999966621399
5020,932.012,1796.172,0.9980000257492065,930.862,1716.834,0.984000027179718,796.224,1675.54,0.8790000081062317,788.246,1675.222,0.18700000643730164,164.823,827.969,0.9800000190734863
5021,932.012,1796.352,0.9990000128746033,930.862,1738.035,0.9380000233650208,795.972,1675.992,0.7490000128746033,788.246,1675.5,0.03500000014901161,164.994,828.063,0.9729999899864197
5022,932.012,1796.352,0.9980000257492065,930.862,1738.035,0.6439999938011169,789.104,1676.263,0.9480000138282776,788.246,1675.5,0.10400000214576721,165.456,828.063,0.9739999771118164
5023,931.436,1795.998,0.9739999771118164,930.633,1715.785,0.9919999837875366,794.472,1675.992,0.9369999766349792,794.712,1675.5,0.3709999918937683,165.456,827.969,0.9760000109672546
5024,925.085,1799.008,0.9309999942779541,925.796,1714.616,0.9769999980926514,794.472,1681.761,0.7260000109672546,802.648,1675.466,0.41200000047683716,171.355,827.921,0.9700000286102295
5025,925.085,1802.317,0.9580000042915344,754.107,1714.616,0.9520000219345093,788.402,1682.432,0.9950000047683716,811.834,1675.425,0.35499998927116394,171.355,827.921,0.9229999780654907
5026,925.085,1801.761,0.9300000071525574,723.819,1700.915,0.9800000190734863,784.136,1683.591,0.9990000128746033,812.556,1675.425,0.035999998450279236,164.811,827.921,0.9789999723434448
5027,929.558,1801.761,0.9079999923706055,723.819,1714.616,0.9990000128746033,780.197,1683.591,1.0,812.556,1675.466,0.027000000700354576,163.956,828.205,0.9639999866485596
5028,932.461,1801.761,0.9070000052452087,723.819,1717.803,0.9950000047683716,780.197,1684.671,0.9959999918937683,812.556,1683.376,0.7110000252723694,163.956,828.205,0.9559999704360962
5029,932.461,1801.761,0.9800000190734863,722.268,1717.803,0.9919999837875366,780.197,1691.31,0.921999990940094,811.716,1690.453,0.9629999995231628,163.956,828.213,0.9539999961853027
5030,932.461,1801.359,0.9789999723434448,720.693,1706.941,0.9860000014305115,779.873,1692.174,0.4749999940395355,803.008,1690.661,0.9750000238418579,164.233,828.205,0.8659999966621399
5031,929.871,1801.122,0.9300000071525574,932.976,1731.439,0.8799999952316284,747.833,1698.25,0.22100000083446503,802.169,1699.001,0.9919999837875366,164.233,828.205,0.9549999833106995
5032,684.451,1716.322,0.6169999837875366,715.479,1707.139,0.9959999918937683,747.833,1698.25,0.9330000281333923,795.805,1700.15,0.9789999723434448,164.868,828.152,0.9710000157356262
5033,675.839,1716.322,0.31299999356269836,715.479,1707.139,0.8849999904632568,747.833,1698.25,0.9950000047683716,795.805,1700.405,0.8600000143051147,165.37,828.152,0.9789999723434448
5034,669.077,1716.322,0.9580000042915344,710.135,1707.139,0.9869999885559082,756.079,1698.25,0.859000027179718,795.805,1700.813,0.6039999723434448,165.37,827.818,0.9819999933242798
5035,668.777,1724.916,0.9070000052452087,710.135,1707.139,0.9850000143051147,756.079,1691.933,0.9890000224113464,803.189,1700.995,0.9649999737739563,166.03,827.286,0.9290000200271606
5036,668.777,1724.916,0.9779999852180481,699.384,1692.279,0.9860000014305115,772.017,1691.933,0.9760000109672546,803.189,1705.816,0.8019999861717224,166.284,827.286,0.9800000190734863
5037,668.777,1731.411,0.9959999918937683,699.893,1691.606,0.9940000176429749,772.017,1699.807,0.8700000047683716,819.687,1705.816,0.953000009059906,171.385,827.286,0.9860000014305115
5038,668.777,1724.916,0.9350000023841858,698.925,1691.425,0.9639999866485596,764.618,1699.89,0.8149999976158142,819.687,1707.536,0.42500001192092896,166.284,827.486,0.9769999980926514
5039,660.915,1722.933,0.3540000021457672,691.322,1691.606,0.8920000195503235,764.618,1700.604,0.9900000095367432,819.854,1715.598,0.8899999856948853,166.284,827.486,0.984000027179718
5040,643.88,1718.918,0.38100001215934753,691.322,1691.425,0.8889999985694885,765.248,1702.492,1.0,821.82,1715.98,0.9950000047683716,165.675,827.672,0.9879999756813049
5041,611.397,1709.835,0.9980000257492065,691.322,1691.425,0.9879999756813049,765.248,1705.682,0.996999979019165,821.82,1716.206,0.9980000257492065,164.628,834.242,0.9620000123977661
5042,605.736,1708.896,0.9980000257492065,667.516,1691.035,0.9959999918937683,770.233,1707.349,0.996999979019165,825.211,1716.82,0.9950000047683716,164.612,834.393,0.9929999709129333
5043,594.85,1708.896,0.9909999966621399,666.943,1690.066,0.9779999852180481,770.233,1707.349,0.9990000128746033,825.211,1717.194,0.9729999899864197,164.359,835.06,0.9679999947547913
5044,594.85,1699.4,0.9940000176429749,666.943,1689.66,0.9929999709129333,770.233,1707.417,0.9729999899864197,914.492,1724.007,0.9610000252723694,163.905,835.06,0.8999999761581421
5045,594.85,1692.894,0.9990000128746033,666.758,1689.66,0.9929999709129333,765.46,1707.661,0.9950000047683716,915.574,1732.392,0.9629999995231628,163.867,835.103,0.9129999876022339
5046,595.967,1692.894,1.0,666.758,1689.66,0.9919999837875366,756.095,1708.198,0.9229999780654907,915.574,1738.989,0.9760000109672546,163.574,835.109,0.8569999933242798
5047,605.757,1692.894,0.9990000128746033,667.077,1689.877,0.9919999837875366,756.095,1708.294,0.9169999957084656,914.654,1739.453,0.9959999918937683,163.291,835.109,0.9480000138282776
5048,620.681,1699.248,0.9829999804496765,667.929,1691.405,0.9779999852180481,756.014,1714.044,0.9139999747276306,914.654,1739.591,0.9959999918937683,163.291,835.109,0.9559999704360962
5049,620.681,1707.44,0.9950000047683716,676.915,1691.794,0.8949999809265137,749.772,1714.044,0.7639999985694885,915.741,1739.653,0.9959999918937683,163.291,835.109,0.949999988079071
5050,620.681,1707.44,0.9990000128746033,677.265,1691.794,0.9100000262260437,749.169,1714.044,0.953000009059906,915.741,1739.653,0.9959999918937683,163.303,835.109,0.9089999794960022
5051,615.155,1707.44,0.9980000257492065,677.265,1691.644,0.9520000219345093,749.169,1714.044,0.9559999704360962,915.932,1739.628,0.9909999966621399,163.924,835.112,0.9599999785423279
5052,613.971,1692.582,0.9990000128746033,676.915,1691.405,0.9900000095367432,749.169,1708.69,0.9850000143051147,915.932,1739.591,0.9909999966621399,163.945,835.228,0.9769999980926514
5053,604.207,1683.044,1.0,675.42,1690.145,0.9520000219345093,749.527,1708.574,0.9750000238418579,915.741,1739.52,0.9419999718666077,164.153,835.577,0.9190000295639038
5054,604.207,1683.044,1.0,667.27,1689.988,0.9869999885559082,749.527,1706.846,0.9980000257492065,804.363,1731.184,0.9480000138282776,164.153,835.611,0.972000002861023
5055,604.207,1683.044,1.0,667.27,1689.126,0.9959999918937683,749.537,1706.557,0.9929999709129333,804.363,1723.078,0.6579999923706055,163.945,835.577,0.9860000014305115
5056,604.058,1683.044,0.9990000128746033,667.249,1688.995,0.996999979019165,749.537,1706.556,0.9909999966621399,804.363,1723.078,0.9480000138282776,163.698,835.577,0.9879999756813049
5057,607.296,1685.634,0.9459999799728394,671.361,1688.995,0.9900000095367432,749.527,1705.765,0.9980000257492065,811.875,1723.078,0.9629999995231628,163.35,835.483,0.9890000224113464
5058,609.531,1685.634,1.0,671.361,1687.703,0.996999979019165,749.55,1705.514,0.9990000128746033,916.159,1732.161,0.984000027179718,163.35,835.149,0.9919999837875366
5059,611.777,1682.901,0.9990000128746033,675.41,1685.1,1.0,750.486,1687.543,0.9990000128746033,922.473,1740.173,0.9459999799728394,163.35,834.924,0.9919999837875366
5060,671.082,1677.94,1.0,713.307,1676.36,1.0,764.081,1687.543,0.9750000238418579,,,,163.917,834.924,0.9929999709129333
5061,694.353,1637.686,1.0,797.025,1675.257,1.0,772.498,1687.543,0.4359999895095825,779.412,1724.334,0.35199999809265137,164.748,834.924,0.9869999885559082
5062,695.021,1629.174,1.0,797.618,1675.257,1.0,804.396,1699.003,0.9210000038146973,802.898,1724.346,0.777999997138977,785.907,1732.306,0.9990000128746033
5063,698.739,1629.174,0.9990000128746033,797.618,1675.257,0.9980000257492065,804.396,1699.003,0.2750000059604645,804.028,1724.346,0.07800000160932541,787.714,1732.306,0.9900000095367432
5064,699.181,1629.174,1.0,797.025,1675.257,0.9980000257492065,804.396,1699.003,0.8949999809265137,804.028,1724.334,0.6320000290870667,788.772,1733.661,0.9919999837875366
5065,698.739,1635.796,1.0,762.264,1651.524,0.9909999966621399,803.856,1698.368,0.9049999713897705,804.028,1717.345,0.9559999704360962,795.621,1733.661,0.9980000257492065
5066,695.021,1635.796,1.0,762.264,1651.524,0.996999979019165,803.856,1698.368,0.902999997138977,804.028,1708.974,0.7590000033378601,795.621,1732.306,0.9990000128746033
5067,690.884,1635.796,1.0,753.706,1650.854,0.9890000224113464,803.856,1698.368,0.7269999980926514,804.483,1708.974,0.8519999980926514,795.621,1731.964,0.9990000128746033
5068,686.015,1633.57,1.0,753.706,1650.854,0.968999981880188,939.215,1707.284,0.6759999990463257,804.483,1708.974,0.1770000010728836,795.621,1732.587,0.9980000257492065
5069,683.823,1633.57,1.0,762.264,1650.835,0.8240000009536743,939.275,1707.3,0.8859999775886536,803.196,1708.974,0.04600000008940697,797.041,1732.587,0.9950000047683716
5070,683.823,1633.57,0.9990000128746033,762.467,1649.47,0.9959999918937683,939.275,1707.3,0.9070000052452087,932.354,1724.125,0.14300000667572021,791.934,1732.587,0.9980000257492065
5071,683.823,1640.177,1.0,762.467,1649.47,0.9909999966621399,939.215,1707.3,0.38600000739097595,933.347,1731.731,0.08699999749660492,797.087,1733.431,0.9990000128746033
5072,710.525,1643.82,1.0,765.621,1649.47,0.9990000128746033,932.569,1707.3,0.9580000042915344,932.354,1732.698,0.9940000176429749,797.087,1740.828,1.0
5073,723.118,1654.473,0.996999979019165,796.148,1651.562,0.9980000257492065,844.168,1699.712,0.9319999814033508,810.229,1732.698,0.8830000162124634,791.934,1759.955,0.9990000128746033
5074,750.119,1660.164,0.996999979019165,819.893,1675.898,0.9829999804496765,844.168,1692.436,0.8899999856948853,826.781,1732.698,0.5720000267028809,748.889,1759.955,1.0
5075,892.142,1660.164,0.08299999684095383,907.986,1675.898,0.7879999876022339,844.168,1692.092,0.039000000804662704,810.229,1723.386,0.8479999899864197,748.679,1759.955,0.9919999837875366
5076,908.337,1677.14,0.25200000405311584,908.206,1675.898,0.8510000109672546,844.168,1692.092,0.5870000123977661,795.207,1717.256,0.878000020980835,732.431,1758.182,0.9940000176429749
5077,914.507,1715.946,0.41600000858306885,908.812,1676.271,0.9639999866485596,844.208,1692.092,0.12200000137090683,787.881,1717.256,0.8999999761581421,709.872,1756.948,0.9959999918937683
5078,,,,908.812,1676.271,0.1080000028014183,844.208,1684.563,0.9139999747276306,763.723,1723.386,0.9639999866485596,699.894,1756.948,0.9950000047683716
5079,,,,909.146,1684.336,0.4749999940395355,820.428,1700.062,0.20399999618530273,763.04,1723.386,0.9869999885559082,699.894,1758.182,0.9940000176429749
5080,,,,914.842,1691.12,0.1979999989271164,820.428,1700.062,0.5339999794960022,763.04,1717.256,0.8809999823570251,693.385,1756.948,0.996999979019165
5081,,,,914.842,1691.12,0.5830000042915344,828.546,1684.563,0.6579999923706055,756.076,1716.817,0.9470000267028809,693.385,1756.948,1.0
5082,,,,909.702,1691.12,0.7889999747276306,820.428,1683.312,0.6819999814033508,755.409,1708.229,0.9900000095367432,691.786,1748.978,0.9940000176429749
5083,,,,909.702,1667.407,0.8029999732971191,819.603,1668.6,0.9750000238418579,755.409,1701.078,0.9620000123977661,690.135,1747.586,0.9909999966621399
5084,941.024,1643.315,0.7670000195503235,923.653,1659.002,0.7110000252723694,828.531,1660.924,0.9639999866485596,755.409,1701.078,0.996999979019165,165.947,836.153,0.9940000176429749
5085,941.451,1643.315,0.8619999885559082,924.874,1650.278,0.9539999961853027,819.603,1660.899,0.996999979019165,755.409,1701.078,0.9919999837875366,165.794,834.048,0.9959999918937683
5086,941.451,1643.315,0.6510000228881836,924.874,1649.556,0.8399999737739563,819.603,1660.899,0.9890000224113464,939.721,1719.339,0.9559999704360962,165.947,834.048,0.9890000224113464
5087,947.236,1643.315,0.12200000137090683,924.874,1639.026,0.9909999966621399,819.603,1651.72,0.9980000257492065,939.721,1719.339,0.8330000042915344,165.794,834.048,0.9890000224113464
5088,948.452,1643.479,0.04500000178813934,858.965,1619.618,0.9549999833106995,816.586,1651.72,0.9739999771118164,939.721,1719.339,0.9240000247955322,165.794,834.485,0.9900000095367432
5089,,,,858.605,1611.058,0.9959999918937683,813.226,1649.435,0.6880000233650208,762.837,1700.418,0.9079999923706055,164.78,834.718,0.9909999966621399
5090,851.101,1613.787,0.8980000019073486,850.242,1610.063,0.9729999899864197,813.226,1661.126,0.7609999775886536,762.837,1700.418,0.9980000257492065,164.78,835.333,0.9909999966621399
5091,851.101,1613.787,0.847000002861023,842.495,1610.063,0.996999979019165,813.226,1661.126,0.9980000257492065,762.837,1700.418,0.8989999890327454,164.78,835.367,0.9890000224113464
5092,918.472,1613.787,0.9990000128746033,827.348,1609.007,0.9929999709129333,797.382,1661.126,0.9419999718666077,785.326,1684.06,0.8379999995231628,172.239,835.367,0.9629999995231628
5093,918.472,1613.787,0.9950000047683716,765.47,1610.063,0.9390000104904175,781.113,1653.353,0.7519999742507935,811.17,1690.787,0.9900000095367432,172.239,835.333,0.984000027179718
5094,853.32,1603.556,0.7720000147819519,765.47,1612.88,1.0,938.79,1660.741,0.9779999852180481,811.17,1690.787,0.9539999961853027,172.239,828.217,0.9229999780654907
5095,853.32,1603.556,0.9959999918937683,765.47,1619.446,1.0,939.385,1660.483,0.9909999966621399,811.17,1690.787,0.9980000257492065,171.952,827.928,0.9810000061988831
5096,951.206,1611.975,1.0,776.549,1621.775,0.9929999709129333,939.633,1659.996,0.9649999737739563,811.17,1690.787,0.9959999918937683,171.935,827.928,0.9729999899864197
5097,853.32,1611.975,0.9990000128746033,947.409,1633.884,0.9900000095367432,939.633,1660.483,0.9509999752044678,916.575,1690.787,0.9810000061988831,171.935,827.928,0.9010000228881836
5098,775.96,1596.258,0.996999979019165,948.282,1634.019,0.984000027179718,939.633,1660.741,0.9150000214576721,917.233,1700.921,0.9779999852180481,171.846,828.619,0.9589999914169312
5099,951.206,1610.974,0.8769999742507935,948.282,1634.019,0.7250000238418579,932.371,1668.655,0.8450000286102295,931.778,1706.547,0.041999999433755875,171.462,828.922,0.9539999961853027
5100,750.009,1593.497,1.0,948.282,1633.884,0.996999979019165,916.214,1676.2,0.22499999403953552,,,,171.073,834.584,0.968999981880188
5101,727.087,1593.497,0.9990000128746033,787.677,1633.445,0.9990000128746033,892.023,1676.2,0.6019999980926514,,,,171.001,834.688,0.9750000238418579
5102,727.087,1593.497,1.0,787.358,1626.811,0.9929999709129333,891.31,1676.59,0.6880000233650208,,,,164.743,835.056,0.9769999980926514
5103,740.592,1605.295,1.0,787.358,1626.039,1.0,891.31,1692.048,0.07100000232458115,883.834,1723.502,0.019999999552965164,164.743,835.056,0.9850000143051147
5104,740.592,1593.497,0.9919999837875366,787.677,1626.039,0.9990000128746033,891.31,1699.597,0.4390000104904175,883.834,1723.502,0.14399999380111694,164.743,835.056,0.9950000047683716
5105,740.947,1593.416,1.0,789.958,1623.73,1.0,891.31,1699.597,0.09200000017881393,883.834,1723.502,0.07199999690055847,164.91,834.642,0.9980000257492065
5106,778.807,1587.188,0.9990000128746033,810.944,1623.73,0.9990000128746033,891.366,1699.597,0.4000000059604645,883.769,1723.502,0.921999990940094,165.187,834.061,0.9959999918937683
5107,787.896,1581.124,0.9929999709129333,820.795,1623.73,0.9520000219345093,891.366,1683.248,0.9139999747276306,883.769,1723.738,0.9120000004768372,165.187,833.767,0.996999979019165
5108,797.817,1581.124,0.949999988079071,892.424,1618.646,0.9620000123977661,891.366,1683.248,0.335999995470047,883.769,1723.738,0.10199999809265137,165.572,833.767,0.9980000257492065
5109,804.207,1587.188,1.0,892.526,1618.646,0.9909999966621399,891.276,1667.193,0.5960000157356262,,,,165.572,833.951,0.9940000176429749
5110,804.207,1587.208,0.996999979019165,893.364,1636.104,0.9950000047683716,891.366,1683.248,0.9610000252723694,875.21,1747.637,0.9950000047683716,165.066,833.951,0.9950000047683716
5111,845.373,1591.994,1.0,893.364,1635.449,0.9929999709129333,891.602,1709.223,0.11400000005960464,875.73,1756.384,0.9990000128746033,165.066,834.799,0.9940000176429749
5112,890.523,1596.874,1.0,892.941,1635.449,0.9819999933242798,,,,,,,812.323,1740.767,0.996999979019165
5113,893.779,1598.535,0.9990000128746033,892.526,1636.104,0.9819999933242798,827.421,1651.458,0.9679999947547913,811.74,1716.586,0.4569999873638153,164.91,835.094,0.9980000257492065
5114,893.779,1598.535,0.9520000219345093,892.941,1667.689,0.9419999718666077,827.734,1652.168,0.26600000262260437,820.093,1716.731,0.1080000028014183,804.598,1740.371,0.9959999918937683
5115,893.779,1636.324,0.972000002861023,835.929,1667.689,0.9539999961853027,827.734,1691.954,0.21299999952316284,820.093,1716.731,0.34599998593330383,804.598,1740.767,0.9950000047683716
5116,892.367,1643.173,0.0430000014603138,835.711,1667.689,0.9980000257492065,827.421,1699.492,0.414000004529953,811.74,1717.089,0.4020000100135803,802.005,1740.767,1.0
5117,892.367,1642.442,0.19300000369548798,835.711,1667.689,0.996999979019165,820.111,1699.492,0.19099999964237213,811.456,1716.731,0.5799999833106995,801.917,1741.402,1.0
5118,892.367,1642.442,0.5189999938011169,835.37,1667.679,0.9980000257492065,819.883,1692.238,0.17000000178813934,810.965,1709.282,0.14900000393390656,802.005,1741.792,0.9990000128746033
5119,892.367,1643.173,0.8960000276565552,835.37,1667.679,0.996999979019165,811.396,1692.238,0.503000020980835,804.781,1709.282,0.42500001192092896,802.005,1742.057,0.9980000257492065
5120,892.228,1643.812,0.972000002861023,926.157,1677.56,0.9940000176429749,811.396,1692.124,0.7639999985694885,804.781,1709.09,0.6779999732971191,803.303,1742.065,1.0
5121,892.228,1643.997,0.9980000257492065,926.157,1678.064,0.9959999918937683,811.396,1692.124,0.7390000224113464,804.781,1708.835,0.9200000166893005,803.35,1741.962,1.0
5122,847.472,1643.997,0.9769999980926514,924.573,1677.56,0.9950000047683716,811.747,1692.238,0.6129999756813049,804.781,1709.09,0.6959999799728394,803.544,1742.065,1.0
5123,834.985,1644.504,0.9409999847412109,924.573,1678.064,0.722000002861023,931.948,1692.136,0.7310000061988831,804.781,1709.294,0.8479999899864197,804.197,1742.579,1.0
5124,834.804,1643.812,0.9980000257492065,924.554,1678.064,0.6790000200271606,931.948,1692.136,0.843999981880188,804.445,1709.493,0.8169999718666077,803.35,1742.761,1.0
5125,821.397,1637.292,0.9909999966621399,803.1,1676.572,0.9120000004768372,931.948,1692.136,0.8949999809265137,802.019,1709.964,0.906000018119812,803.35,1742.761,1.0
5126,803.291,1604.206,0.628000020980835,796.796,1660.581,0.8270000219345093,799.708,1684.511,0.9959999918937683,796.748,1710.001,0.9800000190734863,802.435,1742.761,1.0
5127,787.873,1604.206,0.08799999952316284,789.321,1658.246,0.9739999771118164,799.197,1684.511,0.9829999804496765,796.748,1710.293,0.9850000143051147,801.651,1743.365,1.0
5128,781.089,1604.206,0.9779999852180481,786.564,1656.068,1.0,798.933,1684.511,0.9879999756813049,796.1,1710.293,0.9950000047683716,801.538,1742.415,1.0
5129,780.559,1604.206,0.9200000166893005,786.564,1653.404,1.0,798.838,1685.215,0.9940000176429749,796.1,1710.293,0.9959999918937683,800.726,1742.415,1.0
5130,777.855,1602.716,0.9890000224113464,786.309,1653.404,1.0,798.838,1685.471,0.996999979019165,796.306,1710.293,0.9980000257492065,800.328,1742.415,1.0
5131,777.345,1602.716,0.9990000128746033,786.648,1653.404,1.0,798.838,1686.078,0.9980000257492065,796.306,1710.459,0.9980000257492065,799.263,1742.313,1.0
5132,773.789,1601.704,0.9990000128746033,786.648,1645.42,1.0,798.902,1686.078,0.9929999709129333,796.152,1710.064,0.9940000176429749,799.263,1741.923,1.0
5133,773.789,1600.218,1.0,786.84,1643.719,1.0,798.939,1685.471,0.996999979019165,796.152,1710.459,0.9919999837875366,798.72,1741.923,1.0
5134,773.171,1600.218,1.0,786.842,1643.509,1.0,799.654,1685.589,0.9980000257492065,796.152,1710.459,0.9990000128746033,798.436,1741.329,1.0
5135,771.361,1600.218,1.0,787.756,1642.633,1.0,799.875,1685.589,0.996999979019165,796.12,1710.459,0.9940000176429749,798.436,1741.329,1.0
5136,770.375,1599.815,1.0,787.756,1642.616,1.0,800.569,1685.123,0.9990000128746033,795.707,1709.499,0.9990000128746033,798.72,1741.139,1.0
5137,769.476,1599.52,1.0,787.325,1641.803,1.0,800.597,1685.589,0.9990000128746033,794.992,1712.326,0.9990000128746033,798.72,1741.139,1.0
5138,765.113,1598.847,0.9990000128746033,787.325,1640.701,1.0,800.612,1686.31,0.9990000128746033,794.992,1712.326,1.0,799.031,1741.602,1.0
5139,765.113,1598.847,0.9990000128746033,786.687,1640.701,1.0,800.612,1686.335,1.0,794.992,1712.377,0.9990000128746033,799.448,1741.803,1.0
5140,765.113,1598.847,0.9909999966621399,785.608,1640.701,1.0,800.674,1687.021,0.9990000128746033,794.73,1712.377,0.9990000128746033,800.574,1741.803,1.0
5141,766.067,1611.525,0.9990000128746033,783.885,1652.224,0.9990000128746033,800.612,1687.785,0.996999979019165,794.633,1714.605,1.0,800.633,1742.412,1.0
5142,766.067,1611.525,1.0,783.885,1653.448,0.9990000128746033,800.184,1691.711,0.9980000257492065,794.633,1714.768,0.9990000128746033,800.633,1742.412,1.0
5143,766.067,1611.525,0.9990000128746033,785.608,1653.448,0.9950000047683716,800.184,1692.322,0.9980000257492065,794.699,1714.768,0.9990000128746033,800.574,1742.412,1.0
5144,763.961,1602.255,0.9990000128746033,785.608,1653.448,1.0,800.501,1692.322,0.996999979019165,794.699,1714.768,0.9980000257492065,798.968,1742.07,1.0
5145,763.959,1596.821,0.996999979019165,786.617,1649.58,1.0,800.184,1692.322,0.996999979019165,794.699,1714.039,0.9959999918937683,797.663,1740.522,1.0
5146,763.959,1595.739,0.9990000128746033,787.075,1642.724,1.0,800.184,1690.944,0.9940000176429749,796.096,1710.868,0.9980000257492065,797.405,1740.512,1.0
5147,763.961,1594.869,0.996999979019165,786.617,1641.953,1.0,799.385,1686.929,0.9940000176429749,796.096,1710.748,0.9980000257492065,797.236,1740.512,1.0
5148,765.323,1594.817,0.9980000257492065,786.617,1641.788,1.0,798.976,1686.446,0.9929999709129333,796.096,1710.748,0.996999979019165,797.236,1740.522,1.0
5149,766.411,1593.294,0.9990000128746033,786.923,1640.767,1.0,798.954,1685.8,0.9900000095367432,796.026,1710.737,0.996999979019165,797.24,1740.595,1.0
5150,767.562,1592.227,1.0,787.074,1641.788,1.0,798.54,1685.641,0.9950000047683716,795.96,1710.737,0.9980000257492065,797.24,1741.376,1.0
5151,772.245,1590.112,1.0,786.923,1640.707,1.0,798.54,1685.641,0.9980000257492065,795.589,1710.748,0.9990000128746033,797.371,1741.829,1.0
5152,772.964,1587.073,1.0,786.982,1640.707,0.9980000257492065,798.976,1685.8,0.9900000095367432,794.485,1713.82,0.996999979019165,797.458,1742.035,1.0
5153,772.964,1586.008,0.9940000176429749,787.074,1642.272,0.9879999756813049,940.579,1692.421,0.9580000042915344,794.388,1716.674,0.9980000257492065,798.11,1742.513,1.0
5154,772.964,1586.008,0.9919999837875366,787.074,1643.302,0.9399999976158142,940.579,1692.565,0.9559999704360962,790.856,1717.467,0.9990000128746033,798.369,1743.584,1.0
5155,773.59,1586.008,1.0,787.261,1643.737,0.9990000128746033,940.579,1699.017,0.9559999704360962,790.856,1717.707,0.9990000128746033,798.369,1745.49,1.0
5156,773.88,1587.318,0.9869999885559082,787.261,1654.456,1.0,940.296,1699.017,0.9449999928474426,790.856,1718.129,0.996999979019165,799.111,1747.989,1.0
5157,783.796,1597.016,0.9789999723434448,787.261,1654.456,1.0,940.184,1699.017,0.9570000171661377,794.968,1724.529,0.9829999804496765,799.111,1751.536,1.0
5158,783.796,1597.659,0.9900000095367432,786.404,1654.456,1.0,800.108,1694.323,0.9850000143051147,795.022,1724.652,1.0,797.447,1752.99,1.0
5159,783.796,1597.659,1.0,783.532,1654.456,1.0,799.287,1694.323,0.9319999814033508,795.022,1724.713,1.0,797.447,1754.059,1.0
5160,783.796,1597.659,0.9850000143051147,783.532,1654.456,0.9990000128746033,798.663,1694.323,0.9480000138282776,794.968,1725.136,1.0,797.447,1755.276,1.0
5161,781.592,1597.659,0.9980000257492065,783.532,1661.027,0.9950000047683716,798.133,1701.422,0.8140000104904175,788.994,1725.897,0.9990000128746033,797.425,1755.276,1.0
5162,780.337,1613.471,0.9300000071525574,785.899,1661.027,1.0,798.133,1701.494,0.9480000138282776,788.994,1725.943,0.9909999966621399,797.425,1757.861,0.9990000128746033
5163,780.337,1613.64,0.9860000014305115,786.772,1666.288,1.0,798.133,1702.448,0.9890000224113464,788.994,1726.205,0.9950000047683716,797.435,1757.861,0.9980000257492065
5164,773.151,1613.64,0.9990000128746033,787.626,1667.4,1.0,798.13,1707.135,0.9940000176429749,788.994,1726.205,0.9990000128746033,797.435,1758.27,0.9990000128746033
5165,772.948,1613.471,0.9079999923706055,789.415,1670.325,0.9990000128746033,797.958,1703.136,0.9980000257492065,789.471,1725.943,0.996999979019165,797.435,1757.842,0.9990000128746033
5166,773.151,1613.64,0.9980000257492065,790.268,1672.135,0.9990000128746033,797.801,1706.292,0.9980000257492065,789.709,1725.932,0.996999979019165,797.435,1757.842,0.9990000128746033
5167,795.55,1636.659,0.9160000085830688,793.521,1673.782,1.0,797.475,1706.591,0.9980000257492065,789.709,1725.593,0.996999979019165,797.656,1750.571,0.9959999918937683
5168,780.529,1612.187,0.652999997138977,793.809,1675.252,1.0,796.707,1706.591,0.9959999918937683,789.414,1725.593,0.9909999966621399,797.185,1750.571,0.9950000047683716
5169,795.55,1636.659,0.9900000095367432,793.809,1675.737,1.0,796.397,1706.591,0.9919999837875366,789.709,1725.593,0.9940000176429749,797.173,1750.571,0.9980000257492065
5170,795.555,1636.659,0.921999990940094,793.521,1676.547,1.0,796.109,1707.176,0.9980000257492065,789.777,1726.334,0.9879999756813049,797.173,1756.747,0.9980000257492065
5171,795.55,1636.559,0.9570000171661377,791.585,1680.07,1.0,795.21,1707.236,0.9990000128746033,789.777,1726.35,0.9919999837875366,797.173,1757.519,0.9990000128746033
5172,795.555,1634.24,0.9959999918937683,791.585,1680.07,1.0,795.21,1707.434,0.9990000128746033,790.272,1732.671,0.9929999709129333,796.929,1757.626,0.996999979019165
5173,796.519,1634.24,0.9929999709129333,790.516,1680.529,1.0,795.092,1707.461,0.9990000128746033,793.511,1733.028,0.996999979019165,796.513,1757.626,0.996999979019165
5174,796.484,1629.531,0.996999979019165,790.488,1680.529,1.0,795.21,1709.405,1.0,793.511,1739.009,0.9850000143051147,789.191,1759.955,0.9990000128746033
5175,796.519,1627.306,0.9950000047683716,788.51,1678.749,1.0,795.308,1709.405,0.9980000257492065,790.272,1739.168,0.9879999756813049,788.592,1760.606,0.9990000128746033
5176,797.006,1620.991,0.9980000257492065,786.133,1676.671,1.0,795.308,1709.461,0.9940000176429749,788.497,1739.723,0.9900000095367432,788.592,1760.606,0.996999979019165
5177,797.053,1620.194,0.9959999918937683,786.133,1675.419,1.0,795.092,1709.405,0.9890000224113464,787.765,1739.723,0.9959999918937683,788.784,1759.955,0.9980000257492065
5178,797.053,1619.408,0.9909999966621399,785.212,1673.757,1.0,789.129,1709.306,0.9940000176429749,787.528,1739.723,0.968999981880188,789.031,1759.192,0.9909999966621399
5179,802.987,1619.408,0.9990000128746033,785.212,1673.757,1.0,789.087,1708.713,0.9980000257492065,787.312,1733.12,0.9990000128746033,788.784,1758.573,0.9990000128746033
5180,803.358,1619.408,0.996999979019165,784.881,1673.757,1.0,788.223,1708.713,0.9980000257492065,786.881,1733.12,0.9990000128746033,789.031,1757.881,0.9900000095367432
5181,803.358,1622.083,0.9980000257492065,784.386,1674.966,1.0,787.173,1708.713,0.9980000257492065,786.804,1733.12,0.996999979019165,796.564,1757.881,0.9950000047683716
5182,803.542,1622.083,1.0,784.37,1678.927,1.0,787.173,1710.712,0.9760000109672546,786.742,1733.12,0.875,796.564,1757.873,0.9710000157356262
5183,803.542,1622.083,0.9990000128746033,781.611,1678.927,1.0,786.565,1710.712,0.9890000224113464,786.455,1732.731,0.9950000047683716,788.226,1757.873,0.9909999966621399
5184,803.542,1618.985,1.0,781.364,1678.927,1.0,786.039,1710.712,0.9959999918937683,778.568,1732.953,0.996999979019165,788.226,1757.643,0.9980000257492065
5185,803.332,1613.551,0.9990000128746033,781.055,1675.638,1.0,785.981,1709.834,0.9980000257492065,786.455,1732.731,0.9940000176429749,786.764,1757.873,0.9990000128746033
5186,803.291,1613.492,0.9990000128746033,780.573,1672.971,1.0,784.244,1708.396,0.9929999709129333,779.339,1732.457,0.9800000190734863,786.235,1757.873,0.9950000047683716
5187,802.993,1613.492,0.9990000128746033,779.274,1669.954,1.0,783.637,1708.275,0.9980000257492065,779.339,1730.887,0.9990000128746033,786.062,1757.561,0.9980000257492065
5188,797.72,1613.126,0.9940000176429749,778.258,1669.469,1.0,783.234,1707.593,0.9959999918937683,787.547,1730.887,0.8320000171661377,785.295,1756.994,0.9990000128746033
5189,797.389,1613.416,0.9929999709129333,776.82,1669.469,1.0,783.637,1707.593,0.996999979019165,787.973,1730.887,0.9139999747276306,785.295,1756.994,0.9990000128746033
5190,788.304,1613.416,0.9929999709129333,776.232,1668.192,1.0,783.637,1707.593,0.9959999918937683,788.384,1731.449,0.9520000219345093,785.295,1756.994,1.0
5191,772.727,1613.743,0.9940000176429749,774.485,1668.192,1.0,784.233,1707.593,0.9990000128746033,788.722,1731.449,0.9990000128746033,785.438,1757.986,1.0
5192,771.249,1614.591,0.9990000128746033,773.861,1668.192,1.0,784.233,1707.524,1.0,788.722,1731.449,0.9990000128746033,785.438,1758.256,1.0
5193,771.128,1614.915,1.0,773.687,1659.624,1.0,784.233,1706.874,1.0,788.384,1730.274,0.9990000128746033,785.579,1758.256,1.0
5194,765.243,1615.093,1.0,773.059,1659.624,1.0,782.307,1703.73,0.9990000128746033,786.985,1727.082,0.9789999723434448,785.793,1758.256,1.0
5195,764.673,1616.41,0.9980000257492065,771.717,1659.624,1.0,781.953,1703.73,0.9980000257492065,786.973,1726.927,0.9670000076293945,785.793,1757.831,0.9990000128746033
5196,763.87,1619.226,0.9929999709129333,771.717,1667.564,0.9990000128746033,781.953,1703.73,0.9980000257492065,786.973,1726.927,0.9789999723434448,787.516,1757.588,0.9990000128746033
5197,763.854,1651.66,0.9779999852180481,771.717,1675.947,1.0,782.307,1706.678,0.9959999918937683,786.985,1726.927,0.9750000238418579,787.516,1757.219,0.9990000128746033
5198,755.126,1652.578,0.9990000128746033,777.309,1679.462,1.0,786.476,1708.299,0.9959999918937683,787.331,1727.254,0.9909999966621399,787.516,1757.219,0.9940000176429749
5199,752.402,1652.578,0.9990000128746033,777.309,1681.763,1.0,787.086,1713.329,0.9919999837875366,788.295,1730.837,0.9919999837875366,165.605,834.726,0.9919999837875366
5200,742.079,1651.75,1.0,777.925,1681.763,1.0,787.438,1714.469,0.996999979019165,795.18,1739.334,0.8960000276565552,165.279,834.726,0.9959999918937683
5201,742.079,1651.75,1.0,777.925,1679.462,1.0,788.166,1723.587,0.9850000143051147,795.18,1740.136,0.7490000128746033,164.37,834.726,0.9940000176429749
5202,739.301,1651.75,0.996999979019165,777.948,1679.413,1.0,788.239,1723.935,0.9789999723434448,803.216,1740.516,0.7620000243186951,165.237,834.679,0.9940000176429749
5203,732.984,1648.672,0.9940000176429749,777.948,1679.29,1.0,788.421,1723.935,0.890999972820282,803.216,1740.877,0.7490000128746033,163.95,834.743,0.9940000176429749
5204,724.911,1643.585,0.996999979019165,778.384,1679.092,1.0,788.72,1723.587,0.972000002861023,802.755,1740.877,0.7910000085830688,163.95,834.743,0.9890000224113464
5205,724.615,1641.799,0.9980000257492065,778.384,1678.476,1.0,788.744,1724.298,0.9819999933242798,795.546,1740.992,0.843999981880188,164.858,834.743,0.972000002861023
5206,724.615,1641.799,0.9990000128746033,779.154,1678.476,1.0,788.744,1724.298,0.9610000252723694,802.755,1740.992,0.7400000095367432,164.858,834.29,0.9850000143051147
5207,724.911,1641.799,1.0,779.24,1678.476,1.0,795.129,1724.333,0.9570000171661377,795.546,1740.992,0.3659999966621399,164.858,834.743,0.9700000286102295
5208,724.911,1642.201,1.0,779.24,1682.224,1.0,795.178,1724.355,0.800000011920929,795.546,1741.185,0.3840000033378601,171.792,834.29,0.9800000190734863
5209,726.733,1642.666,1.0,779.56,1682.836,1.0,795.178,1724.355,0.5299999713897705,795.546,1741.198,0.4959999918937683,172.11,828.266,0.9779999852180481
5210,726.733,1643.393,0.9990000128746033,780.23,1684.932,0.9990000128746033,795.373,1724.333,0.9890000224113464,795.344,1746.686,0.15600000321865082,172.11,828.266,0.9779999852180481
5211,725.411,1643.928,0.9959999918937683,780.23,1691.628,1.0,795.428,1724.355,0.9670000076293945,795.344,1747.966,0.4009999930858612,172.302,828.491,0.9850000143051147
5212,725.411,1644.231,0.9990000128746033,780.23,1691.628,0.9990000128746033,795.742,1731.479,0.8809999823570251,795.344,1746.501,0.625,172.11,828.3,0.9860000014305115
5213,731.268,1644.323,0.9990000128746033,780.083,1691.628,0.9980000257492065,795.774,1732.355,0.8659999966621399,795.196,1746.501,0.0689999982714653,172.302,828.491,0.9890000224113464
5214,951.078,1669.05,0.9990000128746033,780.083,1691.591,0.9940000176429749,795.774,1732.355,0.9729999899864197,794.948,1747.106,0.6970000267028809,172.323,828.66,0.9919999837875366
5215,955.814,1670.271,0.9990000128746033,780.083,1691.011,0.9980000257492065,795.959,1732.355,0.9800000190734863,795.003,1747.106,0.8330000042915344,172.302,833.436,0.9959999918937683
5216,956.007,1676.301,0.9990000128746033,781.151,1683.57,1.0,795.774,1732.143,0.9760000109672546,795.003,1746.501,0.7070000171661377,796.535,1762.698,0.996999979019165
5217,956.007,1676.319,0.9990000128746033,781.151,1683.57,1.0,795.333,1731.734,0.9959999918937683,795.196,1742.01,0.6000000238418579,797.029,1763.859,0.996999979019165
5218,955.814,1676.319,0.9980000257492065,781.352,1683.57,0.9980000257492065,795.333,1731.157,0.33399999141693115,795.003,1741.986,0.21799999475479126,797.029,1763.868,0.996999979019165
5219,955.688,1676.319,0.9929999709129333,785.773,1688.363,0.9980000257492065,795.278,1730.035,0.871999979019165,795.145,1741.571,0.7850000262260437,797.029,1763.868,0.9990000128746033
5220,738.996,1653.567,0.9850000143051147,786.596,1688.619,0.996999979019165,795.278,1724.294,0.9739999771118164,795.145,1741.52,0.9620000123977661,804.329,1764.258,1.0
5221,738.996,1653.567,0.9909999966621399,787.45,1689.215,0.9959999918937683,795.352,1724.294,0.9300000071525574,795.145,1741.538,0.9700000286102295,804.329,1764.258,1.0
5222,738.996,1653.567,0.9929999709129333,787.487,1689.238,0.9990000128746033,795.855,1724.294,0.9179999828338623,795.145,1741.52,0.9660000205039978,804.329,1764.258,1.0
5223,739.421,1654.16,0.9990000128746033,787.925,1689.238,0.996999979019165,923.449,1747.616,0.43799999356269836,795.279,1741.265,0.7210000157356262,804.358,1764.024,1.0
5224,739.906,1656.949,0.9980000257492065,787.925,1689.238,0.9950000047683716,923.449,1747.616,0.5220000147819519,795.279,1740.933,0.04100000113248825,802.916,1761.125,1.0
5225,741.286,1656.949,0.9980000257492065,787.925,1688.543,0.9929999709129333,923.449,1747.616,0.40299999713897705,795.279,1740.933,0.6349999904632568,802.916,1761.125,0.996999979019165
5226,741.36,1657.197,0.996999979019165,787.925,1688.543,0.9980000257492065,804.049,1732.482,0.335999995470047,795.279,1740.933,0.44999998807907104,803.317,1761.125,1.0
5227,741.549,1657.488,0.9980000257492065,788.979,1688.543,0.9990000128746033,804.049,1732.366,0.574999988079071,795.279,1741.051,0.7950000166893005,805.233,1762.374,1.0
5228,747.111,1658.103,0.9940000176429749,790.175,1689.927,0.996999979019165,804.049,1730.13,0.902999997138977,803.211,1741.3,0.9760000109672546,803.317,1764.513,1.0
5229,747.628,1659.124,0.9990000128746033,790.347,1690.771,0.9959999918937683,804.064,1730.13,0.890999972820282,803.397,1741.506,0.9520000219345093,803.317,1764.954,1.0
5230,747.783,1659.191,0.9990000128746033,794.885,1691.664,0.9959999918937683,804.064,1730.13,0.4410000145435333,804.266,1742.263,0.699999988079071,802.301,1765.704,1.0
5231,749.119,1660.43,1.0,795.335,1700.562,0.9990000128746033,804.372,1730.453,0.5690000057220459,804.486,1747.618,0.9020000100135803,801.606,1771.332,0.9990000128746033
5232,749.195,1661.135,0.9990000128746033,795.798,1702.749,1.0,804.372,1731.108,0.9449999928474426,804.612,1748.558,0.9860000014305115,801.605,1771.332,0.9959999918937683
5233,749.195,1661.217,1.0,795.798,1709.123,1.0,804.393,1731.208,0.9240000247955322,804.675,1748.558,0.9950000047683716,796.375,1771.332,0.9990000128746033
5234,749.199,1661.217,0.9980000257492065,795.335,1709.123,0.9990000128746033,804.393,1739.706,0.9020000100135803,805.211,1748.51,0.9139999747276306,164.871,833.993,0.996999979019165
5235,749.199,1661.244,0.9990000128746033,795.134,1709.23,0.9929999709129333,804.393,1739.706,0.3619999885559082,805.223,1748.558,0.6150000095367432,164.544,833.515,0.996999979019165
5236,751.759,1661.298,0.9980000257492065,795.134,1709.679,0.9940000176429749,804.393,1739.753,0.4429999887943268,805.223,1748.51,0.7699999809265137,164.322,833.515,0.9959999918937683
5237,752.761,1667.658,0.9990000128746033,795.134,1714.14,0.9620000123977661,810.977,1739.722,0.3370000123977661,805.76,1748.334,0.7110000252723694,163.855,833.993,0.9990000128746033
5238,754.987,1670.236,0.9990000128746033,795.134,1715.112,0.9700000286102295,811.165,1739.722,0.6690000295639038,809.456,1748.51,0.5910000205039978,163.316,834.6,0.9990000128746033
5239,756.64,1672.038,0.9990000128746033,794.997,1715.718,0.968999981880188,811.247,1739.761,0.5580000281333923,809.82,1749.099,0.7730000019073486,163.316,834.6,0.9990000128746033
5240,761.986,1673.853,0.9950000047683716,794.969,1716.752,0.9879999756813049,811.328,1739.849,0.5910000205039978,810.506,1749.219,0.3479999899864197,163.316,834.6,0.9980000257492065
5241,762.764,1673.853,0.9950000047683716,794.969,1716.752,0.9430000185966492,811.372,1740.03,0.1289999932050705,810.541,1749.219,0.5720000267028809,163.431,834.6,0.9940000176429749
5242,763.69,1673.853,0.9890000224113464,794.946,1716.752,0.968999981880188,811.473,1748.018,0.35899999737739563,810.674,1749.219,0.8769999742507935,163.54,834.465,0.9919999837875366
5243,768.732,1668.4,0.9990000128746033,794.946,1716.752,0.9789999723434448,812.198,1748.195,0.953000009059906,810.818,1755.241,0.3019999861717224,163.891,834.465,0.9940000176429749
5244,769.913,1667.222,0.9990000128746033,795.34,1725.15,0.9440000057220459,812.575,1748.371,0.44200000166893005,810.818,1755.559,0.382999986410141,164.035,834.923,0.9909999966621399
5245,770.717,1667.222,0.9990000128746033,795.34,1724.913,0.9549999833106995,812.575,1749.45,0.9210000038146973,,,,164.139,835.395,0.9710000157356262
5246,771.707,1667.222,0.9990000128746033,795.353,1725.167,0.824999988079071,812.575,1754.773,0.7509999871253967,,,,164.211,835.395,0.9549999833106995
5247,772.267,1673.534,0.9959999918937683,803.282,1725.167,0.7789999842643738,811.968,1754.773,0.6899999976158142,811.322,1756.051,0.04699999839067459,164.211,835.395,0.9459999799728394
5248,773.84,1674.063,0.9980000257492065,804.672,1724.913,0.5180000066757202,811.68,1755.093,0.531000018119812,811.333,1756.159,0.08900000154972076,164.555,835.112,0.972000002861023
5249,773.858,1674.345,0.996999979019165,804.672,1724.913,0.9020000100135803,811.638,1755.244,0.8840000033378601,811.342,1756.159,0.27300000190734863,165.198,828.523,0.9629999995231628
5250,777.754,1675.326,0.9940000176429749,810.712,1726.506,0.9110000133514404,811.638,1755.244,0.6430000066757202,811.338,1756.067,0.0689999982714653,165.198,828.523,0.9950000047683716
5251,778.273,1682.25,0.996999979019165,810.712,1725.794,0.9700000286102295,811.638,1749.705,0.7609999775886536,811.338,1756.067,0.03400000184774399,165.243,828.305,0.9959999918937683
5252,779.807,1682.25,0.9980000257492065,811.47,1726.506,0.9829999804496765,811.319,1748.547,0.5220000147819519,811.338,1755.97,0.0689999982714653,165.423,828.523,0.9980000257492065
5253,783.704,1682.25,0.9980000257492065,811.47,1727.642,0.8880000114440918,811.429,1748.429,0.4059999883174896,810.889,1755.838,0.4690000116825104,165.423,828.726,0.9950000047683716
5254,787.031,1674.956,0.9950000047683716,811.47,1728.378,0.8899999856948853,811.429,1748.348,0.49000000953674316,810.889,1755.838,0.26499998569488525,165.423,833.66,0.9900000095367432
5255,788.918,1674.942,0.996999979019165,810.043,1728.327,0.968999981880188,811.412,1748.429,0.5289999842643738,810.888,1755.838,0.24899999797344208,165.6,833.66,0.9980000257492065
5256,789.844,1674.539,0.9929999709129333,810.032,1728.327,0.9929999709129333,811.401,1748.429,0.5249999761581421,810.888,1755.838,0.13699999451637268,165.88,833.942,0.9980000257492065
5257,795.68,1674.454,0.9919999837875366,810.002,1727.642,0.9919999837875366,811.401,1748.348,0.38100001215934753,810.63,1755.681,0.36500000953674316,165.6,834.002,0.9990000128746033
5258,796.368,1674.454,0.9940000176429749,809.084,1726.931,0.9959999918937683,811.381,1740.251,0.8460000157356262,810.134,1754.581,0.9359999895095825,164.772,834.12,0.9990000128746033
5259,796.398,1674.454,0.9980000257492065,806.325,1725.939,0.9980000257492065,811.381,1740.135,0.9309999942779541,810.121,1754.423,0.9089999794960022,165.88,834.55,0.9980000257492065
5260,797.416,1675.389,0.9929999709129333,805.218,1725.485,0.9769999980926514,811.374,1739.849,0.6850000023841858,810.121,1750.582,0.972000002861023,805.109,1766.663,0.9980000257492065
5261,797.526,1675.551,0.9879999756813049,805.218,1725.327,0.9539999961853027,811.346,1739.82,0.39500001072883606,810.121,1750.352,0.9399999976158142,811.638,1764.233,0.9980000257492065
5262,799.29,1683.024,0.9959999918937683,804.916,1724.995,0.9739999771118164,811.346,1739.788,0.44600000977516174,810.29,1750.326,0.8299999833106995,811.715,1765.72,0.9980000257492065
5263,799.29,1683.125,0.9919999837875366,804.916,1724.995,0.9449999928474426,811.346,1739.788,0.382999986410141,810.374,1750.326,0.7990000247955322,811.715,1766.663,0.9990000128746033
5264,799.29,1683.125,0.996999979019165,804.618,1724.954,0.9240000247955322,811.324,1739.788,0.3889999985694885,810.374,1750.089,0.8489999771118164,811.638,1766.663,0.9990000128746033
5265,799.049,1683.024,0.9959999918937683,804.618,1724.954,0.9449999928474426,811.324,1739.788,0.5360000133514404,810.29,1750.089,0.9079999923706055,806.509,1771.034,0.996999979019165
5266,798.628,1682.675,0.9980000257492065,804.333,1724.995,0.8899999856948853,811.324,1739.851,0.5090000033378601,810.374,1753.498,0.9470000267028809,806.488,1771.034,0.9990000128746033
5267,797.59,1682.462,0.9980000257492065,804.333,1725.104,0.8930000066757202,811.461,1739.86,0.2720000147819519,810.382,1753.651,0.9190000295639038,805.972,1771.034,0.9990000128746033
5268,794.571,1682.462,0.996999979019165,804.333,1725.745,0.9169999957084656,811.491,1747.713,0.18299999833106995,,,,163.92,834.123,0.9929999709129333
5269,794.571,1682.084,0.9980000257492065,804.12,1729.617,0.9629999995231628,811.527,1748.036,0.37299999594688416,810.866,1755.7,0.0560000017285347,163.92,833.913,0.9959999918937683
5270,794.489,1681.511,0.9990000128746033,803.967,1731.088,0.9539999961853027,811.643,1748.13,0.7519999742507935,811.023,1755.833,0.09099999815225601,163.92,833.913,0.9919999837875366
5271,793.421,1682.084,0.9950000047683716,803.095,1731.113,0.8999999761581421,811.643,1748.756,0.640999972820282,811.026,1755.974,0.31200000643730164,163.92,833.913,0.9810000061988831
5272,786.721,1682.539,0.996999979019165,802.753,1731.66,0.890999972820282,811.643,1749.243,0.8220000267028809,811.12,1756.693,0.30399999022483826,164.078,834.641,0.9660000205039978
5273,786.232,1682.539,0.9980000257492065,802.753,1731.113,0.9549999833106995,811.574,1755.823,0.48100000619888306,,,,164.078,834.675,0.9810000061988831
5274,782.962,1684.965,0.9959999918937683,802.681,1741.87,0.9810000061988831,811.574,1755.966,0.7179999947547913,,,,163.673,834.688,0.9869999885559082
5275,781.669,1685.115,0.9980000257492065,801.877,1742.222,0.9539999961853027,811.574,1755.966,0.609000027179718,,,,163.499,834.688,0.9879999756813049
5276,778.148,1685.16,0.9990000128746033,796.581,1742.222,0.8600000143051147,819.62,1756.229,0.3479999899864197,,,,163.141,834.675,0.9879999756813049
5277,772.146,1690.987,0.9950000047683716,796.581,1745.624,0.9190000295639038,916.906,1756.33,0.17100000381469727,,,,163.141,834.675,0.984000027179718
5278,771.699,1700.341,0.9990000128746033,796.581,1756.314,0.7250000238418579,,,,,,,163.141,834.3,0.9879999756813049
5279,768.574,1701.597,0.9980000257492065,915.005,1756.314,0.1120000034570694,,,,,,,164.863,827.981,0.9860000014305115
5280,768.208,1701.672,0.9980000257492065,915.005,1763.356,0.492000013589859,,,,,,,172.015,827.976,0.9929999709129333
5281,768.205,1701.825,0.996999979019165,915.094,1763.356,0.2770000100135803,,,,,,,172.102,827.901,0.9599999785423279
5282,765.341,1706.786,0.9959999918937683,915.005,1763.631,0.1679999977350235,,,,,,,172.105,827.75,0.9700000286102295
5283,765.097,1706.786,0.9959999918937683,907.801,1764.131,0.4020000100135803,,,,,,,172.239,827.838,0.9819999933242798
5284,765.097,1706.786,0.9950000047683716,907.801,1764.131,0.13600000739097595,,,,,,,172.105,827.838,0.9649999737739563
5285,765.285,1706.695,0.9940000176429749,914.591,1763.974,0.2029999941587448,,,,,,,172.102,827.838,0.9739999771118164
5286,765.341,1706.612,0.9940000176429749,914.591,1763.974,0.4959999918937683,,,,,,,164.271,834.228,0.9869999885559082
5287,765.377,1706.361,0.996999979019165,914.591,1763.586,0.3630000054836273,,,,,,,164.271,834.228,0.9860000014305115
5288,765.474,1706.34,0.9959999918937683,914.754,1763.492,0.33799999952316284,,,,,,,164.087,834.655,0.9700000286102295
5289,768.888,1702.717,0.9990000128746033,914.856,1763.492,0.5270000100135803,,,,,,,163.778,834.228,0.9850000143051147
5290,768.888,1702.717,0.9980000257492065,914.754,1763.492,0.40799999237060547,,,,,,,163.778,834.228,0.9810000061988831
5291,769.268,1702.717,0.9980000257492065,914.493,1764.115,0.13500000536441803,,,,,,,163.519,834.975,0.9940000176429749
5292,769.302,1702.977,0.9959999918937683,899.584,1764.115,0.09399999678134918,,,,,,,163.519,834.975,0.9890000224113464
5293,770.59,1703.31,0.9980000257492065,899.1,1764.115,0.2879999876022339,,,,,,,163.778,834.686,0.9919999837875366
5294,771.602,1704.408,0.9980000257492065,899.1,1763.69,0.25999999046325684,,,,,,,164.029,834.686,0.9860000014305115
5295,771.725,1704.408,0.9950000047683716,899.1,1763.203,0.42500001192092896,,,,,,,165.125,828.051,0.9670000076293945
5296,772.898,1704.963,0.9980000257492065,899.298,1763.203,0.5400000214576721,,,,,,,165.125,828.051,0.9639999866485596
5297,772.898,1707.927,0.9990000128746033,899.298,1763.203,0.7250000238418579,,,,,,,165.125,828.051,0.9909999966621399
5298,883.437,1786.702,0.9980000257492065,899.298,1763.286,0.6309999823570251,,,,,,,165.125,828.051,0.9829999804496765
5299,883.437,1786.702,0.984000027179718,899.243,1763.963,0.8519999980926514,,,,,,,165.125,828.051,0.9940000176429749
5300,770.335,1713.152,0.9959999918937683,899.243,1763.963,0.9430000185966492,,,,,,,164.243,828.421,0.9940000176429749
5301,769.751,1713.152,0.9909999966621399,899.057,1763.963,0.9269999861717224,,,,,,,164.316,833.992,0.9929999709129333
5302,766.543,1715.065,0.9909999966621399,899.057,1763.71,0.8579999804496765,,,,,,,164.316,834.608,0.9909999966621399
5303,765.971,1714.947,0.996999979019165,899.057,1763.686,0.8339999914169312,,,,,,,164.01,834.735,0.9940000176429749
5304,765.971,1715.065,0.9990000128746033,899.257,1763.251,0.9559999704360962,,,,,,,164.01,835.247,0.9919999837875366
5305,765.971,1715.561,0.9990000128746033,899.257,1763.251,0.953000009059906,,,,,,,164.316,835.247,0.996999979019165
5306,766.134,1715.781,0.9940000176429749,899.257,1763.193,0.9670000076293945,,,,,,,164.771,835.247,0.996999979019165
5307,766.134,1716.003,0.9890000224113464,899.287,1763.17,0.972000002861023,,,,,,,164.771,835.252,0.984000027179718
5308,766.134,1716.003,0.9539999961853027,899.287,1762.971,0.984000027179718,,,,,,,164.771,835.252,0.9950000047683716
5309,765.694,1715.781,0.996999979019165,900.606,1758.454,0.9919999837875366,,,,,,,164.561,835.252,0.9980000257492065
5310,765.532,1715.652,0.9980000257492065,900.705,1758.329,0.9819999933242798,,,,,,,164.13,835.458,0.9959999918937683
5311,765.532,1715.574,0.9990000128746033,901.654,1758.224,0.9829999804496765,,,,,,,163.967,835.674,0.9980000257492065
5312,765.532,1715.446,0.9980000257492065,900.705,1758.329,0.9900000095367432,,,,,,,163.61,835.799,0.9869999885559082
5313,766.311,1714.876,0.9879999756813049,900.705,1758.329,0.9769999980926514,,,,,,,163.61,836.001,0.9869999885559082
5314,770.484,1709.034,0.984000027179718,900.705,1758.644,0.972000002861023,,,,,,,163.61,836.162,0.9879999756813049
5315,772.038,1708.552,0.9850000143051147,899.708,1759.099,0.9869999885559082,,,,,,,163.952,836.485,0.996999979019165
5316,774.931,1708.047,0.9959999918937683,899.403,1762.737,0.9440000057220459,,,,,,,163.952,836.513,0.9980000257492065
5317,774.931,1707.943,0.996999979019165,899.708,1759.099,0.9760000109672546,,,,,,,164.387,836.513,0.9980000257492065
5318,774.931,1707.815,0.9990000128746033,899.268,1758.644,0.9340000152587891,,,,,,,164.539,836.513,0.9959999918937683
5319,774.204,1707.943,0.9990000128746033,898.182,1757.744,0.9430000185966492,,,,,,,164.926,835.892,0.9950000047683716
5320,774.204,1708.047,0.9990000128746033,898.182,1757.363,0.9900000095367432,,,,,,,164.539,835.453,0.9909999966621399
5321,774.204,1707.943,0.9990000128746033,900.071,1749.487,0.9700000286102295,,,,,,,164.539,835.284,0.9950000047683716
5322,780.723,1707.764,0.9980000257492065,900.561,1749.487,0.9589999914169312,,,,,,,164.285,835.103,0.996999979019165
5323,787.04,1704.05,0.9990000128746033,900.561,1749.487,0.9490000009536743,,,,,,,163.959,835.11,0.9890000224113464
5324,790.686,1703.863,0.9990000128746033,900.561,1753.307,0.777999997138977,,,,,,,163.956,835.103,0.9950000047683716
5325,794.983,1699.959,1.0,821.089,1749.487,0.7110000252723694,,,,,,,163.956,834.652,0.9919999837875366
5326,796.051,1699.638,0.9990000128746033,821.089,1749.885,0.9549999833106995,,,,,,,163.959,833.923,0.9869999885559082
5327,797.333,1698.962,0.9990000128746033,821.089,1749.885,0.9750000238418579,,,,,,,164.702,828.644,0.9739999771118164
5328,798.033,1698.921,0.9959999918937683,825.761,1753.307,0.9779999852180481,,,,,,,171.957,828.644,0.9700000286102295
5329,802.308,1698.759,0.9950000047683716,826.31,1749.885,0.9829999804496765,,,,,,,171.957,828.644,0.9670000076293945
5330,803.414,1698.759,0.9990000128746033,826.76,1753.386,0.9660000205039978,,,,,,,171.957,828.752,0.9800000190734863
5331,804.255,1698.603,0.9980000257492065,897.801,1762.746,0.8989999890327454,,,,,,,165.456,834.167,0.9860000014305115
5332,804.255,1697.185,0.9990000128746033,897.801,1763.935,0.9629999995231628,,,,,,,165.456,834.497,0.9739999771118164
5333,804.255,1692.261,0.9990000128746033,897.801,1763.935,0.6489999890327454,,,,,,,165.456,834.497,0.9789999723434448
5334,803.218,1691.988,0.9990000128746033,897.801,1763.935,0.4059999883174896,,,,,,,165.456,834.167,0.9879999756813049
5335,803.218,1691.266,0.9990000128746033,827.119,1748.307,0.3779999911785126,,,,,,,165.456,827.555,0.9570000171661377
5336,803.218,1690.533,0.9990000128746033,827.119,1748.081,0.3100000023841858,,,,,,,164.995,827.468,0.9810000061988831
5337,804.171,1690.302,0.9990000128746033,827.119,1741.054,0.6079999804496765,,,,,,,164.995,827.468,0.9850000143051147
5338,804.368,1689.526,1.0,827.179,1740.642,0.8889999985694885,,,,,,,164.995,827.555,0.9929999709129333
5339,806.212,1686.698,0.9990000128746033,827.179,1730.401,0.8230000138282776,,,,,,,836.791,1764.845,0.9959999918937683
5340,806.257,1686.65,1.0,827.219,1730.401,0.8610000014305115,,,,,,,837.105,1764.845,0.9980000257492065
5341,807.354,1686.495,1.0,827.219,1728.741,0.8009999990463257,,,,842.964,1755.432,0.03400000184774399,837.105,1764.845,0.9990000128746033
5342,809.962,1685.932,1.0,827.219,1725.433,0.8299999833106995,,,,843.23,1755.511,0.0430000014603138,837.208,1762.559,0.996999979019165
5343,810.345,1682.701,0.9990000128746033,827.203,1725.318,0.9729999899864197,,,,,,,837.105,1761.579,0.9909999966621399
5344,810.345,1681.625,0.9990000128746033,827.203,1724.941,0.8429999947547913,,,,,,,837.095,1761.228,0.9990000128746033
5345,810.345,1677.509,0.996999979019165,827.111,1724.941,0.7360000014305115,,,,,,,837.095,1761.228,0.9990000128746033
5346,806.991,1676.536,0.9980000257492065,827.111,1724.941,0.8069999814033508,,,,,,,837.4,1761.579,0.9950000047683716
5347,806.887,1675.938,0.9990000128746033,827.12,1724.949,0.6499999761581421,,,,,,,837.405,1761.873,0.9950000047683716
5348,806.569,1675.67,0.9990000128746033,827.116,1724.949,0.8569999933242798,,,,,,,843.229,1762.264,0.9990000128746033
5349,805.486,1675.3,0.9990000128746033,827.12,1724.949,0.9290000200271606,,,,,,,843.782,1762.632,0.9980000257492065
5350,805.326,1674.178,0.9990000128746033,827.272,1724.29,0.9729999899864197,,,,,,,844.169,1762.652,0.996999979019165
5351,804.63,1673.829,0.9990000128746033,827.487,1724.29,0.8859999775886536,,,,843.857,1740.978,0.02199999988079071,844.472,1762.833,0.9990000128746033
5352,804.105,1673.381,0.9990000128746033,827.487,1723.783,0.9589999914169312,843.601,1740.144,0.050999999046325684,851.768,1748.483,0.1120000034570694,844.472,1762.833,0.9980000257492065
5353,802.367,1669.1,0.9980000257492065,827.843,1724.29,0.9589999914169312,,,,,,,844.472,1762.632,0.9959999918937683
5354,801.718,1668.177,0.9990000128746033,827.487,1716.836,0.40299999713897705,,,,,,,844.472,1763.107,0.996999979019165
5355,801.718,1662.13,0.9909999966621399,827.337,1715.527,0.7910000085830688,,,,,,,844.472,1762.166,0.9940000176429749
5356,801.718,1661.891,0.996999979019165,827.337,1715.47,0.574999988079071,,,,843.091,1741.134,0.039000000804662704,844.625,1762.166,0.9959999918937683
5357,803.209,1661.093,0.9959999918937683,827.843,1708.693,0.8309999704360962,,,,843.87,1741.134,0.17599999904632568,845.718,1762.166,0.9980000257492065
5358,803.209,1660.992,1.0,834.893,1708.107,0.925000011920929,836.075,1739.874,0.03500000014901161,843.87,1741.134,0.35100001096725464,845.718,1762.166,0.996999979019165
5359,803.209,1658.917,0.9990000128746033,835.277,1707.659,0.9160000085830688,,,,843.87,1741.134,0.3269999921321869,845.718,1761.195,0.9980000257492065
5360,802.134,1653.751,0.9990000128746033,837.399,1700.159,0.9559999704360962,843.703,1724.206,0.03700000047683716,844.017,1741.134,0.03700000047683716,845.09,1761.195,0.9980000257492065
5361,801.912,1649.532,0.9890000224113464,837.399,1693.686,0.9729999899864197,,,,,,,844.591,1761.195,0.9980000257492065
5362,801.912,1646.026,0.9760000109672546,837.399,1692.053,0.9570000171661377,843.612,1724.405,0.03200000151991844,835.96,1740.826,0.04699999839067459,844.348,1761.293,0.9980000257492065
5363,801.912,1645.309,0.9919999837875366,836.927,1683.255,0.9710000157356262,843.66,1724.442,0.027000000700354576,843.53,1740.826,0.03099999949336052,843.806,1761.293,0.9980000257492065
5364,802.505,1645.309,0.9990000128746033,836.927,1683.255,0.9940000176429749,,,,843.568,1740.826,0.029999999329447746,843.806,1761.293,0.9990000128746033
5365,812.614,1645.309,0.9929999709129333,836.927,1683.255,0.9980000257492065,,,,843.557,1740.471,0.04399999976158142,843.806,1760.686,0.9990000128746033
5366,813.108,1644.165,0.9909999966621399,837.299,1683.255,0.9959999918937683,,,,843.557,1740.446,0.04399999976158142,844.339,1760.686,0.9980000257492065
5367,813.108,1644.165,0.9539999961853027,837.449,1683.255,0.9850000143051147,,,,843.53,1740.446,0.035999998450279236,844.339,1760.686,0.9980000257492065
5368,813.108,1642.629,0.9869999885559082,838.044,1682.296,0.9950000047683716,836.341,1724.407,0.032999999821186066,843.557,1740.471,0.09300000220537186,844.339,1761.309,0.9980000257492065
5369,813.108,1636.943,0.9879999756813049,841.592,1682.156,0.9990000128746033,,,,843.557,1740.87,0.03400000184774399,843.61,1762.963,0.9990000128746033
5370,813.108,1635.642,0.9919999837875366,841.592,1682.156,0.9990000128746033,,,,,,,843.61,1762.963,0.9980000257492065
5371,813.377,1635.642,0.9900000095367432,841.592,1682.029,1.0,843.383,1708.13,0.03799999877810478,836.213,1740.533,0.22599999606609344,843.61,1762.963,1.0
5372,817.538,1635.642,0.9869999885559082,837.54,1682.156,0.9990000128746033,843.383,1708.13,0.061000000685453415,842.974,1740.533,0.06400000303983688,843.823,1762.731,0.9990000128746033
5373,826.758,1636.851,1.0,837.54,1682.934,0.9990000128746033,843.383,1708.47,0.734000027179718,843.403,1741.005,0.49399998784065247,843.986,1762.731,0.9980000257492065
5374,828.41,1637.673,0.9990000128746033,836.949,1692.944,0.9810000061988831,843.374,1708.47,0.9490000009536743,842.974,1741.005,0.9319999814033508,843.986,1762.476,0.9990000128746033
5375,828.41,1650.476,0.9990000128746033,836.505,1699.905,0.9990000128746033,843.374,1714.371,0.9020000100135803,842.839,1741.005,0.7459999918937683,843.823,1762.731,0.9980000257492065
5376,828.796,1650.476,0.9990000128746033,836.579,1699.905,0.9990000128746033,843.374,1714.894,0.3889999985694885,843.403,1741.136,0.18799999356269836,838.333,1762.72,0.996999979019165
5377,828.41,1650.476,0.996999979019165,836.949,1699.905,0.996999979019165,843.374,1714.894,0.3160000145435333,842.839,1741.301,0.41600000858306885,838.108,1762.72,1.0
5378,828.41,1649.316,0.9850000143051147,836.949,1699.167,0.996999979019165,843.374,1715.068,0.24799999594688416,842.839,1741.301,0.17800000309944153,163.351,834.796,1.0
5379,828.374,1649.316,0.9860000014305115,838.055,1697.853,0.9980000257492065,843.437,1724.326,0.699999988079071,843.31,1741.301,0.5830000042915344,838.108,1760.602,0.9990000128746033
5380,828.107,1646.969,0.9980000257492065,841.299,1697.853,0.9990000128746033,843.419,1724.338,0.5690000057220459,843.31,1740.92,0.7400000095367432,838.108,1760.602,0.9990000128746033
5381,827.007,1646.969,0.9950000047683716,841.668,1697.083,0.9990000128746033,843.419,1724.338,0.29899999499320984,836.384,1740.835,0.49399998784065247,844.07,1760.602,0.9990000128746033
5382,826.578,1646.969,0.9990000128746033,842.319,1696.133,0.996999979019165,843.437,1724.338,0.19900000095367432,843.31,1740.664,0.3569999933242798,844.07,1760.621,0.9980000257492065
5383,818.454,1643.485,0.9610000252723694,842.739,1690.896,0.9940000176429749,843.491,1714.66,0.10899999737739563,843.322,1740.529,0.4740000069141388,844.209,1761.51,0.9990000128746033
5384,813.912,1621.975,0.9900000095367432,843.138,1683.128,0.9980000257492065,843.569,1708.639,0.46799999475479126,843.377,1740.664,0.6880000233650208,844.07,1762.507,0.9990000128746033
5385,813.912,1621.561,0.984000027179718,843.266,1681.877,0.9980000257492065,843.6,1708.639,0.6299999952316284,843.415,1740.549,0.6470000147819519,844.07,1762.85,0.9990000128746033
5386,813.912,1620.856,0.9980000257492065,843.266,1675.028,0.9990000128746033,843.6,1708.585,0.5260000228881836,843.415,1740.246,0.4020000100135803,843.961,1763.434,0.9980000257492065
5387,815.621,1620.856,0.9980000257492065,843.319,1675.028,0.9990000128746033,843.569,1708.585,0.20900000631809235,843.664,1740.16,0.21699999272823334,843.318,1763.51,0.9980000257492065
5388,820.083,1621.975,0.9980000257492065,843.51,1675.028,0.9950000047683716,843.569,1708.211,0.29100000858306885,843.664,1740.106,0.05400000140070915,843.148,1763.51,0.9980000257492065
5389,827.897,1628.296,0.9559999704360962,843.848,1682.043,0.9990000128746033,843.618,1708.211,0.9020000100135803,843.524,1733.244,0.4620000123977661,843.128,1762.85,0.9980000257492065
5390,827.897,1628.296,0.9340000152587891,848.231,1682.043,0.996999979019165,843.595,1708.211,0.5540000200271606,843.524,1733.244,0.6370000243186951,837.73,1762.502,0.9990000128746033
5391,828.223,1628.296,0.9800000190734863,848.231,1682.043,0.9980000257492065,843.535,1708.211,0.1080000028014183,843.664,1740.106,0.03099999949336052,836.87,1762.488,0.9990000128746033
5392,827.897,1618.678,0.9940000176429749,843.538,1675.628,0.9980000257492065,843.595,1708.152,0.052000001072883606,,,,836.418,1761.477,0.9990000128746033
5393,827.897,1618.678,0.902999997138977,844.207,1673.376,0.9559999704360962,843.629,1708.364,0.05000000074505806,339.76,1915.934,0.0860000029206276,834.962,1761.237,0.9990000128746033
5394,828.223,1618.678,0.9940000176429749,844.207,1673.376,0.9179999828338623,843.891,1708.364,0.029999999329447746,,,,834.794,1761.169,0.9990000128746033
5395,829.717,1619.429,0.9480000138282776,844.207,1675.628,0.35899999737739563,,,,,,,834.794,1761.237,0.9980000257492065
5396,,,,,,,,,,,,,834.794,1761.237,0.996999979019165
5397,,,,,,,,,,,,,843.458,1762.597,0.9990000128746033
5398,892.018,1756.003,0.07599999755620956,,,,,,,0.0,0.0,0.03999999910593033,843.458,1762.597,0.9980000257492065
5399,,,,,,,,,,0.0,0.0,0.15199999511241913,843.458,1762.597,0.9980000257492065
